--------- beginning of main
10-21 17:13:20.404 12017 12017 D AndroidRuntime: >>>>>> START com.android.internal.os.RuntimeInit uid 0 <<<<<<
10-21 17:13:20.414 12017 12017 I AndroidRuntime: Using default boot image
10-21 17:13:20.414 12017 12017 I AndroidRuntime: Leaving lock profiling enabled
10-21 17:13:20.417 12017 12017 I app_process: Core platform API reporting enabled by runtime option
10-21 17:13:20.418 12017 12017 I app_process: Using CollectorTypeCMC GC.
10-21 17:13:20.538 12017 12017 D nativeloader: InitDefaultPublicLibraries for_preload=1: libandroid.so:libaaudio.so:libamidi.so:libbinder_ndk.so:libc.so:libcamera2ndk.so:libdl.so:libEGL.so:libGLESv1_CM.so:libGLESv2.so:libGLESv3.so:libicu.so:libicui18n.so:libicuuc.so:libjnigraphics.so:liblog.so:libmediandk.so:libm.so:libnativehelper.so:libnativewindow.so:libOpenMAXAL.so:libOpenSLES.so:libRS.so:libstdc++.so:libsync.so:libvulkan.so:libwebviewchromium_plat_support.so:libz.so
10-21 17:13:20.565 12017 12017 D nativeloader: Load libicu_jni.so using APEX ns com_android_art for caller /apex/com.android.art/javalib/core-oj.jar: ok
10-21 17:13:20.567 12017 12017 D app_process: u_setTimeZoneFilesDirectory("/apex/com.android.tzdata/etc/tz/versioned/9/icu") succeeded. 
10-21 17:13:20.567 12017 12017 D app_process: I18n APEX ICU file found: /apex/com.android.i18n/etc/icu/icudt76l.dat
10-21 17:13:20.571 12017 12017 D nativeloader: Load libjavacore.so using APEX ns com_android_art for caller /apex/com.android.art/javalib/core-oj.jar: ok
10-21 17:13:20.572 12017 12017 D nativeloader: Load libopenjdk.so using APEX ns com_android_art for caller /apex/com.android.art/javalib/core-oj.jar: ok
10-21 17:13:20.575 12017 12017 I app_process: Priority-to-niceness mapping: 19, 16, 13, 10, 0, -2, -4, -5, -6, -8
10-21 17:13:20.575 12017 12017 W app_process: Unexpected CPU variant for x86: x86_64.
10-21 17:13:20.575 12017 12017 W app_process: Known variants: atom, sandybridge, silvermont, goldmont, goldmont-plus, goldmont-without-sha-xsaves, tremont, kabylake, alderlake, default
10-21 17:13:20.631 12017 12017 D nativeloader: Load libframework-connectivity-tiramisu-jni.so using APEX ns com_android_tethering for caller /apex/com.android.tethering/javalib/framework-connectivity-t.jar: ok
10-21 17:13:20.632 12017 12017 D AndroidRuntime: Calling main entry com.android.commands.monkey.Monkey
10-21 17:13:20.633 12017 12017 D nativeloader: Load /system/lib64/libmonkey_jni.so using ns default for caller /system/framework/monkey.jar in same partition (is_bridged=0): ok
10-21 17:13:20.633 12017 12017 W Monkey  : args: [-p, com.google.android.youtube, -c, android.intent.category.LAUNCHER, 1]
10-21 17:13:20.639 12017 12017 I AconfigPackage: android.media.swcodec.flags is mapped to com.android.media.swcodec
10-21 17:13:20.639 12017 12017 I AconfigPackage: com.android.permission.flags is mapped to com.android.permission
10-21 17:13:20.639 12017 12017 I AconfigPackage: com.android.permissioncontroller.flags is mapped to com.android.permission
10-21 17:13:20.639 12017 12017 I AconfigPackage: com.android.icu is mapped to com.android.i18n
10-21 17:13:20.640 12017 12017 I AconfigPackage: com.android.appsearch.flags is mapped to com.android.appsearch
10-21 17:13:20.640 12017 12017 I AconfigPackage: android.uprobestats.mainline.flags is mapped to com.android.uprobestats
10-21 17:13:20.640 12017 12017 I AconfigPackage: com.android.crashrecovery.flags is mapped to com.android.crashrecovery
10-21 17:13:20.641 12017 12017 I AconfigPackage: android.provider.flags is mapped to com.android.configinfrastructure
10-21 17:13:20.641 12017 12017 I AconfigPackage: com.android.server.deviceconfig is mapped to com.android.configinfrastructure
10-21 17:13:20.641 12017 12017 I AconfigPackage: com.android.compos.flags is mapped to com.android.compos
10-21 17:13:20.641 12017 12017 I AconfigPackage: com.android.art.flags is mapped to com.android.art
10-21 17:13:20.641 12017 12017 I AconfigPackage: com.android.art.rw.flags is mapped to com.android.art
10-21 17:13:20.641 12017 12017 I AconfigPackage: com.android.libcore is mapped to com.android.art
10-21 17:13:20.641 12017 12017 I AconfigPackage: com.android.telephony.flags is mapped to com.android.telephonycore
10-21 17:13:20.641 12017 12017 I AconfigPackage: com.android.media.extractor.flags is mapped to com.android.media
10-21 17:13:20.641 12017 12017 I AconfigPackage: com.android.media.mainline.flags is mapped to com.android.media
10-21 17:13:20.642 12017 12017 I AconfigPackage: com.android.wifi.flags is mapped to com.android.wifi
10-21 17:13:20.642 12017 12017 I AconfigPackage: com.android.org.conscrypt.flags is mapped to com.android.conscrypt
10-21 17:13:20.642 12017 12017 I AconfigPackage: com.android.org.conscrypt.net.flags is mapped to com.android.conscrypt
10-21 17:13:20.642 12017 12017 I AconfigPackage: com.android.healthfitness.flags is mapped to com.android.healthfitness
10-21 17:13:20.642 12017 12017 I AconfigPackage: com.android.ipsec.flags is mapped to com.android.ipsec
10-21 17:13:20.643 12017 12017 I AconfigPackage: com.android.nfc.module.flags is mapped to com.android.nfcservices
10-21 17:13:20.643 12017 12017 I AconfigPackage: com.android.adservices.ondevicepersonalization.flags is mapped to com.android.ondevicepersonalization
10-21 17:13:20.643 12017 12017 I AconfigPackage: com.android.adbd.flags is mapped to com.android.adbd
10-21 17:13:20.643 12017 12017 I AconfigPackage: com.android.bluetooth.flags is mapped to com.android.bt
10-21 17:13:20.644 12017 12017 I AconfigPackage: com.android.devicelock.flags is mapped to com.android.devicelock
10-21 17:13:20.644 12017 12017 I AconfigPackage: android.os.profiling is mapped to com.android.profiling
10-21 17:13:20.644 12017 12017 I AconfigPackage: android.os.profiling.anomaly.flags is mapped to com.android.profiling
10-21 17:13:20.644 12017 12017 I AconfigPackage: com.android.os.statsd.flags is mapped to com.android.os.statsd
10-21 17:13:20.644 12017 12017 I AconfigPackage: com.android.rkpd.flags is mapped to com.android.rkpd
10-21 17:13:20.644 12017 12017 I AconfigPackage: com.android.cellbroadcastreceiver.flags is mapped to com.android.cellbroadcast
10-21 17:13:20.645 12017 12017 I AconfigPackage: com.android.adservices.flags is mapped to com.android.adservices
10-21 17:13:20.645 12017 12017 I AconfigPackage: com.android.sdksandbox.flags is mapped to com.android.adservices
10-21 17:13:20.645 12017 12017 I AconfigPackage: com.android.uwb.flags is mapped to com.android.uwb
10-21 17:13:20.645 12017 12017 I AconfigPackage: com.android.ranging.flags is mapped to com.android.uwb
10-21 17:13:20.645 12017 12017 I AconfigPackage: android.graphics.pdf.flags is mapped to com.android.mediaprovider
10-21 17:13:20.645 12017 12017 I AconfigPackage: com.android.providers.media.flags is mapped to com.android.mediaprovider
10-21 17:13:20.645 12017 12017 I AconfigPackage: android.graphics.pdf.flags.readonly is mapped to com.android.mediaprovider
10-21 17:13:20.646 12017 12017 I AconfigPackage: com.android.net.ct.flags is mapped to com.android.tethering
10-21 17:13:20.646 12017 12017 I AconfigPackage: com.android.tethering.mainline.beta is mapped to com.android.tethering
10-21 17:13:20.646 12017 12017 I AconfigPackage: com.android.net.flags is mapped to com.android.tethering
10-21 17:13:20.646 12017 12017 I AconfigPackage: com.android.nearby.flags is mapped to com.android.tethering
10-21 17:13:20.646 12017 12017 I AconfigPackage: android.net.vcn is mapped to com.android.tethering
10-21 17:13:20.646 12017 12017 I AconfigPackage: com.android.tethering.beta.test is mapped to com.android.tethering
10-21 17:13:20.646 12017 12017 I AconfigPackage: android.net.http is mapped to com.android.tethering
10-21 17:13:20.646 12017 12017 I AconfigPackage: com.android.net.thread.flags is mapped to com.android.tethering
10-21 17:13:20.646 12017 12017 I AconfigPackage: com.android.system.virtualmachine.flags is mapped to com.android.virt
10-21 17:13:20.646 12017 12017 E FeatureFlagsImplExport: android.os.flagging.AconfigStorageReadException: ERROR_PACKAGE_NOT_FOUND: package android.xr cannot be found on the device
--------- beginning of kernel
10-21 17:13:20.692     0     0 I input   : Monkey touch as /devices/virtual/input/input24
10-21 17:13:20.652 12017 12017 W Monkey  :  arg: "-p"
10-21 17:13:20.652 12017 12017 W Monkey  :  arg: "com.google.android.youtube"
10-21 17:13:20.652 12017 12017 W Monkey  :  arg: "-c"
10-21 17:13:20.652 12017 12017 W Monkey  :  arg: "android.intent.category.LAUNCHER"
10-21 17:13:20.652 12017 12017 W Monkey  :  arg: "1"
10-21 17:13:20.653 12017 12017 W Monkey  : data="com.google.android.youtube"
10-21 17:13:20.653 12017 12017 W Monkey  : data="android.intent.category.LAUNCHER"
10-21 17:13:20.656   767   898 D EventHub: No input device configuration file found for device 'Monkey touch'.
10-21 17:13:20.657   767   898 I EventHub: usingClockIoctl=true
10-21 17:13:20.657   767   898 I EventHub: New device: id=24, fd=668, path='/dev/input/event14', name='Monkey touch', classes=TOUCH | TOUCH_MT, configuration='', keyLayout='', keyCharacterMap='', builtinKeyboard=false, 
10-21 17:13:20.662   767   898 I InputReader: Device reconfigured: id=24, name='Monkey touch', size 1080x2400, orientation Rotation0, mode DIRECT, display id 0
10-21 17:13:20.662   767   898 I InputReader: Device added: id=24, eventHubId=24, name='Monkey touch', descriptor='e1fe28b90f915c7d1febbd52c1ef84b3c4cbed9f',sources=TOUCHSCREEN
--------- beginning of system
10-21 17:13:20.680   767   802 D WindowManager: Direct invocation of sendNewConfiguration: Display{#0 state=ON size=1080x2400 ROTATION_0}
10-21 17:13:20.684   767   802 W libbinder.IPCThreadState: Sending oneway calls to frozen process.
10-21 17:13:20.684   767  2032 W ActivityManager: registerReceiverWithFeature: no app for null
10-21 17:13:20.696   767  2032 W ActivityTaskManager: callingPackage for (uid=0, pid=12017) has no WPC
10-21 17:13:20.697   767  2032 V WindowManager: DesktopModeLaunchParamsModifier: phase= 0 task=null activity=null display-area-from-current-params=null display-area-from-default-fallback=DefaultTaskDisplayArea@155435942 display-id=0 task-display-area-windowing-mode=1 suggested-display-area=DefaultTaskDisplayArea@155435942 task null, skipping
10-21 17:13:20.697   767  2032 V WindowManager: TaskLaunchParamsModifier:phase=0 task=null activity=null display-area-from-current-params=null display-area-from-default-fallback=DefaultTaskDisplayArea@155435942 display-id=0 task-display-area-windowing-mode=1 suggested-display-area=DefaultTaskDisplayArea@155435942
10-21 17:13:20.699   767  2032 V GrammaticalInflectionUtils: AttributionSource: AttributionSource { uid = 10172, packageName = null, attributionTag = null, token = android.os.Binder@b9d83fb, deviceId = 0, next = null } does not have READ_SYSTEM_GRAMMATICAL_GENDER permission.
10-21 17:13:20.700   767  2032 V WindowManager: DesktopModeLaunchParamsModifier: phase= 0 task=null activity=ActivityRecord{140576595 u0 com.google.android.youtube/.app.honeycomb.Shell$HomeActivity display-area-from-current-params=null display-area-from-default-fallback=DefaultTaskDisplayArea@155435942 display-id=0 task-display-area-windowing-mode=1 suggested-display-area=DefaultTaskDisplayArea@155435942 task null, skipping
10-21 17:13:20.700   767  2032 V WindowManager: TaskLaunchParamsModifier:phase=0 task=null activity=ActivityRecord{140576595 u0 com.google.android.youtube/.app.honeycomb.Shell$HomeActivity t-1} display-area-from-current-params=null display-area-from-default-fallback=DefaultTaskDisplayArea@155435942 display-id=0 task-display-area-windowing-mode=1 suggested-display-area=DefaultTaskDisplayArea@155435942
10-21 17:13:20.701   767  2032 V WindowManager: DesktopModeLaunchParamsModifier: phase= 3 task=Task{5e5918d #43 type=standard A=10172:com.google.android.youtube} activity=ActivityRecord{140576595 u0 com.google.android.youtube/.app.honeycomb.Shell$HomeActivity t-1} display-from-task=0 display-id=0 task-display-area-windowing-mode=1 suggested-display-area=DefaultTaskDisplayArea@155435942 not entering desktop mode, skipping
10-21 17:13:20.701   767  2032 V WindowManager: TaskLaunchParamsModifier:phase=3 task=Task{5e5918d #43 type=standard A=10172:com.google.android.youtube} activity=ActivityRecord{140576595 u0 com.google.android.youtube/.app.honeycomb.Shell$HomeActivity t-1} display-from-task=0 display-id=0 task-display-area-windowing-mode=1 suggested-display-area=DefaultTaskDisplayArea@155435942 inherit-from-task=fullscreen non-freeform-task-display-area display-area=DefaultTaskDisplayArea@155435942 skip-bounds-fullscreen
10-21 17:13:20.701   767  2032 V WindowManager: DesktopModeLaunchParamsModifier: phase= 3 task=Task{5e5918d #43 type=standard A=10172:com.google.android.youtube} activity=ActivityRecord{140576595 u0 com.google.android.youtube/.app.honeycomb.Shell$HomeActivity t-1} display-from-task=0 display-id=0 task-display-area-windowing-mode=1 suggested-display-area=DefaultTaskDisplayArea@155435942 not entering desktop mode, skipping
10-21 17:13:20.701   767  2032 V WindowManager: TaskLaunchParamsModifier:phase=3 task=Task{5e5918d #43 type=standard A=10172:com.google.android.youtube} activity=ActivityRecord{140576595 u0 com.google.android.youtube/.app.honeycomb.Shell$HomeActivity t-1} display-from-task=0 display-id=0 task-display-area-windowing-mode=1 suggested-display-area=DefaultTaskDisplayArea@155435942 inherit-from-task=fullscreen non-freeform-task-display-area display-area=DefaultTaskDisplayArea@155435942 skip-bounds-fullscreen
10-21 17:13:20.703   767  2032 V SplashScreenExceptionList: SplashScreen checking exception for package com.google.android.youtube (target sdk:35) -> false
10-21 17:13:20.703   582   734 I libbinder.BpBinder: onLastStrongRef automatically unlinking death recipients for descriptor: '(not cached)'
10-21 17:13:20.705   767  2032 I ActivityTaskManager: START u0 {act=android.intent.action.MAIN cat=[android.intent.category.LAUNCHER] flg=0x10200000 cmp=com.google.android.youtube/.app.honeycomb.Shell$HomeActivity} with LAUNCH_SINGLE_TOP from uid 0 (BAL_ALLOW_ALLOWLISTED_UID) result code=2
10-21 17:13:20.705  1055  1178 V WindowManagerShell: Transition requested (#21): android.os.BinderProxy@3162990 TransitionRequestInfo { type = OPEN, triggerTask = TaskInfo{userId=0 taskId=43 effectiveUid=10172 displayId=0 isRunning=true baseIntent=Intent { act=android.intent.action.MAIN cat=[android.intent.category.LAUNCHER] flg=0x10200000 cmp=com.google.android.youtube/.app.honeycomb.Shell$HomeActivity } baseActivity=ComponentInfo{com.google.android.youtube/com.google.android.apps.youtube.app.watchwhile.MainActivity} topActivity=ComponentInfo{com.google.android.youtube/com.google.android.apps.youtube.app.watchwhile.MainActivity} origActivity=ComponentInfo{com.google.android.youtube/com.google.android.youtube.app.honeycomb.Shell$HomeActivity} realActivity=ComponentInfo{com.google.android.youtube/com.google.android.apps.youtube.app.watchwhile.MainActivity} numActivities=1 lastActiveTime=92718035 supportsMultiWindow=true resizeMode=2 isResizeable=true minWidth=-1 minHeight=-1 defaultMinSize=220 token=WCT{android.os.BinderProxy@916245} topActivityType=1 pictureInPictureParams=null shouldDockBigOverlays=false launchIntoPipHostTaskId=-1 lastParentTaskIdBeforePip=-1 displayCutoutSafeInsets=Rect(0, 0 - 0, 0) topActivityInfo=ActivityInfo{679c289 com.google.android.youtube.app.honeycomb.Shell$HomeActivity} launchCookies=[] positionInParent=Point(0, 0) parentTaskId=-1 isFocused=false isVisible=false isVisibleRequested=false isTopActivityNoDisplay=false isSleeping=false locusId=null displayAreaFeatureId=1 isTopActivityTransparent=false isActivityStackTransparent=false lastNonFullscreenBounds=null capturedLink=null capturedLinkTimestamp=0 requestedVisibleTypes=503 topActivityRequestOpenInBrowserEducationTimestamp=0 appCompatTaskInfo=AppCompatTaskInfo { topActivityInSizeCompat=false isLeafTask= true eligibleForLetterboxEducation= false isLetterboxEducationEnabled= true isLetterboxDoubleTapEnabled= false eligibleForUserAspectRatioButton= false topActivityBoundsLetterboxed= false isFromLetterboxDoubleTap= false topActivityLetterboxVerticalPosition= -1 topActivityLetterboxHorizontalPosition= -1 topActivityLetterboxWidth=-1 topActivityLetterboxHeight=-1 topActivityAppBounds=Rect(0, 0 - 1080, 2400) isUserFullscreenOverrideEnabled=false isSystemFullscreenOverrideEnabled=false hasMinAspectRatioOverride=false topActivityLetterboxBounds=null cameraCompatTaskInfo=CameraCompatTaskInfo { cameraCompatMode=inactiveundefined} topNonResizableActivityAspectRatio=-1.0} topActivityMainWindowFrame=null isAppBubble=false}, pipChange = null, remoteTransition = null, displayChange = null, requestedLocation = null, userChange = null, flags = 0, debugId = 21 }
10-21 17:13:20.705 12017 12017 I Monkey  : Events injected: 1
10-21 17:13:20.705  1055  1178 D ShellSplitScreen: logExit: no-op, mLoggerSessionId is null
10-21 17:13:20.707  1197  1197 D BaseActivity: Launcher flags updated: [state_started|state_resumed|state_deferred_resumed|state_window_focused] -[state_user_active]
10-21 17:13:20.708  1055  1178 D WindowManagerShell: setLauncherKeepClearAreaHeight: visible=false, height=495
10-21 17:13:20.708  1197  1197 D BaseActivity: Launcher flags updated: [state_started|state_window_focused] -[state_resumed|state_deferred_resumed]
10-21 17:13:20.708  1197  1197 W SplitSelectStateCtor: Missing session instanceIds
10-21 17:13:20.708  1197  1197 D StatsLog: LAUNCHER_SPLIT_SELECTION_EXIT_INTERRUPTED
10-21 17:13:20.712   767  1537 V WindowManager: Defer transition id=21 for TaskFragmentTransaction=android.os.Binder@a960589
10-21 17:13:20.713   767  1537 V WindowManager: deferTransitionReady deferReadyDepth=1 stack=com.android.server.wm.TransitionController.deferTransitionReady:1052 com.android.server.wm.TaskFragmentOrganizerController$TaskFragmentOrganizerState.dispatchTransaction:536 com.android.server.wm.TaskFragmentOrganizerController.dispatchPendingEvents:1278 com.android.server.wm.TaskFragmentOrganizerController.dispatchPendingEvents:1247 com.android.server.wm.RootWindowContainer.performSurfacePlacement:777 
10-21 17:13:20.714  1197  1197 D b/417220811: invalidateLoadedTasks - previous requestLoadId: -1
10-21 17:13:20.718   767  1537 V WindowManager: Continue transition id=21 for TaskFragmentTransaction=android.os.Binder@a960589
10-21 17:13:20.719   767  1537 V WindowManager: continueTransitionReady deferReadyDepth=0 stack=com.android.server.wm.TransitionController.continueTransitionReady:1062 com.android.server.wm.TaskFragmentOrganizerController$TaskFragmentOrganizerState.onTransactionFinished:565 com.android.server.wm.TaskFragmentOrganizerController.onTransactionHandled:759 android.window.ITaskFragmentOrganizerController$Stub.onTransact:225 android.os.Binder.execTransactInternal:1473 
10-21 17:13:20.719   767   802 V GrammaticalInflectionUtils: AttributionSource: AttributionSource { uid = 10172, packageName = null, attributionTag = null, token = android.os.Binder@b9d83fb, deviceId = 0, next = null } does not have READ_SYSTEM_GRAMMATICAL_GENDER permission.
10-21 17:13:20.721 12017 12017 I Monkey  : ## Network stats: elapsed time=28ms (0ms mobile, 0ms wifi, 28ms not connected)
10-21 17:13:20.722   767  1000 D BackgroundInstallControlService: Package event received: 0
10-21 17:13:20.723 12017 12017 I app_process: System.exit called, status: 0
10-21 17:13:20.723 12017 12017 I AndroidRuntime: VM exiting with result code 0.
10-21 17:13:20.723  1055  1178 D WindowManagerShell: onActivityRestartAttempt: topActivity=ComponentInfo{com.google.android.youtube/com.google.android.apps.youtube.app.watchwhile.MainActivity}, wasVisible=false
10-21 17:13:20.726   767  1000 D BackgroundInstallControlService: Package event received: 0
10-21 17:13:20.736   520   596 I netd    : tetherGetStats() -> {[]} <3.19ms>
10-21 17:13:20.739   628   737 W libbinder.IPCThreadState: Sending oneway calls to frozen process.
10-21 17:13:20.739   628   737 W libbinder.IPCThreadState: Sending oneway calls to frozen process.
10-21 17:13:20.739  1197  1197 D BaseActivity: Launcher flags updated: [state_started] -[state_window_focused]
10-21 17:13:20.741   522   522 D Zygote  : Forked child process 12029
10-21 17:13:20.743  1055  1286 D SplashScreenView: Build android.window.SplashScreenView{a8a39c1 V.E...... ......ID 0,0-0,0}
10-21 17:13:20.743  1055  1286 D SplashScreenView: Icon: view: null drawable: null size: 0
10-21 17:13:20.743  1055  1286 D SplashScreenView: Branding: view: android.view.View{6b99566 G.ED..... ......I. 0,0-0,0 #1020542 android:id/splashscreen_branding_view} drawable: null size w: 0 h: 0
10-21 17:13:20.748   767   810 I ActivityManager: Start proc 12029:com.google.android.youtube/u0a172 for next-top-activity {com.google.android.youtube/com.google.android.youtube.app.honeycomb.Shell$HomeActivity}
10-21 17:13:20.753   767   898 I EventHub: Removing device Monkey touch due to epoll hang-up event.
10-21 17:13:20.753   767   898 I EventHub: Removed device: path=/dev/input/event14 name=Monkey touch id=24 fd=668 classes=TOUCH | TOUCH_MT
10-21 17:13:20.753 12029 12029 I Zygote  : Process 12029 created for com.google.android.youtube
10-21 17:13:20.754 12029 12029 I android.youtube: Using CollectorTypeCMC GC.
10-21 17:13:20.754 12029 12029 W android.youtube: Unexpected CPU variant for x86: x86_64.
10-21 17:13:20.754 12029 12029 W android.youtube: Known variants: atom, sandybridge, silvermont, goldmont, goldmont-plus, goldmont-without-sha-xsaves, tremont, kabylake, alderlake, default
10-21 17:13:20.762  1055  1285 D WindowOnBackDispatcher: setTopOnBackInvokedCallback (unwrapped): android.view.ViewRootImpl$$ExternalSyntheticLambda12@40f16c0
10-21 17:13:20.762 12029 12029 D nativeloader: Load libframework-connectivity-tiramisu-jni.so using APEX ns com_android_tethering for caller /apex/com.android.tethering/javalib/framework-connectivity-t.jar: ok
10-21 17:13:20.764   767  1537 D CoreBackPreview: Window{321709a u0 Splash Screen com.google.android.youtube}: Setting back callback OnBackInvokedCallbackInfo{mCallback=android.window.IOnBackInvokedCallback$Stub$Proxy@78bdcc1, mPriority=0, mIsAnimationCallback=false, mOverrideBehavior=0}
10-21 17:13:20.776   767   898 I InputReader: Device removed: id=24, eventHubId=24, name='Monkey touch', descriptor='e1fe28b90f915c7d1febbd52c1ef84b3c4cbed9f', sources=TOUCHSCREEN
10-21 17:13:20.792   767   898 I EventHub: Removing device '/dev/input/event14' due to inotify event
10-21 17:13:20.797   767   802 W libbinder.IPCThreadState: Sending oneway calls to frozen process.
10-21 17:13:20.832  1055  1055 D NavigationModeController: getCurrentUserContext: contextUser=0 currentUser=0
10-21 17:13:20.835   767   799 V WindowManager: Sent Transition (#21) createdAt=10-21 17:13:20.700 via request=TransitionRequestInfo { type = OPEN, triggerTask = TaskInfo{userId=0 taskId=43 effectiveUid=10172 displayId=0 isRunning=true baseIntent=Intent { act=android.intent.action.MAIN cat=[android.intent.category.LAUNCHER] flg=0x10200000 cmp=com.google.android.youtube/.app.honeycomb.Shell$HomeActivity } baseActivity=ComponentInfo{com.google.android.youtube/com.google.android.apps.youtube.app.watchwhile.MainActivity} topActivity=ComponentInfo{com.google.android.youtube/com.google.android.apps.youtube.app.watchwhile.MainActivity} origActivity=ComponentInfo{com.google.android.youtube/com.google.android.youtube.app.honeycomb.Shell$HomeActivity} realActivity=ComponentInfo{com.google.android.youtube/com.google.android.apps.youtube.app.watchwhile.MainActivity} numActivities=1 lastActiveTime=92718035 supportsMultiWindow=true resizeMode=2 isResizeable=true minWidth=-1 minHeight=-1 defaultMinSize=220 token=WCT{RemoteToken{da27fa Task{5e5918d #43 type=standard A=10172:com.google.android.youtube}}} topActivityType=1 pictureInPictureParams=null shouldDockBigOverlays=false launchIntoPipHostTaskId=-1 lastParentTaskIdBeforePip=-1 displayCutoutSafeInsets=Rect(0, 0 - 0, 0) topActivityInfo=ActivityInfo{a6d61ab com.google.android.youtube.app.honeycomb.Shell$HomeActivity} launchCookies=[] positionInParent=Point(0, 0) parentTaskId=-1 isFocused=false isVisible=false isVisibleRequested=false isTopActivityNoDisplay=false isSleeping=false locusId=null displayAreaFeatureId=1 isTopActivityTransparent=false isActivityStackTransparent=false lastNonFullscreenBounds=null capturedLink=null capturedLinkTimestamp=0 requestedVisibleTypes=503 topActivityRequestOpenInBrowserEducationTimestamp=0 appCompatTaskInfo=AppCompatTaskInfo { topActivityInSizeCompat=false isLeafTask= true eligibleForLetterboxEducation= false isLetterboxEducationEnabled= true isLetterboxDoubleTapEnabled= false eligibleForUserAspectRatioButton= false topActivityBoundsLetterboxed= false isFromLetterboxDoubleTap= false topActivityLetterboxVerticalPosition= -1 topActivityLetterboxHorizontalPosition= -1 topActivityLetterboxWidth=-1 topActivityLetterboxHeight=-1 topActivityAppBounds=Rect(0, 0 - 1080, 2400) isUserFullscreenOverrideEnabled=false isSystemFullscreenOverrideEnabled=false hasMinAspectRatioOverride=false topActivityLetterboxBounds=null cameraCompatTaskInfo=CameraCompatTaskInfo { cameraCompatMode=inactiveundefined} topNonResizableActivityAspectRatio=-1.0} topActivityMainWindowFrame=null isAppBubble=false}, pipChange = null, remoteTransition = null, displayChange = null, requestedLocation = null, userChange = null, flags = 0, debugId = 21 }
10-21 17:13:20.835   767   799 V WindowManager:     startWCT=WindowContainerTransaction { changes= {} hops= [] errorCallbackToken=null taskFragmentOrganizer=null }
10-21 17:13:20.835   767   799 V WindowManager:     info={id=21 t=OPEN f=0x0 trk=0 r=[0@Point(0, 0)] c=[
10-21 17:13:20.835   767   799 V WindowManager:         {WCT{RemoteToken{da27fa Task{5e5918d #43 type=standard A=10172:com.google.android.youtube}}} m=TO_FRONT f=MOVE_TO_TOP leash=Surface(name=Task=43#122)/@0xf4c41ec sb=Rect(0, 0 - 1080, 2400) eb=Rect(0, 0 - 1080, 2400) epz=Point(1080, 2400) d=0 taskParent=-1 winMode=1 userId=0},
10-21 17:13:20.835   767   799 V WindowManager:         {WCT{RemoteToken{8fff7c7 Task{b32ba16 #1 type=home}}} m=TO_BACK f=SHOW_WALLPAPER leash=Surface(name=Task=1#44)/@0x4a8d665 sb=Rect(0, 0 - 1080, 2400) eb=Rect(0, 0 - 1080, 2400) epz=Point(1080, 2400) d=0 taskParent=-1 winMode=1 userId=0},
10-21 17:13:20.835   767   799 V WindowManager:         {m=TO_BACK f=IS_WALLPAPER leash=Surface(name=WallpaperWindowToken{610a901}#62)/@0x4dff35c sb=Rect(0, 0 - 1080, 2400) eb=Rect(0, 0 - 1080, 2400) epz=Point(1080, 2400) d=0}
10-21 17:13:20.835   767   799 V WindowManager:     ]}
10-21 17:13:20.852   767  1000 D BackgroundInstallControlService: Package event received: 0
10-21 17:13:20.856  1055  1814 V WindowManagerShell: onTransitionReady(transaction=3294239917775)
10-21 17:13:20.856  1055  1178 V WindowManagerShell: onTransitionReady (#21) android.os.BinderProxy@3162990: {id=21 t=OPEN f=0x0 trk=0 r=[0@Point(0, 0)] c=[
10-21 17:13:20.856  1055  1178 V WindowManagerShell:         {m=TO_FRONT f=MOVE_TO_TOP leash=Surface(name=Task=43#122)/@0xd1914bb sb=Rect(0, 0 - 1080, 2400) eb=Rect(0, 0 - 1080, 2400) epz=Point(1080, 2400) d=0 taskParent=-1 winMode=1 userId=0},
10-21 17:13:20.856  1055  1178 V WindowManagerShell:         {m=TO_BACK f=SHOW_WALLPAPER leash=Surface(name=Task=1#44)/@0xba0fdd8 sb=Rect(0, 0 - 1080, 2400) eb=Rect(0, 0 - 1080, 2400) epz=Point(1080, 2400) d=0 taskParent=-1 winMode=1 userId=0},
10-21 17:13:20.856  1055  1178 V WindowManagerShell:         {m=TO_BACK f=IS_WALLPAPER leash=Surface(name=WallpaperWindowToken{610a901}#62)/@0xdf41531 sb=Rect(0, 0 - 1080, 2400) eb=Rect(0, 0 - 1080, 2400) epz=Point(1080, 2400) d=0}
10-21 17:13:20.856  1055  1178 V WindowManagerShell:     ]}
10-21 17:13:20.857  1055  1178 V WindowManagerShell: Playing animation for (#21) android.os.BinderProxy@3162990@0
10-21 17:13:20.857  1055  1178 V ShellRecents: RecentsTransitionHandler.startAnimation: no controller found
10-21 17:13:20.857  1055  1178 V WindowManagerShell: Transition doesn't have explicit remote, search filters for match for {id=21 t=OPEN f=0x0 trk=0 r=[0@Point(0, 0)] c=[{m=TO_FRONT f=MOVE_TO_TOP leash=Surface(name=Task=43#122)/@0xd1914bb sb=Rect(0, 0 - 1080, 2400) eb=Rect(0, 0 - 1080, 2400) epz=Point(1080, 2400) d=0 taskParent=-1 winMode=1 userId=0},{m=TO_BACK f=SHOW_WALLPAPER leash=Surface(name=Task=1#44)/@0xba0fdd8 sb=Rect(0, 0 - 1080, 2400) eb=Rect(0, 0 - 1080, 2400) epz=Point(1080, 2400) d=0 taskParent=-1 winMode=1 userId=0},{m=TO_BACK f=IS_WALLPAPER leash=Surface(name=WallpaperWindowToken{610a901}#62)/@0xdf41531 sb=Rect(0, 0 - 1080, 2400) eb=Rect(0, 0 - 1080, 2400) epz=Point(1080, 2400) d=0}]}
10-21 17:13:20.858  1055  1178 V WindowManagerShell:  Checking filter Pair{{types=[] flags=0x0] notFlags=0x0 checks=[{atype=undefined independent=true modes=[CLOSE,TO_BACK] flags=IN_TASK_WITH_EMBEDDED_ACTIVITY mustBeTask=false order=ANY topActivity=null launchCookie=null taskFragmentToken=android.os.BinderProxy@ec792c6 windowingMode=undefined}]} RemoteTransition { remoteTransition = android.window.IRemoteTransition$Stub$Proxy@4d60287, appThread = android.app.IApplicationThread$Stub$Proxy@f4e65b4, debugName = overlayBackTransition }}
10-21 17:13:20.858  1055  1178 V WindowManagerShell:  Checking filter Pair{{types=[] flags=0x0] notFlags=0x0 checks=[{atype=dream independent=true modes=[OPEN,TO_FRONT] flags=NONE mustBeTask=false order=ANY topActivity=null launchCookie=null windowingMode=undefined},{atype=home independent=true modes=[CLOSE,TO_BACK] flags=NONE mustBeTask=false order=ANY topActivity=null launchCookie=null windowingMode=undefined}]} RemoteTransition { remoteTransition = android.window.IRemoteTransition$Stub$Proxy@49655dd, appThread = android.app.IApplicationThread$Stub$Proxy@81a1552, debugName = LauncherToDream }}
10-21 17:13:20.858  1055  1178 V WindowManagerShell:  Checking filter Pair{{types=[] flags=0x0] notFlags=0x100 checks=[{atype=home independent=true modes=[OPEN,TO_FRONT] flags=NONE mustBeTask=false order=TOP topActivity=ComponentInfo{com.google.android.apps.nexuslauncher/com.google.android.apps.nexuslauncher.NexusLauncherActivity} launchCookie=null windowingMode=undefined},{atype=standard independent=true modes=[CLOSE,TO_BACK] flags=NONE mustBeTask=false order=ANY topActivity=null launchCookie=null windowingMode=undefined},{NOT atype=undefined independent=true modes=[] flags=NONE mustBeTask=true order=ANY topActivity=null launchCookie=null customAnim=true windowingMode=undefined}]} RemoteTransition { remoteTransition = android.window.IRemoteTransition$Stub$Proxy@5064023, appThread = android.app.IApplicationThread$Stub$Proxy@9462920, debugName = QuickstepLaunchHome }}
10-21 17:13:20.858  1055  1178 V WindowManagerShell:  Delegate animation for (#21) to null
10-21 17:13:20.858  1055  1178 V WindowManagerShell: start default transition animation, info = {id=21 t=OPEN f=0x0 trk=0 r=[0@Point(0, 0)] c=[{m=TO_FRONT f=MOVE_TO_TOP leash=Surface(name=Task=43#122)/@0xd1914bb sb=Rect(0, 0 - 1080, 2400) eb=Rect(0, 0 - 1080, 2400) epz=Point(1080, 2400) d=0 taskParent=-1 winMode=1 userId=0},{m=TO_BACK f=SHOW_WALLPAPER leash=Surface(name=Task=1#44)/@0xba0fdd8 sb=Rect(0, 0 - 1080, 2400) eb=Rect(0, 0 - 1080, 2400) epz=Point(1080, 2400) d=0 taskParent=-1 winMode=1 userId=0},{m=TO_BACK f=IS_WALLPAPER leash=Surface(name=WallpaperWindowToken{610a901}#62)/@0xdf41531 sb=Rect(0, 0 - 1080, 2400) eb=Rect(0, 0 - 1080, 2400) epz=Point(1080, 2400) d=0}]}
10-21 17:13:20.859   767   802 W PermissionService: getPermissionFlags: Unknown user -1
10-21 17:13:20.859   767   802 W PermissionService: getPermissionFlags: Unknown user -1
10-21 17:13:20.859  1055  1178 V WindowManagerShell: loadAnimation: anim=android.view.animation.AnimationSet@d141f84 animAttr=0x13 type=OPEN isEntrance=false
10-21 17:13:20.862  1055  1178 V WindowManagerShell: loadAnimation: anim=android.view.animation.AnimationSet@2573969 animAttr=0x12 type=OPEN isEntrance=true
10-21 17:13:20.863  1055  1178 V WindowManagerShell:  animated by com.android.wm.shell.transition.DefaultTransitionHandler@48ec040
10-21 17:13:20.874 12029 12029 D ApplicationLoaders: Returning zygote-cached class loader: /system/framework/org.apache.http.legacy.jar
10-21 17:13:20.874 12029 12029 D ApplicationLoaders: Returning zygote-cached class loader: /system_ext/framework/androidx.window.extensions.jar
10-21 17:13:20.874 12029 12029 D ApplicationLoaders: Returning zygote-cached class loader: /system_ext/framework/androidx.window.sidecar.jar
10-21 17:13:20.905   767   874 W JobServiceContext: Sending onNetworkChanged for a job that isn't started. JobStatus{19916e4 androidx.work.systemjobscheduler:u0a172/320 #delayed_event_dispatch_dispatch_to_empty_tier_one_off_task#@androidx.work.systemjobscheduler@com.google.android.youtube/androidx.work.impl.background.systemjob.SystemJobService u=0 s=10172 TIME=-7s268ms:none NET READY}
10-21 17:13:20.905  1197  1197 D TouchInteractionService: disposeEventHandlers: Reason: Initializing input monitor due to: onTrackpadConnected() instance=177253505
10-21 17:13:20.905  1197  1197 D InputMonitorCompat: Input event receiver for monitor (swipe-up-disp0) disposed
10-21 17:13:20.907   767   897 W InputDispatcher: channel '[Gesture Monitor] swipe-up' ~ Consumer closed input channel or an error occurred.  events=0x9
10-21 17:13:20.907   767   897 E InputDispatcher: channel '[Gesture Monitor] swipe-up' ~ Channel is unrecoverably broken and will be disposed!
10-21 17:13:20.907  1197  1197 D InputMonitorCompat: Input monitor (swipe-up-disp0) disposed
10-21 17:13:20.907   767   874 W JobServiceContext: Sending onNetworkChanged for a job that isn't started. JobStatus{2dc7aa androidx.work.systemjobscheduler:u0a172/319 #delayed_event_dispatch_default_tier_one_off_task#@androidx.work.systemjobscheduler@com.google.android.youtube/androidx.work.impl.background.systemjob.SystemJobService u=0 s=10172 TIME=-7s311ms:none NET READY}
10-21 17:13:20.909  1197  1197 D InputMonitorCompat: Input monitor (swipe-up-disp0) created
10-21 17:13:20.909  1197  1197 D InputMonitorCompat: Input event receiver for monitor (swipe-up-disp0) created
10-21 17:13:20.963  1197  1197 D b/417220811: invalidateLoadedTasks - previous requestLoadId: -1
10-21 17:13:21.092  1730  2423 W AiAiEcho: LyftNotificationParser Ridesharing ETA not enabled
10-21 17:13:21.093  1730  2423 I AiAiEcho: SmartspaceNotificationPredictor no parser can handle this notification or notification is invalid
10-21 17:13:21.105 12029 12029 D nativeloader: InitLlndkLibrariesProduct: libEGL.so:libGLESv1_CM.so:libGLESv2.so:libGLESv3.so:libRS.so:libandroid_net.so:libapexsupport.so:libavf.so:libbinder_ndk.so:libc.so:libcgrouprc.so:libclang_rt.asan-x86_64-android.so:libcom.android.tethering.connectivity_native.so:libdl.so:libft2.so:liblog.so:libm.so:libmediandk.so:libnativewindow.so:libneuralnetworks.so:libselinux.so:libsync.so:libvendorsupport.so:libvndksupport.so:libvulkan.so
10-21 17:13:21.105 12029 12029 D nativeloader: Configuring product-clns-9 for unbundled product apk /product/app/YouTube/YouTube.apk. target_sdk_version=35, uses_libraries=, library_path=/product/app/YouTube/lib/x86_64:/product/app/YouTube/YouTube.apk!/lib/x86_64:/product/lib64:/system/product/lib64, permitted_path=/data:/mnt/expand:/data/user/0/com.google.android.youtube:/product/lib64:/system/product/lib64
10-21 17:13:21.106 12029 12029 D nativeloader: InitVndkspLibrariesProduct: VNDK is deprecated with product
10-21 17:13:21.106 12029 12029 D CompatChangeReporter: Compat change id reported: 202956589; UID 10172; state: ENABLED
10-21 17:13:21.138 12029 12029 V GraphicsEnvironment: Currently set values for:
10-21 17:13:21.138 12029 12029 V GraphicsEnvironment:   angle_gl_driver_selection_pkgs=[]
10-21 17:13:21.138 12029 12029 V GraphicsEnvironment:   angle_gl_driver_selection_values=[]
10-21 17:13:21.138 12029 12029 V GraphicsEnvironment: com.google.android.youtube is not listed in per-application setting
10-21 17:13:21.138 12029 12029 V GraphicsEnvironment: ANGLE allowlist from config: com.dreamgames.royalmatch com.dts.freefiremax com.dxx.firenow com.gramgames.mergedragons com.ludo.king com.mojang.minecraftpe com.my.defense com.nintendo.zaka com.os.airforce com.playrix.fishdomdd.gplay io.teslatech.callbreak jp.konami.prospia net.peakgames.toonblast
10-21 17:13:21.138 12029 12029 V GraphicsEnvironment: com.google.android.youtube is not listed in ANGLE allowlist or settings, returning default
10-21 17:13:21.138 12029 12029 V GraphicsEnvironment: Neither updatable production driver nor prerelease driver is supported.
10-21 17:13:21.151 12029 12029 D DesktopExperienceFlags: Toggle override initialized to: false
10-21 17:13:21.192  1055  1256 W Looper  : Slow delivery took 31ms wmshell.anim app=com.android.systemui main=false group=TOP_APP h=android.view.Choreographer$FrameHandler c=android.view.Choreographer$FrameDisplayEventReceiver@43c5758 m=0
10-21 17:13:21.224  1055  1256 W Looper  : Drained
10-21 17:13:21.225  1055  1178 V WindowManagerShell: Transition animation finished (aborted=false), notifying core (#21) android.os.BinderProxy@3162990@0
10-21 17:13:21.229   767   799 V WindowManager: Finish Transition (#21): created at 10-21 17:13:20.700 collect-started=0.071ms request-sent=4.23ms started=5.075ms ready=129.328ms sent=133.131ms commit=43.796ms finished=528.582ms
10-21 17:13:21.230  1197  1197 D VRI[NexusLauncherActivity]: visibilityChanged oldVisibility=true newVisibility=false
10-21 17:13:21.230  1055  1545 D WallpaperService: onVisibilityChanged(false): com.android.systemui.wallpapers.ImageWallpaper$CanvasEngine@b2ed929
10-21 17:13:21.231  1055  1178 V WindowManagerShell: Track 0 became idle
10-21 17:13:21.231  1055  1178 V WindowManagerShell: All active transition animations finished
10-21 17:13:21.244  1197  1197 D NexusLauncherModelDelegate: notifySmartspaceEvent: SmartspaceTargetEvent{mSmartspaceTarget=null, mSmartspaceActionId='null', mEventType=7}
10-21 17:13:21.247 12029 12051 D StrictMode: StrictMode policy violation: android.os.strictmode.NetworkViolation
10-21 17:13:21.247 12029 12051 D StrictMode: 	at android.os.StrictMode$AndroidBlockGuardPolicy.onNetwork(StrictMode.java:1780)
10-21 17:13:21.247 12029 12051 D StrictMode: 	at java.net.Inet6AddressImpl.lookupHostByName(Inet6AddressImpl.java:115)
10-21 17:13:21.247 12029 12051 D StrictMode: 	at java.net.Inet6AddressImpl.lookupAllHostAddr(Inet6AddressImpl.java:103)
10-21 17:13:21.247 12029 12051 D StrictMode: 	at java.net.InetAddress.getByName(InetAddress.java:1106)
10-21 17:13:21.247 12029 12051 D StrictMode: 	at pcn.l(PG:39)
10-21 17:13:21.247 12029 12051 D StrictMode: 	at fwl.run(PG:652)
10-21 17:13:21.247 12029 12051 D StrictMode: 	at zaf.run(PG:20)
10-21 17:13:21.247 12029 12051 D StrictMode: 	at amvv.run(PG:21)
10-21 17:13:21.247 12029 12051 D StrictMode: 	at qxs.run(PG:7)
10-21 17:13:21.247 12029 12051 D StrictMode: 	at anzd.run(PG:50)
10-21 17:13:21.247 12029 12051 D StrictMode: 	at qzi.run(PG:561)
10-21 17:13:21.247 12029 12051 D StrictMode: 	at qxk.run(PG:620)
10-21 17:13:21.247 12029 12051 D StrictMode: 	at java.lang.Thread.run(Thread.java:1563)
10-21 17:13:21.247 12029 12051 D StrictMode: 	at qyo.run(PG:63)
10-21 17:13:21.248 12029 12051 D StrictMode: StrictMode policy violation: android.os.strictmode.NetworkViolation
10-21 17:13:21.248 12029 12051 D StrictMode: 	at android.os.StrictMode$AndroidBlockGuardPolicy.onNetwork(StrictMode.java:1780)
10-21 17:13:21.248 12029 12051 D StrictMode: 	at libcore.io.BlockGuardOs.android_getaddrinfo(BlockGuardOs.java:220)
10-21 17:13:21.248 12029 12051 D StrictMode: 	at libcore.io.ForwardingOs.android_getaddrinfo(ForwardingOs.java:134)
10-21 17:13:21.248 12029 12051 D StrictMode: 	at java.net.Inet6AddressImpl.lookupHostByName(Inet6AddressImpl.java:135)
10-21 17:13:21.248 12029 12051 D StrictMode: 	at java.net.Inet6AddressImpl.lookupAllHostAddr(Inet6AddressImpl.java:103)
10-21 17:13:21.248 12029 12051 D StrictMode: 	at java.net.InetAddress.getByName(InetAddress.java:1106)
10-21 17:13:21.248 12029 12051 D StrictMode: 	at pcn.l(PG:39)
10-21 17:13:21.248 12029 12051 D StrictMode: 	at fwl.run(PG:652)
10-21 17:13:21.248 12029 12051 D StrictMode: 	at zaf.run(PG:20)
10-21 17:13:21.248 12029 12051 D StrictMode: 	at amvv.run(PG:21)
10-21 17:13:21.248 12029 12051 D StrictMode: 	at qxs.run(PG:7)
10-21 17:13:21.248 12029 12051 D StrictMode: 	at anzd.run(PG:50)
10-21 17:13:21.248 12029 12051 D StrictMode: 	at qzi.run(PG:561)
10-21 17:13:21.248 12029 12051 D StrictMode: 	at qxk.run(PG:620)
10-21 17:13:21.248 12029 12051 D StrictMode: 	at java.lang.Thread.run(Thread.java:1563)
10-21 17:13:21.248 12029 12051 D StrictMode: 	at qyo.run(PG:63)
10-21 17:13:21.256   520 12058 I resolv  : GetAddrInfoHandler::run: {101 101 101 983141 10172 0}
10-21 17:13:21.260   520 12060 I resolv  : res_nmkquery: (QUERY, IN, AAAA)
10-21 17:13:21.260   520 12061 I resolv  : res_nmkquery: (QUERY, IN, A)
10-21 17:13:21.264   520 12060 I resolv  : resolv_cache_lookup: FOUND IN CACHE entry=0x76807c80ccf0
10-21 17:13:21.264   520 12060 I resolv  : doQuery: rcode=0, ancount=4, return value=153
10-21 17:13:21.267   767   819 I WifiService: isFeatureSupported uid=1000 returns [WIFI_FEATURE_INFRA, WIFI_FEATURE_P2P, WIFI_FEATURE_MOBILE_HOTSPOT, WIFI_FEATURE_WPA3_SAE, WIFI_FEATURE_WPA3_SUITE_B, WIFI_FEATURE_OWE, WIFI_FEATURE_DPP, WIFI_FEATURE_AP_RAND_MAC, WIFI_FEATURE_MBO, WIFI_FEATURE_FILS_SHA256, WIFI_FEATURE_FILS_SHA384, WIFI_FEATURE_SAE_PK, WIFI_FEATURE_DPP_ENROLLEE_RESPONDER, WIFI_FEATURE_PASSPOINT_TERMS_AND_CONDITIONS, WIFI_FEATURE_WFD_R2, WIFI_FEATURE_DECORATED_IDENTITY, WIFI_FEATURE_TRUST_ON_FIRST_USE, WIFI_FEATURE_SET_TLS_MINIMUM_VERSION, WIFI_FEATURE_TLS_V1_3, WIFI_FEATURE_WEP, WIFI_FEATURE_WPA_PERSONAL]
10-21 17:13:21.270 12029 12063 I DisplayManager: Choreographer implicitly registered for the refresh rate.
10-21 17:13:21.277   520 12061 I resolv  : res_nsend: used send_dg 105 terrno: 0
10-21 17:13:21.277   520 12061 I resolv  : doQuery: rcode=0, ancount=4, return value=105
10-21 17:13:21.279   767  1537 D ActivityManager: sync unfroze 1643 com.google.android.gms for 4
10-21 17:13:21.287   767  1000 D BackgroundInstallControlService: Package event received: 0
10-21 17:13:21.290   767  1000 D BackgroundInstallControlService: Package event received: 0
10-21 17:13:21.291   767  1000 D BackgroundInstallControlService: Package event received: 0
10-21 17:13:21.293   767  1153 W ProcessStats: Tracking association SourceState{cac2703 com.google.android.youtube/10172 BTop #7056} whose proc state 2 is better than process ProcessState{c297162 com.google.android.gms/10146 pkg=com.google.android.gms} proc state 14 (28 skipped)
10-21 17:13:21.305 12029 12048 D nativeloader: Load /product/app/YouTube/YouTube.apk!/lib/x86_64/libnative_crash_handler_jni.so using class loader ns product-clns-9 (caller=/product/app/YouTube/YouTube.apk!classes4.dex): ok
10-21 17:13:21.309 12029 12029 E ashmem  : Pinning is deprecated since Android Q. Please use trim or other methods.
10-21 17:13:21.322   767   941 D WifiClientModeImpl[21111:wlan0]: updateLinkLayerStatsRssiSpeedFrequencyCapabilities rssi=-50 TxLinkspeed=1 freq=2447 RxLinkSpeed=2
10-21 17:13:21.322   767   941 D WifiDataStall: tx tput in kbps: 11000
10-21 17:13:21.322   767   941 D WifiDataStall: rx tput in kbps: 11000
10-21 17:13:21.323   767   941 V WifiConfigManager: Updating scan detail cache freq=2447 BSSID=00:13:10:85:fe:01 RSSI=-50 for "AndroidWifi"NONE
10-21 17:13:21.324   767   941 D WifiThroughputPredictor:  utilization (LLS) 80 isBluetoothConnected: false final utilization: 80
10-21 17:13:21.324   767   941 D WifiThroughputPredictor:  BW: 0 RSSI: -50 Nss: 1 Mode: 1 symDur: 4000 snrDb 30 bitPerTone: 4500 rate: 54 throughput: 11
10-21 17:13:21.324   767   941 D WifiThroughputPredictor:  utilization (LLS) 80 isBluetoothConnected: false final utilization: 80
10-21 17:13:21.324   767   941 D WifiThroughputPredictor:  BW: 0 RSSI: -50 Nss: 1 Mode: 1 symDur: 4000 snrDb 30 bitPerTone: 4500 rate: 54 throughput: 11
10-21 17:13:21.324   767   941 D WifiThroughputPredictor:  utilization (LLS) 80 isBluetoothConnected: false final utilization: 80
10-21 17:13:21.324   767   941 D WifiThroughputPredictor:  BW: 0 RSSI: -50 Nss: 1 Mode: 1 symDur: 4000 snrDb 30 bitPerTone: 4500 rate: 54 throughput: 11
10-21 17:13:21.324   767   941 D WifiThroughputPredictor:  utilization (LLS) 80 isBluetoothConnected: false final utilization: 80
10-21 17:13:21.324   767   941 D WifiThroughputPredictor:  BW: 0 RSSI: -50 Nss: 1 Mode: 1 symDur: 4000 snrDb 30 bitPerTone: 4500 rate: 54 throughput: 11
10-21 17:13:21.325   767   941 I HalDevMgr: bestIfaceCreationProposal is null, requestIface=STA, existingIface=[name=wlan0 type=STA]
10-21 17:13:21.325   767   941 D WifiScoreCard: BSSID update SIGNAL_POLL ID: 14232187 SSID: "AndroidWifi", BSSID: 00:13:10:85:fe:01, MAC: 02:15:b2:00:00:00, IP: /10.0.2.16, Security type: 0, Supplicant state: COMPLETED, Wi-Fi standard: legacy, RSSI: -50, Link speed: 1Mbps, Tx Link speed: 1Mbps, Max Supported Tx Link speed: 11Mbps, Rx Link speed: 2Mbps, Max Supported Rx Link speed: 11Mbps, Frequency: 2447MHz, Net ID: 0, Metered hint: false, score: 83, isUsable: true, CarrierMerged: false, SubscriptionId: -1, IsPrimary: 1, Trusted: true, Restricted: false, Ephemeral: false, OEM paid: false, OEM private: false, OSU AP: false, FQDN: <none>, Provider friendly name: <none>, Requesting package name: <none>"AndroidWifi"openMLO Information: , Is TID-To-Link negotiation supported by the AP: false, AP MLD Address: <none>, AP MLO Link Id: <none>, AP MLO Affiliated links: <none>, Vendor Data: <none>
10-21 17:13:21.325   767   941 D WifiScoreCard: txRate: 1 txSpeed: 1
10-21 17:13:21.325   767   941 D WifiScoreCard: network update SIGNAL_POLL "AndroidWifi" ID: 1073449701 RSSI -50 txSpeed -1
10-21 17:13:21.325   767   941 D WifiClientModeImpl[21111:wlan0]:  ClientModeImpl$L2ConnectedState screen=on 1 0 "AndroidWifi" 00:13:10:85:fe:01 rssi=-50 f=2447 sc=83 link=1 tx=0.2, 0.0, 0.0 rx=0.2 bcn=0 [on:0 tx:0 rx:0 period:3004] from screen [on:0 period:101409965] score=83
10-21 17:13:21.351   767  2117 D ConnectivityService: requestNetwork for uid/pid:10172/12029 activeRequest: null callbackRequest: 342 [NetworkRequest [ REQUEST id=343, [ Capabilities: INTERNET&NOT_RESTRICTED&TRUSTED&NOT_VCN_MANAGED&NOT_BANDWIDTH_CONSTRAINED Uid: 10172 RequestorUid: 10172 RequestorPkg: com.google.android.youtube UnderlyingNetworks: Null] ]] callback flags: 0 order: 2147483647 isUidTracked: false declaredMethods: AVAIL|LOST|NC|LP
10-21 17:13:21.354   767  1153 I WifiService: getVerboseLoggingLevel uid=10172
10-21 17:13:21.356   767   941 D WifiNetworkFactory: got request NetworkRequest [ REQUEST id=343, [ Capabilities: INTERNET&NOT_RESTRICTED&TRUSTED&NOT_VCN_MANAGED&NOT_BANDWIDTH_CONSTRAINED Uid: 10172 RequestorUid: 10172 RequestorPkg: com.google.android.youtube UnderlyingNetworks: Null] ]
10-21 17:13:21.356   767   941 V WifiNetworkFactory: Accepted network request NetworkRequest [ REQUEST id=343, [ Capabilities: INTERNET&NOT_RESTRICTED&TRUSTED&NOT_VCN_MANAGED&NOT_BANDWIDTH_CONSTRAINED Uid: 10172 RequestorUid: 10172 RequestorPkg: com.google.android.youtube UnderlyingNetworks: Null] ]
10-21 17:13:21.356   767   941 D UntrustedWifiNetworkFactory: got request NetworkRequest [ REQUEST id=343, [ Capabilities: INTERNET&NOT_RESTRICTED&TRUSTED&NOT_VCN_MANAGED&NOT_BANDWIDTH_CONSTRAINED Uid: 10172 RequestorUid: 10172 RequestorPkg: com.google.android.youtube UnderlyingNetworks: Null] ]
10-21 17:13:21.356   767   949 D ConnectivityService: NetReassign [343 : null → 101] [c 2] [a 2] [i 1]
10-21 17:13:21.357   767  1153 D FileUtils: Rounded bytes from 2061942784 to 4000000000
10-21 17:13:21.357   767   941 D OemPaidWifiNetworkFactory: got request NetworkRequest [ REQUEST id=343, [ Capabilities: INTERNET&NOT_RESTRICTED&TRUSTED&NOT_VCN_MANAGED&NOT_BANDWIDTH_CONSTRAINED Uid: 10172 RequestorUid: 10172 RequestorPkg: com.google.android.youtube UnderlyingNetworks: Null] ]
10-21 17:13:21.357   767   941 D MultiInternetWifiNetworkFactory: got request NetworkRequest [ REQUEST id=343, [ Capabilities: INTERNET&NOT_RESTRICTED&TRUSTED&NOT_VCN_MANAGED&NOT_BANDWIDTH_CONSTRAINED Uid: 10172 RequestorUid: 10172 RequestorPkg: com.google.android.youtube UnderlyingNetworks: Null] ]
10-21 17:13:21.358   767   949 D ConnectivityService: NetReassign [no changes] [c 0] [a 0] [i 1]
10-21 17:13:21.358  1379  1379 D BoundBrokerSvc: onRebind: Intent { act=com.google.android.gms.common.telemetry.service.START dat=chimera-action:/... xflg=0x4 cmp=com.google.android.gms/.chimera.PersistentApiService }
10-21 17:13:21.383 12029 12052 D ApplicationLoaders: Returning zygote-cached class loader: /system/framework/org.apache.http.legacy.jar
10-21 17:13:21.383 12029 12052 D ApplicationLoaders: Returning zygote-cached class loader: /system/framework/com.android.media.remotedisplay.jar
10-21 17:13:21.383 12029 12052 D ApplicationLoaders: Returning zygote-cached class loader: /system/framework/com.android.location.provider.jar
10-21 17:13:21.383 12029 12052 D ApplicationLoaders: Returning zygote-cached class loader: /system_ext/framework/androidx.window.extensions.jar
10-21 17:13:21.383 12029 12052 D ApplicationLoaders: Returning zygote-cached class loader: /system_ext/framework/androidx.window.sidecar.jar
10-21 17:13:21.407 12029 12029 W YouTube : Fetching the Gservices key 'device_country' before the end of the bulk initialization
10-21 17:13:21.429 12029 12053 D nativeloader: Load /product/app/YouTube/YouTube.apk!/lib/x86_64/libelements.so using class loader ns product-clns-9 (caller=/product/app/YouTube/YouTube.apk!classes2.dex): ok
10-21 17:13:21.429   767  2117 D ConnectivityService: requestNetwork for uid/pid:10172/12029 activeRequest: null callbackRequest: 345 [NetworkRequest [ REQUEST id=346, [ Capabilities: INTERNET&NOT_RESTRICTED&TRUSTED&NOT_VCN_MANAGED&NOT_BANDWIDTH_CONSTRAINED Uid: 10172 RequestorUid: 10172 RequestorPkg: com.google.android.youtube UnderlyingNetworks: Null] ]] callback flags: 0 order: 2147483647 isUidTracked: false declaredMethods: AVAIL|NC|BLK
10-21 17:13:21.430   767   949 D ConnectivityService: NetReassign [346 : null → 101] [c 0] [a 1] [i 0]
10-21 17:13:21.431   767   941 D WifiNetworkFactory: got request NetworkRequest [ REQUEST id=346, [ Capabilities: INTERNET&NOT_RESTRICTED&TRUSTED&NOT_VCN_MANAGED&NOT_BANDWIDTH_CONSTRAINED Uid: 10172 RequestorUid: 10172 RequestorPkg: com.google.android.youtube UnderlyingNetworks: Null] ]
10-21 17:13:21.431   767   941 V WifiNetworkFactory: Accepted network request NetworkRequest [ REQUEST id=346, [ Capabilities: INTERNET&NOT_RESTRICTED&TRUSTED&NOT_VCN_MANAGED&NOT_BANDWIDTH_CONSTRAINED Uid: 10172 RequestorUid: 10172 RequestorPkg: com.google.android.youtube UnderlyingNetworks: Null] ]
10-21 17:13:21.431   767   941 D UntrustedWifiNetworkFactory: got request NetworkRequest [ REQUEST id=346, [ Capabilities: INTERNET&NOT_RESTRICTED&TRUSTED&NOT_VCN_MANAGED&NOT_BANDWIDTH_CONSTRAINED Uid: 10172 RequestorUid: 10172 RequestorPkg: com.google.android.youtube UnderlyingNetworks: Null] ]
10-21 17:13:21.431   767   941 D OemPaidWifiNetworkFactory: got request NetworkRequest [ REQUEST id=346, [ Capabilities: INTERNET&NOT_RESTRICTED&TRUSTED&NOT_VCN_MANAGED&NOT_BANDWIDTH_CONSTRAINED Uid: 10172 RequestorUid: 10172 RequestorPkg: com.google.android.youtube UnderlyingNetworks: Null] ]
10-21 17:13:21.431   767   941 D MultiInternetWifiNetworkFactory: got request NetworkRequest [ REQUEST id=346, [ Capabilities: INTERNET&NOT_RESTRICTED&TRUSTED&NOT_VCN_MANAGED&NOT_BANDWIDTH_CONSTRAINED Uid: 10172 RequestorUid: 10172 RequestorPkg: com.google.android.youtube UnderlyingNetworks: Null] ]
10-21 17:13:21.432   767  2117 D ConnectivityService: Returning UNBLOCKED NetworkInfo to uid=10172
10-21 17:13:21.433 12029 12051 D CompatChangeReporter: Compat change id reported: 312399441; UID 10172; state: ENABLED
10-21 17:13:21.437 12029 12029 I WindowExtensionsImpl: Initializing Window Extensions, vendor API level=9, activity embedding enabled=true
10-21 17:13:21.446 12029 12054 D nativeloader: Load /product/app/YouTube/YouTube.apk!/lib/x86_64/libcronet.134.0.6986.0.so using class loader ns product-clns-9 (caller=/product/app/YouTube/YouTube.apk): ok
10-21 17:13:21.462 12029 12063 I GFXSTREAM: [eglDisplay.cpp(297)] Opening libGLESv1_CM_emulation.so
10-21 17:13:21.462 12029 12063 I GFXSTREAM: [eglDisplay.cpp(297)] Opening libGLESv2_emulation.so
10-21 17:13:21.465 12029 12029 W YouTube : Invalid playback type; streaming data is not playable
10-21 17:13:21.470 12029 12063 W HWUI    : Failed to initialize 101010-2 format, error = EGL_SUCCESS
10-21 17:13:21.475   767   857 I WifiService: getConnectionInfo uid=10172
10-21 17:13:21.477   767   857 V WifiPermissionsUtil: checkCallersLocationPermission(com.google.android.youtube): uid 10172 doesn't have permission android.permission.ACCESS_FINE_LOCATION
10-21 17:13:21.477   767   857 V WifiPermissionsUtil: enforceCanAccessScanResults(pkg=com.google.android.youtube, uid=10172): canCallingUidAccessLocation=false, canAppPackageUseLocation=false
10-21 17:13:21.483   767   857 V WifiService: Keeping REDACT_FOR_ACCESS_FINE_LOCATION:java.lang.SecurityException: UID 10172 has no location permission
10-21 17:13:21.485   520 12091 I resolv  : GetAddrInfoHandler::run: {101 101 101 983141 10172 0}
10-21 17:13:21.485 12029 12029 D AudioSystem: onNewService: media.audio_policy service obtained 0x75a0d9c134a0
10-21 17:13:21.486   520 12092 I resolv  : res_nmkquery: (QUERY, IN, AAAA)
10-21 17:13:21.486   520 12092 I resolv  : resolv_cache_lookup: FOUND IN CACHE entry=0x76807c80ccf0
10-21 17:13:21.486   520 12092 I resolv  : doQuery: rcode=0, ancount=4, return value=153
10-21 17:13:21.486   520 12093 I resolv  : res_nmkquery: (QUERY, IN, A)
10-21 17:13:21.486   520 12093 I resolv  : resolv_cache_lookup: FOUND IN CACHE entry=0x767f0c808ed0
10-21 17:13:21.486   520 12093 I resolv  : doQuery: rcode=0, ancount=4, return value=105
10-21 17:13:21.489 12029 12029 D AudioSystem: getService: IAudioPolicyService retrieved: 0x75a0d9c134a0  cached: 0x75a0d9c134a0
10-21 17:13:21.493   574  1176 D NativePermissionController: checkPermission: missing 13 for 10172
10-21 17:13:21.495   574  1176 D NativePermissionController: checkPermission: missing 13 for 10172
10-21 17:13:21.497   574 22732 D NativePermissionController: checkPermission: missing 13 for 10172
10-21 17:13:21.497   574  1176 D NativePermissionController: checkPermission: missing 13 for 10172
10-21 17:13:21.503 12029 12052 D nativeloader: Configuring clns-10 for other apk /data/app/~~RwH4iUQhMA03kW_INYuX8A==/com.google.android.gms-MsE3U95O1FWxajtmjrrelA==/base.apk. target_sdk_version=36, uses_libraries=, library_path=/data/app/~~RwH4iUQhMA03kW_INYuX8A==/com.google.android.gms-MsE3U95O1FWxajtmjrrelA==/lib/x86_64:/data/app/~~RwH4iUQhMA03kW_INYuX8A==/com.google.android.gms-MsE3U95O1FWxajtmjrrelA==/base.apk!/lib/x86_64, permitted_path=/data:/mnt/expand:/data/user/0/com.google.android.gms
10-21 17:13:21.515 12029 12099 D AudioSystem: onNewServiceWithAdapter: media.audio_flinger service obtained 0x75a089c57a70
10-21 17:13:21.521   767  1000 D BackgroundInstallControlService: Package event received: 0
10-21 17:13:21.531 12029 12099 D AudioSystem: getService: IAudioFlingerService retrieved: 0x75a0d9c12910  IAudioFlinger cached: 0x75a089c57a70
10-21 17:13:21.544  1643  1659 W SQLiteLog: (28) double-quoted string literal: "1760865201543"
10-21 17:13:21.544  1643  1659 W SQLiteLog: (28) double-quoted string literal: "1"
10-21 17:13:21.551   767  2117 D ConnectivityService: requestNetwork for uid/pid:10172/12029 activeRequest: null callbackRequest: 347 [NetworkRequest [ REQUEST id=348, [ Capabilities: INTERNET&NOT_RESTRICTED&TRUSTED&NOT_VCN_MANAGED&NOT_BANDWIDTH_CONSTRAINED Uid: 10172 RequestorUid: 10172 RequestorPkg: com.google.android.youtube UnderlyingNetworks: Null] ]] callback flags: 0 order: 2147483647 isUidTracked: false declaredMethods: AVAIL|LOST|NC
10-21 17:13:21.552   767   941 D WifiNetworkFactory: got request NetworkRequest [ REQUEST id=348, [ Capabilities: INTERNET&NOT_RESTRICTED&TRUSTED&NOT_VCN_MANAGED&NOT_BANDWIDTH_CONSTRAINED Uid: 10172 RequestorUid: 10172 RequestorPkg: com.google.android.youtube UnderlyingNetworks: Null] ]
10-21 17:13:21.552   767   941 V WifiNetworkFactory: Accepted network request NetworkRequest [ REQUEST id=348, [ Capabilities: INTERNET&NOT_RESTRICTED&TRUSTED&NOT_VCN_MANAGED&NOT_BANDWIDTH_CONSTRAINED Uid: 10172 RequestorUid: 10172 RequestorPkg: com.google.android.youtube UnderlyingNetworks: Null] ]
10-21 17:13:21.552   767   941 D UntrustedWifiNetworkFactory: got request NetworkRequest [ REQUEST id=348, [ Capabilities: INTERNET&NOT_RESTRICTED&TRUSTED&NOT_VCN_MANAGED&NOT_BANDWIDTH_CONSTRAINED Uid: 10172 RequestorUid: 10172 RequestorPkg: com.google.android.youtube UnderlyingNetworks: Null] ]
10-21 17:13:21.552   767   941 D OemPaidWifiNetworkFactory: got request NetworkRequest [ REQUEST id=348, [ Capabilities: INTERNET&NOT_RESTRICTED&TRUSTED&NOT_VCN_MANAGED&NOT_BANDWIDTH_CONSTRAINED Uid: 10172 RequestorUid: 10172 RequestorPkg: com.google.android.youtube UnderlyingNetworks: Null] ]
10-21 17:13:21.552   767   949 D ConnectivityService: NetReassign [348 : null → 101] [c 0] [a 0] [i 0]
10-21 17:13:21.553   767   941 D MultiInternetWifiNetworkFactory: got request NetworkRequest [ REQUEST id=348, [ Capabilities: INTERNET&NOT_RESTRICTED&TRUSTED&NOT_VCN_MANAGED&NOT_BANDWIDTH_CONSTRAINED Uid: 10172 RequestorUid: 10172 RequestorPkg: com.google.android.youtube UnderlyingNetworks: Null] ]
10-21 17:13:21.569 12029 12029 I HWUI    : Using FreeType backend (prop=Auto)
10-21 17:13:21.577 12029 12029 D DesktopModeFlags: Toggle override initialized to: OVERRIDE_UNSET
10-21 17:13:21.650 12029 12029 V MediaRouter: Selecting route: RouteInfo{ name=Phone, description=null, status=null, category=RouteCategory{ name=System types=ROUTE_TYPE_LIVE_AUDIO ROUTE_TYPE_LIVE_VIDEO  groupable=false }, supportedTypes=ROUTE_TYPE_LIVE_AUDIO ROUTE_TYPE_LIVE_VIDEO , presentationDisplay=null }
10-21 17:13:21.651 12029 12029 I MediaRouter: Skip setBluetoothA2dpOn(): types=8388615, isPlaybackActive()=false, BT route=null
10-21 17:13:21.712 12029 12081 D StrictMode: StrictMode policy violation: android.os.strictmode.DiskReadViolation
10-21 17:13:21.712 12029 12081 D StrictMode: 	at android.os.StrictMode$AndroidBlockGuardPolicy.onReadFromDisk(StrictMode.java:1766)
10-21 17:13:21.712 12029 12081 D StrictMode: 	at android.app.SharedPreferencesImpl.hasFileChangedUnexpectedly(SharedPreferencesImpl.java:252)
10-21 17:13:21.712 12029 12081 D StrictMode: 	at android.app.SharedPreferencesImpl.startReloadIfChangedUnexpectedly(SharedPreferencesImpl.java:228)
10-21 17:13:21.712 12029 12081 D StrictMode: 	at android.app.ContextImpl.getSharedPreferences(ContextImpl.java:672)
10-21 17:13:21.712 12029 12081 D StrictMode: 	at android.app.ContextImpl.getSharedPreferences(ContextImpl.java:636)
10-21 17:13:21.712 12029 12081 D StrictMode: 	at android.content.ContextWrapper.getSharedPreferences(ContextWrapper.java:223)
10-21 17:13:21.712 12029 12081 D StrictMode: 	at android.content.ContextWrapper.getSharedPreferences(ContextWrapper.java:223)
10-21 17:13:21.712 12029 12081 D StrictMode: 	at cdti.a(:com.google.android.gms@253931038@25.39.31 (260800-813878953):67)
10-21 17:13:21.712 12029 12081 D StrictMode: 	at bstx.getSharedPreferences(:com.google.android.gms@253931038@25.39.31 (260800-813878953):5)
10-21 17:13:21.712 12029 12081 D StrictMode: 	at com.google.android.gms.ads.identifier.settings.b.b(:com.google.android.gms@253931038@25.39.31 (260800-813878953):6)
10-21 17:13:21.712 12029 12081 D StrictMode: 	at com.google.android.gms.ads.identifier.settings.b.l(:com.google.android.gms@253931038@25.39.31 (260800-813878953):4)
10-21 17:13:21.712 12029 12081 D StrictMode: 	at com.google.android.gms.ads.identifier.settings.b.n(:com.google.android.gms@253931038@25.39.31 (260800-813878953):4)
10-21 17:13:21.712 12029 12081 D StrictMode: 	at com.google.android.gms.ads.identifier.settings.b.f(:com.google.android.gms@253931038@25.39.31 (260800-813878953):12)
10-21 17:13:21.712 12029 12081 D StrictMode: 	at com.google.android.gms.ads.identifier.internal.c.c(:com.google.android.gms@253931038@25.39.31 (260800-813878953):16)
10-21 17:13:21.712 12029 12081 D StrictMode: 	at com.google.android.gms.ads.identifier.internal.c.fc(:com.google.android.gms@253931038@25.39.31 (260800-813878953):203)
10-21 17:13:21.712 12029 12081 D StrictMode: 	at wri.onTransact(:com.google.android.gms@253931038@25.39.31 (260800-813878953):97)
10-21 17:13:21.712 12029 12081 D StrictMode: 	at android.os.Binder.transact(Binder.java:1325)
10-21 17:13:21.712 12029 12081 D StrictMode: 	at cdjd.onTransact(:com.google.android.gms@253931038@25.39.31 (260800-813878953):10)
10-21 17:13:21.712 12029 12081 D StrictMode: 	at android.os.Binder.transact(Binder.java:1325)
10-21 17:13:21.712 12029 12081 D StrictMode: 	at bsvd.onTransact(:com.google.android.gms@253931038@25.39.31 (260800-813878953):161)
10-21 17:13:21.712 12029 12081 D StrictMode: 	at android.os.Binder.execTransactInternal(Binder.java:1473)
10-21 17:13:21.712 12029 12081 D StrictMode: 	at android.os.Binder.execTransact(Binder.java:1418)
10-21 17:13:21.712 12029 12081 D StrictMode: # via Binder call with stack:
10-21 17:13:21.712 12029 12081 D StrictMode: 	at android.os.StrictMode.readAndHandleBinderCallViolations(StrictMode.java:2771)
10-21 17:13:21.712 12029 12081 D StrictMode: 	at android.os.Parcel.readExceptionCode(Parcel.java:3317)
10-21 17:13:21.712 12029 12081 D StrictMode: 	at android.os.Parcel.readException(Parcel.java:3278)
10-21 17:13:21.712 12029 12081 D StrictMode: 	at fyb.fz(PG:11)
10-21 17:13:21.712 12029 12081 D StrictMode: 	at oof.a(PG:85)
10-21 17:13:21.712 12029 12081 D StrictMode: 	at tbk.m(PG:16)
10-21 17:13:21.712 12029 12081 D StrictMode: 	at nwe.run(PG:707)
10-21 17:13:21.712 12029 12081 D StrictMode: 	at amvv.run(PG:21)
10-21 17:13:21.712 12029 12081 D StrictMode: 	at qxs.run(PG:7)
10-21 17:13:21.712 12029 12081 D StrictMode: 	at qxk.run(PG:584)
10-21 17:13:21.712 12029 12081 D StrictMode: 	at anzd.run(PG:50)
10-21 17:13:21.712 12029 12081 D StrictMode: 	at qzi.run(PG:561)
10-21 17:13:21.712 12029 12081 D StrictMode: 	at qxk.run(PG:620)
10-21 17:13:21.712 12029 12081 D StrictMode: 	at java.lang.Thread.run(Thread.java:1563)
10-21 17:13:21.712 12029 12081 D StrictMode: 	at qyo.run(PG:63)
10-21 17:13:21.715 12029 12081 D StrictMode: StrictMode policy violation: android.os.strictmode.DiskReadViolation
10-21 17:13:21.715 12029 12081 D StrictMode: 	at android.os.StrictMode$AndroidBlockGuardPolicy.onReadFromDisk(StrictMode.java:1766)
10-21 17:13:21.715 12029 12081 D StrictMode: 	at libcore.io.BlockGuardOs.stat(BlockGuardOs.java:419)
10-21 17:13:21.715 12029 12081 D StrictMode: 	at libcore.io.ForwardingOs.stat(ForwardingOs.java:857)
10-21 17:13:21.715 12029 12081 D StrictMode: 	at android.app.AndroidForwardingOs.stat(AndroidForwardingOs.java:134)
10-21 17:13:21.715 12029 12081 D StrictMode: 	at android.system.Os.stat(Os.java:918)
10-21 17:13:21.715 12029 12081 D StrictMode: 	at android.app.SharedPreferencesImpl.hasFileChangedUnexpectedly(SharedPreferencesImpl.java:253)
10-21 17:13:21.715 12029 12081 D StrictMode: 	at android.app.SharedPreferencesImpl.startReloadIfChangedUnexpectedly(SharedPreferencesImpl.java:228)
10-21 17:13:21.715 12029 12081 D StrictMode: 	at android.app.ContextImpl.getSharedPreferences(ContextImpl.java:672)
10-21 17:13:21.715 12029 12081 D StrictMode: 	at android.app.ContextImpl.getSharedPreferences(ContextImpl.java:636)
10-21 17:13:21.715 12029 12081 D StrictMode: 	at android.content.ContextWrapper.getSharedPreferences(ContextWrapper.java:223)
10-21 17:13:21.715 12029 12081 D StrictMode: 	at android.content.ContextWrapper.getSharedPreferences(ContextWrapper.java:223)
10-21 17:13:21.715 12029 12081 D StrictMode: 	at cdti.a(:com.google.android.gms@253931038@25.39.31 (260800-813878953):67)
10-21 17:13:21.715 12029 12081 D StrictMode: 	at bstx.getSharedPreferences(:com.google.android.gms@253931038@25.39.31 (260800-813878953):5)
10-21 17:13:21.715 12029 12081 D StrictMode: 	at com.google.android.gms.ads.identifier.settings.b.b(:com.google.android.gms@253931038@25.39.31 (260800-813878953):6)
10-21 17:13:21.715 12029 12081 D StrictMode: 	at com.google.android.gms.ads.identifier.settings.b.l(:com.google.android.gms@253931038@25.39.31 (260800-813878953):4)
10-21 17:13:21.715 12029 12081 D StrictMode: 	at com.google.android.gms.ads.identifier.settings.b.n(:com.google.android.gms@253931038@25.39.31 (260800-813878953):4)
10-21 17:13:21.715 12029 12081 D StrictMode: 	at com.google.android.gms.ads.identifier.settings.b.f(:com.google.android.gms@253931038@25.39.31 (260800-813878953):12)
10-21 17:13:21.715 12029 12081 D StrictMode: 	at com.google.android.gms.ads.identifier.internal.c.c(:com.google.android.gms@253931038@25.39.31 (260800-813878953):16)
10-21 17:13:21.715 12029 12081 D StrictMode: 	at com.google.android.gms.ads.identifier.internal.c.fc(:com.google.android.gms@253931038@25.39.31 (260800-813878953):203)
10-21 17:13:21.715 12029 12081 D StrictMode: 	at wri.onTransact(:com.google.android.gms@253931038@25.39.31 (260800-813878953):97)
10-21 17:13:21.715 12029 12081 D StrictMode: 	at android.os.Binder.transact(Binder.java:1325)
10-21 17:13:21.715 12029 12081 D StrictMode: 	at cdjd.onTransact(:com.google.android.gms@253931038@25.39.31 (260800-813878953):10)
10-21 17:13:21.715 12029 12081 D StrictMode: 	at android.os.Binder.transact(Binder.java:1325)
10-21 17:13:21.715 12029 12081 D StrictMode: 	at bsvd.onTransact(:com.google.android.gms@253931038@25.39.31 (260800-813878953):161)
10-21 17:13:21.715 12029 12081 D StrictMode: 	at android.os.Binder.execTransactInternal(Binder.java:1473)
10-21 17:13:21.715 12029 12081 D StrictMode: 	at android.os.Binder.execTransact(Binder.java:1418)
10-21 17:13:21.715 12029 12081 D StrictMode: # via Binder call with stack:
10-21 17:13:21.715 12029 12081 D StrictMode: 	at android.os.StrictMode.readAndHandleBinderCallViolations(StrictMode.java:2771)
10-21 17:13:21.715 12029 12081 D StrictMode: 	at android.os.Parcel.readExceptionCode(Parcel.java:3317)
10-21 17:13:21.715 12029 12081 D StrictMode: 	at android.os.Parcel.readException(Parcel.java:3278)
10-21 17:13:21.715 12029 12081 D StrictMode: 	at fyb.fz(PG:11)
10-21 17:13:21.715 12029 12081 D StrictMode: 	at oof.a(PG:85)
10-21 17:13:21.715 12029 12081 D StrictMode: 	at tbk.m(PG:16)
10-21 17:13:21.715 12029 12081 D StrictMode: 	at nwe.run(PG:707)
10-21 17:13:21.715 12029 12081 D StrictMode: 	at amvv.run(PG:21)
10-21 17:13:21.715 12029 12081 D StrictMode: 	at qxs.run(PG:7)
10-21 17:13:21.715 12029 12081 D StrictMode: 	at qxk.run(PG:584)
10-21 17:13:21.715 12029 12081 D StrictMode: 	at anzd.run(PG:50)
10-21 17:13:21.715 12029 12081 D StrictMode: 	at qzi.run(PG:561)
10-21 17:13:21.715 12029 12081 D StrictMode: 	at qxk.run(PG:620)
10-21 17:13:21.715 12029 12081 D StrictMode: 	at java.lang.Thread.run(Thread.java:1563)
10-21 17:13:21.715 12029 12081 D StrictMode: 	at qyo.run(PG:63)
10-21 17:13:21.718 12029 12081 D StrictMode: StrictMode policy violation: android.os.strictmode.DiskReadViolation
10-21 17:13:21.718 12029 12081 D StrictMode: 	at android.os.StrictMode$AndroidBlockGuardPolicy.onReadFromDisk(StrictMode.java:1766)
10-21 17:13:21.718 12029 12081 D StrictMode: 	at android.app.SharedPreferencesImpl.hasFileChangedUnexpectedly(SharedPreferencesImpl.java:252)
10-21 17:13:21.718 12029 12081 D StrictMode: 	at android.app.SharedPreferencesImpl.startReloadIfChangedUnexpectedly(SharedPreferencesImpl.java:228)
10-21 17:13:21.718 12029 12081 D StrictMode: 	at android.app.ContextImpl.getSharedPreferences(ContextImpl.java:672)
10-21 17:13:21.718 12029 12081 D StrictMode: 	at android.app.ContextImpl.getSharedPreferences(ContextImpl.java:636)
10-21 17:13:21.718 12029 12081 D StrictMode: 	at android.content.ContextWrapper.getSharedPreferences(ContextWrapper.java:223)
10-21 17:13:21.718 12029 12081 D StrictMode: 	at android.content.ContextWrapper.getSharedPreferences(ContextWrapper.java:223)
10-21 17:13:21.718 12029 12081 D StrictMode: 	at cdti.a(:com.google.android.gms@253931038@25.39.31 (260800-813878953):67)
10-21 17:13:21.718 12029 12081 D StrictMode: 	at bstx.getSharedPreferences(:com.google.android.gms@253931038@25.39.31 (260800-813878953):5)
10-21 17:13:21.718 12029 12081 D StrictMode: 	at com.google.android.gms.ads.identifier.settings.b.b(:com.google.android.gms@253931038@25.39.31 (260800-813878953):6)
10-21 17:13:21.718 12029 12081 D StrictMode: 	at com.google.android.gms.ads.identifier.settings.b.l(:com.google.android.gms@253931038@25.39.31 (260800-813878953):21)
10-21 17:13:21.718 12029 12081 D StrictMode: 	at com.google.android.gms.ads.identifier.settings.b.n(:com.google.android.gms@253931038@25.39.31 (260800-813878953):4)
10-21 17:13:21.718 12029 12081 D StrictMode: 	at com.google.android.gms.ads.identifier.settings.b.f(:com.google.android.gms@253931038@25.39.31 (260800-813878953):12)
10-21 17:13:21.718 12029 12081 D StrictMode: 	at com.google.android.gms.ads.identifier.internal.c.c(:com.google.android.gms@253931038@25.39.31 (260800-813878953):16)
10-21 17:13:21.718 12029 12081 D StrictMode: 	at com.google.android.gms.ads.identifier.internal.c.fc(:com.google.android.gms@253931038@25.39.31 (260800-813878953):203)
10-21 17:13:21.718 12029 12081 D StrictMode: 	at wri.onTransact(:com.google.android.gms@253931038@25.39.31 (260800-813878953):97)
10-21 17:13:21.718 12029 12081 D StrictMode: 	at android.os.Binder.transact(Binder.java:1325)
10-21 17:13:21.718 12029 12081 D StrictMode: 	at cdjd.onTransact(:com.google.android.gms@253931038@25.39.31 (260800-813878953):10)
10-21 17:13:21.718 12029 12081 D StrictMode: 	at android.os.Binder.transact(Binder.java:1325)
10-21 17:13:21.718 12029 12081 D StrictMode: 	at bsvd.onTransact(:com.google.android.gms@253931038@25.39.31 (260800-813878953):161)
10-21 17:13:21.718 12029 12081 D StrictMode: 	at android.os.Binder.execTransactInternal(Binder.java:1473)
10-21 17:13:21.718 12029 12081 D StrictMode: 	at android.os.Binder.execTransact(Binder.java:1418)
10-21 17:13:21.718 12029 12081 D StrictMode: # via Binder call with stack:
10-21 17:13:21.718 12029 12081 D StrictMode: 	at android.os.StrictMode.readAndHandleBinderCallViolations(StrictMode.java:2771)
10-21 17:13:21.718 12029 12081 D StrictMode: 	at android.os.Parcel.readExceptionCode(Parcel.java:3317)
10-21 17:13:21.718 12029 12081 D StrictMode: 	at android.os.Parcel.readException(Parcel.java:3278)
10-21 17:13:21.718 12029 12081 D StrictMode: 	at fyb.fz(PG:11)
10-21 17:13:21.718 12029 12081 D StrictMode: 	at oof.a(PG:85)
10-21 17:13:21.718 12029 12081 D StrictMode: 	at tbk.m(PG:16)
10-21 17:13:21.718 12029 12081 D StrictMode: 	at nwe.run(PG:707)
10-21 17:13:21.718 12029 12081 D StrictMode: 	at amvv.run(PG:21)
10-21 17:13:21.718 12029 12081 D StrictMode: 	at qxs.run(PG:7)
10-21 17:13:21.718 12029 12081 D StrictMode: 	at qxk.run(PG:584)
10-21 17:13:21.718 12029 12081 D StrictMode: 	at anzd.run(PG:50)
10-21 17:13:21.718 12029 12081 D StrictMode: 	at qzi.run(PG:561)
10-21 17:13:21.718 12029 12081 D StrictMode: 	at qxk.run(PG:620)
10-21 17:13:21.718 12029 12081 D StrictMode: 	at java.lang.Thread.run(Thread.java:1563)
10-21 17:13:21.718 12029 12081 D StrictMode: 	at qyo.run(PG:63)
10-21 17:13:21.725 12029 12081 D StrictMode: StrictMode policy violation: android.os.strictmode.DiskReadViolation
10-21 17:13:21.725 12029 12081 D StrictMode: 	at android.os.StrictMode$AndroidBlockGuardPolicy.onReadFromDisk(StrictMode.java:1766)
10-21 17:13:21.725 12029 12081 D StrictMode: 	at android.app.SharedPreferencesImpl.hasFileChangedUnexpectedly(SharedPreferencesImpl.java:252)
10-21 17:13:21.725 12029 12081 D StrictMode: 	at android.app.SharedPreferencesImpl.startReloadIfChangedUnexpectedly(SharedPreferencesImpl.java:228)
10-21 17:13:21.725 12029 12081 D StrictMode: 	at android.app.ContextImpl.getSharedPreferences(ContextImpl.java:672)
10-21 17:13:21.725 12029 12081 D StrictMode: 	at android.app.ContextImpl.getSharedPreferences(ContextImpl.java:636)
10-21 17:13:21.725 12029 12081 D StrictMode: 	at android.content.ContextWrapper.getSharedPreferences(ContextWrapper.java:223)
10-21 17:13:21.725 12029 12081 D StrictMode: 	at android.content.ContextWrapper.getSharedPreferences(ContextWrapper.java:223)
10-21 17:13:21.725 12029 12081 D StrictMode: 	at cdti.a(:com.google.android.gms@253931038@25.39.31 (260800-813878953):67)
10-21 17:13:21.725 12029 12081 D StrictMode: 	at bstx.getSharedPreferences(:com.google.android.gms@253931038@25.39.31 (260800-813878953):5)
10-21 17:13:21.725 12029 12081 D StrictMode: 	at com.google.android.gms.ads.identifier.settings.b.b(:com.google.android.gms@253931038@25.39.31 (260800-813878953):6)
10-21 17:13:21.725 12029 12081 D StrictMode: 	at com.google.android.gms.ads.identifier.settings.b.l(:com.google.android.gms@253931038@25.39.31 (260800-813878953):4)
10-21 17:13:21.725 12029 12081 D StrictMode: 	at com.google.android.gms.ads.identifier.settings.b.n(:com.google.android.gms@253931038@25.39.31 (260800-813878953):4)
10-21 17:13:21.725 12029 12081 D StrictMode: 	at com.google.android.gms.ads.identifier.internal.c.n(:com.google.android.gms@253931038@25.39.31 (260800-813878953):16)
10-21 17:13:21.725 12029 12081 D StrictMode: 	at com.google.android.gms.ads.identifier.internal.c.fc(:com.google.android.gms@253931038@25.39.31 (260800-813878953):192)
10-21 17:13:21.725 12029 12081 D StrictMode: 	at wri.onTransact(:com.google.android.gms@253931038@25.39.31 (260800-813878953):97)
10-21 17:13:21.725 12029 12081 D StrictMode: 	at android.os.Binder.transact(Binder.java:1325)
10-21 17:13:21.725 12029 12081 D StrictMode: 	at cdjd.onTransact(:com.google.android.gms@253931038@25.39.31 (260800-813878953):10)
10-21 17:13:21.725 12029 12081 D StrictMode: 	at android.os.Binder.transact(Binder.java:1325)
10-21 17:13:21.725 12029 12081 D StrictMode: 	at bsvd.onTransact(:com.google.android.gms@253931038@25.39.31 (260800-813878953):161)
10-21 17:13:21.725 12029 12081 D StrictMode: 	at android.os.Binder.execTransactInternal(Binder.java:1473)
10-21 17:13:21.725 12029 12081 D StrictMode: 	at android.os.Binder.execTransact(Binder.java:1418)
10-21 17:13:21.725 12029 12081 D StrictMode: # via Binder call with stack:
10-21 17:13:21.725 12029 12081 D StrictMode: 	at android.os.StrictMode.readAndHandleBinderCallViolations(StrictMode.java:2771)
10-21 17:13:21.725 12029 12081 D StrictMode: 	at android.os.Parcel.readExceptionCode(Parcel.java:3317)
10-21 17:13:21.725 12029 12081 D StrictMode: 	at android.os.Parcel.readException(Parcel.java:3278)
10-21 17:13:21.725 12029 12081 D StrictMode: 	at fyb.fz(PG:11)
10-21 17:13:21.725 12029 12081 D StrictMode: 	at oof.a(PG:108)
10-21 17:13:21.725 12029 12081 D StrictMode: 	at tbk.m(PG:16)
10-21 17:13:21.725 12029 12081 D StrictMode: 	at nwe.run(PG:707)
10-21 17:13:21.725 12029 12081 D StrictMode: 	at amvv.run(PG:21)
10-21 17:13:21.725 12029 12081 D StrictMode: 	at qxs.run(PG:7)
10-21 17:13:21.725 12029 12081 D StrictMode: 	at qxk.run(PG:584)
10-21 17:13:21.725 12029 12081 D StrictMode: 	at anzd.run(PG:50)
10-21 17:13:21.725 12029 12081 D StrictMode: 	at qzi.run(PG:561)
10-21 17:13:21.725 12029 12081 D StrictMode: 	at qxk.run(PG:620)
10-21 17:13:21.725 12029 12081 D StrictMode: 	at java.lang.Thread.run(Thread.java:1563)
10-21 17:13:21.725 12029 12081 D StrictMode: 	at qyo.run(PG:63)
10-21 17:13:21.727 12029 12081 D StrictMode: StrictMode policy violation: android.os.strictmode.DiskReadViolation
10-21 17:13:21.727 12029 12081 D StrictMode: 	at android.os.StrictMode$AndroidBlockGuardPolicy.onReadFromDisk(StrictMode.java:1766)
10-21 17:13:21.727 12029 12081 D StrictMode: 	at libcore.io.BlockGuardOs.stat(BlockGuardOs.java:419)
10-21 17:13:21.727 12029 12081 D StrictMode: 	at libcore.io.ForwardingOs.stat(ForwardingOs.java:857)
10-21 17:13:21.727 12029 12081 D StrictMode: 	at android.app.AndroidForwardingOs.stat(AndroidForwardingOs.java:134)
10-21 17:13:21.727 12029 12081 D StrictMode: 	at android.system.Os.stat(Os.java:918)
10-21 17:13:21.727 12029 12081 D StrictMode: 	at android.app.SharedPreferencesImpl.hasFileChangedUnexpectedly(SharedPreferencesImpl.java:253)
10-21 17:13:21.727 12029 12081 D StrictMode: 	at android.app.SharedPreferencesImpl.startReloadIfChangedUnexpectedly(SharedPreferencesImpl.java:228)
10-21 17:13:21.727 12029 12081 D StrictMode: 	at android.app.ContextImpl.getSharedPreferences(ContextImpl.java:672)
10-21 17:13:21.727 12029 12081 D StrictMode: 	at android.app.ContextImpl.getSharedPreferences(ContextImpl.java:636)
10-21 17:13:21.727 12029 12081 D StrictMode: 	at android.content.ContextWrapper.getSharedPreferences(ContextWrapper.java:223)
10-21 17:13:21.727 12029 12081 D StrictMode: 	at android.content.ContextWrapper.getSharedPreferences(ContextWrapper.java:223)
10-21 17:13:21.727 12029 12081 D StrictMode: 	at cdti.a(:com.google.android.gms@253931038@25.39.31 (260800-813878953):67)
10-21 17:13:21.727 12029 12081 D StrictMode: 	at bstx.getSharedPreferences(:com.google.android.gms@253931038@25.39.31 (260800-813878953):5)
10-21 17:13:21.727 12029 12081 D StrictMode: 	at com.google.android.gms.ads.identifier.settings.b.b(:com.google.android.gms@253931038@25.39.31 (260800-813878953):6)
10-21 17:13:21.727 12029 12081 D StrictMode: 	at com.google.android.gms.ads.identifier.settings.b.l(:com.google.android.gms@253931038@25.39.31 (260800-813878953):4)
10-21 17:13:21.727 12029 12081 D StrictMode: 	at com.google.android.gms.ads.identifier.settings.b.n(:com.google.android.gms@253931038@25.39.31 (260800-813878953):4)
10-21 17:13:21.727 12029 12081 D StrictMode: 	at com.google.android.gms.ads.identifier.internal.c.n(:com.google.android.gms@253931038@25.39.31 (260800-813878953):16)
10-21 17:13:21.727 12029 12081 D StrictMode: 	at com.google.android.gms.ads.identifier.internal.c.fc(:com.google.android.gms@253931038@25.39.31 (260800-813878953):192)
10-21 17:13:21.727 12029 12081 D StrictMode: 	at wri.onTransact(:com.google.android.gms@253931038@25.39.31 (260800-813878953):97)
10-21 17:13:21.727 12029 12081 D StrictMode: 	at android.os.Binder.transact(Binder.java:1325)
10-21 17:13:21.727 12029 12081 D StrictMode: 	at cdjd.onTransact(:com.google.android.gms@253931038@25.39.31 (260800-813878953):10)
10-21 17:13:21.727 12029 12081 D StrictMode: 	at android.os.Binder.transact(Binder.java:1325)
10-21 17:13:21.727 12029 12081 D StrictMode: 	at bsvd.onTransact(:com.google.android.gms@253931038@25.39.31 (260800-813878953):161)
10-21 17:13:21.727 12029 12081 D StrictMode: 	at android.os.Binder.execTransactInternal(Binder.java:1473)
10-21 17:13:21.727 12029 12081 D StrictMode: 	at android.os.Binder.execTransact(Binder.java:1418)
10-21 17:13:21.727 12029 12081 D StrictMode: # via Binder call with stack:
10-21 17:13:21.727 12029 12081 D StrictMode: 	at android.os.StrictMode.readAndHandleBinderCallViolations(StrictMode.java:2771)
10-21 17:13:21.727 12029 12081 D StrictMode: 	at android.os.Parcel.readExceptionCode(Parcel.java:3317)
10-21 17:13:21.727 12029 12081 D StrictMode: 	at android.os.Parcel.readException(Parcel.java:3278)
10-21 17:13:21.727 12029 12081 D StrictMode: 	at fyb.fz(PG:11)
10-21 17:13:21.727 12029 12081 D StrictMode: 	at oof.a(PG:108)
10-21 17:13:21.727 12029 12081 D StrictMode: 	at tbk.m(PG:16)
10-21 17:13:21.727 12029 12081 D StrictMode: 	at nwe.run(PG:707)
10-21 17:13:21.727 12029 12081 D StrictMode: 	at amvv.run(PG:21)
10-21 17:13:21.727 12029 12081 D StrictMode: 	at qxs.run(PG:7)
10-21 17:13:21.727 12029 12081 D StrictMode: 	at qxk.run(PG:584)
10-21 17:13:21.727 12029 12081 D StrictMode: 	at anzd.run(PG:50)
10-21 17:13:21.727 12029 12081 D StrictMode: 	at qzi.run(PG:561)
10-21 17:13:21.727 12029 12081 D StrictMode: 	at qxk.run(PG:620)
10-21 17:13:21.727 12029 12081 D StrictMode: 	at java.lang.Thread.run(Thread.java:1563)
10-21 17:13:21.727 12029 12081 D StrictMode: 	at qyo.run(PG:63)
10-21 17:13:21.732 12029 12081 D StrictMode: StrictMode policy violation: android.os.strictmode.DiskReadViolation
10-21 17:13:21.732 12029 12081 D StrictMode: 	at android.os.StrictMode$AndroidBlockGuardPolicy.onReadFromDisk(StrictMode.java:1766)
10-21 17:13:21.732 12029 12081 D StrictMode: 	at android.app.SharedPreferencesImpl.hasFileChangedUnexpectedly(SharedPreferencesImpl.java:252)
10-21 17:13:21.732 12029 12081 D StrictMode: 	at android.app.SharedPreferencesImpl.startReloadIfChangedUnexpectedly(SharedPreferencesImpl.java:228)
10-21 17:13:21.732 12029 12081 D StrictMode: 	at android.app.ContextImpl.getSharedPreferences(ContextImpl.java:672)
10-21 17:13:21.732 12029 12081 D StrictMode: 	at android.app.ContextImpl.getSharedPreferences(ContextImpl.java:636)
10-21 17:13:21.732 12029 12081 D StrictMode: 	at android.content.ContextWrapper.getSharedPreferences(ContextWrapper.java:223)
10-21 17:13:21.732 12029 12081 D StrictMode: 	at android.content.ContextWrapper.getSharedPreferences(ContextWrapper.java:223)
10-21 17:13:21.732 12029 12081 D StrictMode: 	at cdti.a(:com.google.android.gms@253931038@25.39.31 (260800-813878953):67)
10-21 17:13:21.732 12029 12081 D StrictMode: 	at bstx.getSharedPreferences(:com.google.android.gms@253931038@25.39.31 (260800-813878953):5)
10-21 17:13:21.732 12029 12081 D StrictMode: 	at com.google.android.gms.ads.identifier.settings.b.b(:com.google.android.gms@253931038@25.39.31 (260800-813878953):6)
10-21 17:13:21.732 12029 12081 D StrictMode: 	at com.google.android.gms.ads.identifier.settings.b.l(:com.google.android.gms@253931038@25.39.31 (260800-813878953):21)
10-21 17:13:21.732 12029 12081 D StrictMode: 	at com.google.android.gms.ads.identifier.settings.b.n(:com.google.android.gms@253931038@25.39.31 (260800-813878953):4)
10-21 17:13:21.732 12029 12081 D StrictMode: 	at com.google.android.gms.ads.identifier.internal.c.n(:com.google.android.gms@253931038@25.39.31 (260800-813878953):16)
10-21 17:13:21.732 12029 12081 D StrictMode: 	at com.google.android.gms.ads.identifier.internal.c.fc(:com.google.android.gms@253931038@25.39.31 (260800-813878953):192)
10-21 17:13:21.732 12029 12081 D StrictMode: 	at wri.onTransact(:com.google.android.gms@253931038@25.39.31 (260800-813878953):97)
10-21 17:13:21.732 12029 12081 D StrictMode: 	at android.os.Binder.transact(Binder.java:1325)
10-21 17:13:21.732 12029 12081 D StrictMode: 	at cdjd.onTransact(:com.google.android.gms@253931038@25.39.31 (260800-813878953):10)
10-21 17:13:21.732 12029 12081 D StrictMode: 	at android.os.Binder.transact(Binder.java:1325)
10-21 17:13:21.732 12029 12081 D StrictMode: 	at bsvd.onTransact(:com.google.android.gms@253931038@25.39.31 (260800-813878953):161)
10-21 17:13:21.732 12029 12081 D StrictMode: 	at android.os.Binder.execTransactInternal(Binder.java:1473)
10-21 17:13:21.732 12029 12081 D StrictMode: 	at android.os.Binder.execTransact(Binder.java:1418)
10-21 17:13:21.732 12029 12081 D StrictMode: # via Binder call with stack:
10-21 17:13:21.732 12029 12081 D StrictMode: 	at android.os.StrictMode.readAndHandleBinderCallViolations(StrictMode.java:2771)
10-21 17:13:21.732 12029 12081 D StrictMode: 	at android.os.Parcel.readExceptionCode(Parcel.java:3317)
10-21 17:13:21.732 12029 12081 D StrictMode: 	at android.os.Parcel.readException(Parcel.java:3278)
10-21 17:13:21.732 12029 12081 D StrictMode: 	at fyb.fz(PG:11)
10-21 17:13:21.732 12029 12081 D StrictMode: 	at oof.a(PG:108)
10-21 17:13:21.732 12029 12081 D StrictMode: 	at tbk.m(PG:16)
10-21 17:13:21.732 12029 12081 D StrictMode: 	at nwe.run(PG:707)
10-21 17:13:21.732 12029 12081 D StrictMode: 	at amvv.run(PG:21)
10-21 17:13:21.732 12029 12081 D StrictMode: 	at qxs.run(PG:7)
10-21 17:13:21.732 12029 12081 D StrictMode: 	at qxk.run(PG:584)
10-21 17:13:21.732 12029 12081 D StrictMode: 	at anzd.run(PG:50)
10-21 17:13:21.732 12029 12081 D StrictMode: 	at qzi.run(PG:561)
10-21 17:13:21.732 12029 12081 D StrictMode: 	at qxk.run(PG:620)
10-21 17:13:21.732 12029 12081 D StrictMode: 	at java.lang.Thread.run(Thread.java:1563)
10-21 17:13:21.732 12029 12081 D StrictMode: 	at qyo.run(PG:63)
10-21 17:13:21.747 12029 12029 W YT.MDX.aemt: CastAppId for type 0 not found. Defaulting to mainCastAppId.
10-21 17:13:21.747 12029 12029 W YT.MDX.aemt: CastAppId for type 0 not found. Defaulting to mainCastAppId.
10-21 17:13:21.750 12029 12029 W YT.MDX.aemt: CastAppId for type 0 not found. Defaulting to mainCastAppId.
10-21 17:13:21.765 12029 12029 D CompatChangeReporter: Compat change id reported: 309578419; UID 10172; state: ENABLED
10-21 17:13:21.797   767  2053 W PackageConfigPersister: App-specific configuration not found for packageName: com.google.android.youtube and userId: 0
10-21 17:13:21.800 12029 12073 E android.youtube: Resource 7f040af2 is a complex map type.
10-21 17:13:21.806   767  2053 D FileUtils: Rounded bytes from 2061942784 to 4000000000
10-21 17:13:21.824 12029 12029 E yfe     : No overlay to dismiss.
10-21 17:13:21.850  1190  1337 D SatelliteController: iisInCarrierRoamingNbIotNtn: satellite is disabled
10-21 17:13:21.850  1190  1337 D SatelliteController: getCarrierRoamingNtnConnectType: Falling back to global carrier config connect type: 0
10-21 17:13:21.872 12029 12029 E yfe     : No overlay to dismiss.
10-21 17:13:21.875 12029 12029 E YouTube : Null interactionLoggingScreen found when removeInteractionLoggingScreen.
10-21 17:13:21.880 12029 12029 W WindowOnBackDispatcher: OnBackInvokedCallback is not enabled for the application.
10-21 17:13:21.880 12029 12029 W WindowOnBackDispatcher: Set 'android:enableOnBackInvokedCallback="true"' in the application manifest.
10-21 17:13:21.883 12029 12029 I ContentCaptureHelper: Setting logging level to OFF
10-21 17:13:21.900 12029 12029 W YouTube : Screen is missing when call logScreenShown.
10-21 17:13:21.907 12029 12029 D CompatChangeReporter: Compat change id reported: 349153669; UID 10172; state: ENABLED
10-21 17:13:21.908 12029 12029 W HWUI    : Unknown dataspace 0
10-21 17:13:21.954     0     0 I servicemanager: Caller(pid=12029,uid=10172,sid=u:r:untrusted_app:s0:c172,c256,c512,c768) Found android.hardware.graphics.allocator.IAllocator/default in device VINTF manifest.
10-21 17:13:21.956     0     0 I servicemanager: Caller(pid=12029,uid=10172,sid=u:r:untrusted_app:s0:c172,c256,c512,c768) Found android.hardware.graphics.allocator.IAllocator/default in device VINTF manifest.
10-21 17:13:21.957     0     0 I servicemanager: Caller(pid=12029,uid=10172,sid=u:r:untrusted_app:s0:c172,c256,c512,c768) Found mapper/ranchu in device VINTF manifest.
10-21 17:13:21.932 12029 12029 V MediaRouter: Selecting route: RouteInfo{ name=Phone, description=null, status=null, category=RouteCategory{ name=System types=ROUTE_TYPE_LIVE_AUDIO ROUTE_TYPE_LIVE_VIDEO  groupable=false }, supportedTypes=ROUTE_TYPE_LIVE_AUDIO ROUTE_TYPE_LIVE_VIDEO , presentationDisplay=null }
10-21 17:13:21.970 12029 12029 D CompatChangeReporter: Compat change id reported: 270674727; UID 10172; state: ENABLED
10-21 17:13:21.972 12029 12029 W Resources: Drawable com.google.android.youtube:drawable/yt_outline_moon_z_vd_theme_24 has unresolved theme attributes! Consider using Resources.getDrawable(int, Theme) or Context.getDrawable(int).
10-21 17:13:21.972 12029 12029 W Resources: java.lang.RuntimeException
10-21 17:13:21.972 12029 12029 W Resources: 	at android.content.res.Resources.getDrawable(Resources.java:935)
10-21 17:13:21.972 12029 12029 W Resources: 	at icb.h(PG:80)
10-21 17:13:21.972 12029 12029 W Resources: 	at hzg.a(PG:400)
10-21 17:13:21.972 12029 12029 W Resources: 	at bfgw.pC(PG:9)
10-21 17:13:21.972 12029 12029 W Resources: 	at bepf.pC(PG:3)
10-21 17:13:21.972 12029 12029 W Resources: 	at bepc.g(PG:111)
10-21 17:13:21.972 12029 12029 W Resources: 	at bepc.pC(PG:24)
10-21 17:13:21.972 12029 12029 W Resources: 	at beoh.g(PG:13)
10-21 17:13:21.972 12029 12029 W Resources: 	at beof.run(PG:5)
10-21 17:13:21.972 12029 12029 W Resources: 	at amvv.run(PG:21)
10-21 17:13:21.972 12029 12029 W Resources: 	at bffu.run(PG:11)
10-21 17:13:21.972 12029 12029 W Resources: 	at bffw.run(PG:34)
10-21 17:13:21.972 12029 12029 W Resources: 	at android.os.Handler.handleCallback(Handler.java:1070)
10-21 17:13:21.972 12029 12029 W Resources: 	at android.os.Handler.dispatchMessage(Handler.java:125)
10-21 17:13:21.972 12029 12029 W Resources: 	at android.os.Looper.dispatchMessage(Looper.java:333)
10-21 17:13:21.972 12029 12029 W Resources: 	at android.os.Looper.loopOnce(Looper.java:263)
10-21 17:13:21.972 12029 12029 W Resources: 	at android.os.Looper.loop(Looper.java:367)
10-21 17:13:21.972 12029 12029 W Resources: 	at android.app.ActivityThread.main(ActivityThread.java:9227)
10-21 17:13:21.972 12029 12029 W Resources: 	at java.lang.reflect.Method.invoke(Native Method)
10-21 17:13:21.972 12029 12029 W Resources: 	at com.android.internal.os.RuntimeInit$MethodAndArgsCaller.run(RuntimeInit.java:566)
10-21 17:13:21.972 12029 12029 W Resources: 	at com.android.internal.os.ZygoteInit.main(ZygoteInit.java:929)
10-21 17:13:21.977 12029 12029 D VRI[Shell$HomeActivity]: WindowInsets changed: 1080x2400 statusBars:[0,63,0,0] navigationBars:[0,0,0,63] mandatorySystemGestures:[0,63,0,84] 
10-21 17:13:21.978 12029 12029 D WindowOnBackDispatcher: setTopOnBackInvokedCallback (unwrapped): android.view.ViewRootImpl$$ExternalSyntheticLambda12@e29a395
10-21 17:13:21.979   767  2117 D CoreBackPreview: Window{9c45fa4 u0 com.google.android.youtube/com.google.android.youtube.app.honeycomb.Shell$HomeActivity}: Setting back callback OnBackInvokedCallbackInfo{mCallback=android.window.IOnBackInvokedCallback$Stub$Proxy@82c36d3, mPriority=0, mIsAnimationCallback=false, mOverrideBehavior=0}
10-21 17:13:22.021 12029 12029 W View    : requestLayout() improperly called by com.google.android.apps.youtube.app.ui.actionbar.ElevatedAppBarLayout{1d03caa V.E...... ......ID 0,0-1080,126 #7f0b014c app:id/appbar_layout} during layout: running second layout pass
10-21 17:13:22.021 12029 12029 W View    : requestLayout() improperly called by android.widget.FrameLayout{a711e78 V.E...... ......ID 0,126-1080,2274 #7f0b0cff app:id/pane_fragment_container} during layout: running second layout pass
10-21 17:13:22.277 12029 12085 W android.youtube: Long monitor contention with owner yt-critical Thread #0 (12052) at java.lang.String xej.f()(PG:49) waiters=0 in com.google.common.util.concurrent.ListenableFuture xej.a(boolean) for 717ms
10-21 17:13:22.278 12029 12068 W android.youtube: Long monitor contention with owner yt-critical Thread #0 (12052) at java.lang.String xej.f()(PG:49) waiters=1 in java.lang.String xej.f() for 441ms
10-21 17:13:22.282   767   857 D FileUtils: Rounded bytes from 2061942784 to 4000000000
10-21 17:13:22.291   767   857 D FileUtils: Rounded bytes from 2061942784 to 4000000000
10-21 17:13:22.303   767   857 D ConnectivityService: requestNetwork for uid/pid:10172/12029 activeRequest: null callbackRequest: 349 [NetworkRequest [ REQUEST id=350, [ Capabilities: INTERNET&NOT_RESTRICTED&TRUSTED&NOT_VCN_MANAGED&NOT_BANDWIDTH_CONSTRAINED Uid: 10172 RequestorUid: 10172 RequestorPkg: com.google.android.youtube UnderlyingNetworks: Null] ]] callback flags: 0 order: 2147483647 isUidTracked: false declaredMethods: AVAIL|LOST
10-21 17:13:22.306 12029 12056 W YouTube : ECatcher disabled: level: WARNING, category: logging, message: Csi-on-Gel: Unrecognize LatencyActionInfo for key = bres_d
10-21 17:13:22.306 12029 12056 W YouTube : java.lang.Exception
10-21 17:13:22.306 12029 12056 W YouTube : 	at aejg.c(PG:49)
10-21 17:13:22.306 12029 12056 W YouTube : 	at aejh.f(PG:10)
10-21 17:13:22.306 12029 12056 W YouTube : 	at aejb.f(PG:3)
10-21 17:13:22.306 12029 12056 W YouTube : 	at aejn.fx(PG:77)
10-21 17:13:22.306 12029 12056 W YouTube : 	at aejm.c(PG:23)
10-21 17:13:22.306 12029 12056 W YouTube : 	at aejm.fx(PG:23)
10-21 17:13:22.306 12029 12056 W YouTube : 	at yny.a(PG:88)
10-21 17:13:22.306 12029 12056 W YouTube : 	at ypq.run(PG:726)
10-21 17:13:22.306 12029 12056 W YouTube : 	at amvv.run(PG:21)
10-21 17:13:22.306 12029 12056 W YouTube : 	at amvv.run(PG:21)
10-21 17:13:22.306 12029 12056 W YouTube : 	at aogf.run(PG:74)
10-21 17:13:22.306 12029 12056 W YouTube : 	at qxs.run(PG:7)
10-21 17:13:22.306 12029 12056 W YouTube : 	at anzd.run(PG:50)
10-21 17:13:22.306 12029 12056 W YouTube : 	at qzi.run(PG:561)
10-21 17:13:22.306 12029 12056 W YouTube : 	at qxk.run(PG:620)
10-21 17:13:22.306 12029 12056 W YouTube : 	at java.lang.Thread.run(Thread.java:1563)
10-21 17:13:22.306 12029 12056 W YouTube : 	at qyo.run(PG:63)
10-21 17:13:22.309   767   949 D ConnectivityService: NetReassign [350 : null → 101] [c 1] [a 4] [i 0]
10-21 17:13:22.309   767   941 D WifiNetworkFactory: got request NetworkRequest [ REQUEST id=350, [ Capabilities: INTERNET&NOT_RESTRICTED&TRUSTED&NOT_VCN_MANAGED&NOT_BANDWIDTH_CONSTRAINED Uid: 10172 RequestorUid: 10172 RequestorPkg: com.google.android.youtube UnderlyingNetworks: Null] ]
10-21 17:13:22.309   767   941 V WifiNetworkFactory: Accepted network request NetworkRequest [ REQUEST id=350, [ Capabilities: INTERNET&NOT_RESTRICTED&TRUSTED&NOT_VCN_MANAGED&NOT_BANDWIDTH_CONSTRAINED Uid: 10172 RequestorUid: 10172 RequestorPkg: com.google.android.youtube UnderlyingNetworks: Null] ]
10-21 17:13:22.309   767   941 D UntrustedWifiNetworkFactory: got request NetworkRequest [ REQUEST id=350, [ Capabilities: INTERNET&NOT_RESTRICTED&TRUSTED&NOT_VCN_MANAGED&NOT_BANDWIDTH_CONSTRAINED Uid: 10172 RequestorUid: 10172 RequestorPkg: com.google.android.youtube UnderlyingNetworks: Null] ]
10-21 17:13:22.309   767   941 D OemPaidWifiNetworkFactory: got request NetworkRequest [ REQUEST id=350, [ Capabilities: INTERNET&NOT_RESTRICTED&TRUSTED&NOT_VCN_MANAGED&NOT_BANDWIDTH_CONSTRAINED Uid: 10172 RequestorUid: 10172 RequestorPkg: com.google.android.youtube UnderlyingNetworks: Null] ]
10-21 17:13:22.309   767   941 D MultiInternetWifiNetworkFactory: got request NetworkRequest [ REQUEST id=350, [ Capabilities: INTERNET&NOT_RESTRICTED&TRUSTED&NOT_VCN_MANAGED&NOT_BANDWIDTH_CONSTRAINED Uid: 10172 RequestorUid: 10172 RequestorPkg: com.google.android.youtube UnderlyingNetworks: Null] ]
10-21 17:13:22.312   767  1000 D BackgroundInstallControlService: Package event received: 0
10-21 17:13:22.317  1643  1643 D BoundBrokerSvc: onBind: Intent { act=com.google.android.gms.potokens.service.START dat=chimera-action:/... xflg=0x4 cmp=com.google.android.gms/.chimera.GmsApiService }
10-21 17:13:22.317  1643  1643 D BoundBrokerSvc: Loading bound service for intent: Intent { act=com.google.android.gms.potokens.service.START dat=chimera-action:/... xflg=0x4 cmp=com.google.android.gms/.chimera.GmsApiService }
10-21 17:13:22.432   767   799 I ActivityTaskManager: Displayed com.google.android.youtube/.app.honeycomb.Shell$HomeActivity for user 0: +1s735ms
10-21 17:13:22.556 12029 12057 W YT.MDX.BaseBackgroundSc: Client LivingRoomNotificationRequestManager attempted to notify configuration change when it hasn't been registered.
10-21 17:13:22.561 12029 12057 W YT.MDX.BaseBackgroundSc: Client LivingRoomNotificationRevokeManager attempted to notify configuration change when it hasn't been registered.
10-21 17:13:22.574  1643  1643 D BoundBrokerSvc: onBind: Intent { act=com.google.android.gms.feedback.internal.IFeedbackService dat=chimera-action:/... xflg=0x4 cmp=com.google.android.gms/.chimera.GmsBoundBrokerService }
10-21 17:13:22.574  1643  1643 D BoundBrokerSvc: Loading bound service for intent: Intent { act=com.google.android.gms.feedback.internal.IFeedbackService dat=chimera-action:/... xflg=0x4 cmp=com.google.android.gms/.chimera.GmsBoundBrokerService }
10-21 17:13:22.639  1643 22823 I Icing   : IndexChimeraService.getServiceInterface callingPackage=com.google.android.gms componentName=null serviceId=30
10-21 17:13:22.648 12029 12074 E YouTube : There was an error
10-21 17:13:22.648 12029 12074 E YouTube : yvs
10-21 17:13:22.648 12029 12074 E YouTube : 	at dzw.run(PG:578)
10-21 17:13:22.648 12029 12074 E YouTube : 	at amvv.run(PG:21)
10-21 17:13:22.648 12029 12074 E YouTube : 	at qxs.run(PG:7)
10-21 17:13:22.648 12029 12074 E YouTube : 	at anzd.run(PG:50)
10-21 17:13:22.648 12029 12074 E YouTube : 	at qzi.run(PG:561)
10-21 17:13:22.648 12029 12074 E YouTube : 	at qxk.run(PG:620)
10-21 17:13:22.648 12029 12074 E YouTube : 	at java.lang.Thread.run(Thread.java:1563)
10-21 17:13:22.648 12029 12074 E YouTube : 	at qyo.run(PG:63)
10-21 17:13:22.653 12029 12056 W YouTube : ECatcher disabled: level: WARNING, category: logging, message: Csi-on-Gel: Unrecognize LatencyActionInfo for key = bres_d
10-21 17:13:22.653 12029 12056 W YouTube : java.lang.Exception
10-21 17:13:22.653 12029 12056 W YouTube : 	at aejg.c(PG:49)
10-21 17:13:22.653 12029 12056 W YouTube : 	at aejh.f(PG:10)
10-21 17:13:22.653 12029 12056 W YouTube : 	at aejb.f(PG:3)
10-21 17:13:22.653 12029 12056 W YouTube : 	at aejn.fx(PG:77)
10-21 17:13:22.653 12029 12056 W YouTube : 	at aejm.c(PG:23)
10-21 17:13:22.653 12029 12056 W YouTube : 	at aejm.fx(PG:23)
10-21 17:13:22.653 12029 12056 W YouTube : 	at yny.a(PG:88)
10-21 17:13:22.653 12029 12056 W YouTube : 	at ypq.run(PG:726)
10-21 17:13:22.653 12029 12056 W YouTube : 	at amvv.run(PG:21)
10-21 17:13:22.653 12029 12056 W YouTube : 	at amvv.run(PG:21)
10-21 17:13:22.653 12029 12056 W YouTube : 	at aogf.run(PG:74)
10-21 17:13:22.653 12029 12056 W YouTube : 	at qxs.run(PG:7)
10-21 17:13:22.653 12029 12056 W YouTube : 	at qxk.run(PG:584)
10-21 17:13:22.653 12029 12056 W YouTube : 	at anzd.run(PG:50)
10-21 17:13:22.653 12029 12056 W YouTube : 	at qzi.run(PG:561)
10-21 17:13:22.653 12029 12056 W YouTube : 	at qxk.run(PG:620)
10-21 17:13:22.653 12029 12056 W YouTube : 	at java.lang.Thread.run(Thread.java:1563)
10-21 17:13:22.653 12029 12056 W YouTube : 	at qyo.run(PG:63)
10-21 17:13:22.664 12029 12029 D WindowLayoutComponentImpl: Register WindowLayoutInfoListener on Context=com.google.android.apps.youtube.app.watchwhile.MainActivity@2b3562b, of which baseContext=rk@234da4d, of which baseContext=android.app.ContextImpl@f929902
10-21 17:13:22.666 12029 12029 I Choreographer: Skipped 41 frames!  The application may be doing too much work on its main thread.
10-21 17:13:22.709 12029 12074 W YouTube : ECatcher disabled: level: WARNING, category: logging, message: Csi-on-Gel: Unrecognize LatencyActionInfo for key = psmd
10-21 17:13:22.709 12029 12074 W YouTube : java.lang.Exception
10-21 17:13:22.709 12029 12074 W YouTube : 	at aejg.c(PG:49)
10-21 17:13:22.709 12029 12074 W YouTube : 	at aejh.f(PG:10)
10-21 17:13:22.709 12029 12074 W YouTube : 	at aejb.f(PG:3)
10-21 17:13:22.709 12029 12074 W YouTube : 	at aejn.fx(PG:77)
10-21 17:13:22.709 12029 12074 W YouTube : 	at aejm.c(PG:23)
10-21 17:13:22.709 12029 12074 W YouTube : 	at aejm.fx(PG:23)
10-21 17:13:22.709 12029 12074 W YouTube : 	at yny.a(PG:88)
10-21 17:13:22.709 12029 12074 W YouTube : 	at ypq.run(PG:726)
10-21 17:13:22.709 12029 12074 W YouTube : 	at amvv.run(PG:21)
10-21 17:13:22.709 12029 12074 W YouTube : 	at amvv.run(PG:21)
10-21 17:13:22.709 12029 12074 W YouTube : 	at aogf.run(PG:74)
10-21 17:13:22.709 12029 12074 W YouTube : 	at qxs.run(PG:7)
10-21 17:13:22.709 12029 12074 W YouTube : 	at qxk.run(PG:584)
10-21 17:13:22.709 12029 12074 W YouTube : 	at anzd.run(PG:50)
10-21 17:13:22.709 12029 12074 W YouTube : 	at qzi.run(PG:561)
10-21 17:13:22.709 12029 12074 W YouTube : 	at qxk.run(PG:620)
10-21 17:13:22.709 12029 12074 W YouTube : 	at java.lang.Thread.run(Thread.java:1563)
10-21 17:13:22.709 12029 12074 W YouTube : 	at qyo.run(PG:63)
10-21 17:13:22.709 12029 12074 W YouTube : ECatcher disabled: level: WARNING, category: logging, message: Csi-on-Gel: Unrecognize LatencyActionInfo for key = subl
10-21 17:13:22.709 12029 12074 W YouTube : java.lang.Exception
10-21 17:13:22.709 12029 12074 W YouTube : 	at aejg.c(PG:49)
10-21 17:13:22.709 12029 12074 W YouTube : 	at aejh.f(PG:10)
10-21 17:13:22.709 12029 12074 W YouTube : 	at aejb.f(PG:3)
10-21 17:13:22.709 12029 12074 W YouTube : 	at aejn.fx(PG:77)
10-21 17:13:22.709 12029 12074 W YouTube : 	at aejm.c(PG:23)
10-21 17:13:22.709 12029 12074 W YouTube : 	at aejm.fx(PG:23)
10-21 17:13:22.709 12029 12074 W YouTube : 	at yny.a(PG:88)
10-21 17:13:22.709 12029 12074 W YouTube : 	at ypq.run(PG:726)
10-21 17:13:22.709 12029 12074 W YouTube : 	at amvv.run(PG:21)
10-21 17:13:22.709 12029 12074 W YouTube : 	at amvv.run(PG:21)
10-21 17:13:22.709 12029 12074 W YouTube : 	at aogf.run(PG:74)
10-21 17:13:22.709 12029 12074 W YouTube : 	at qxs.run(PG:7)
10-21 17:13:22.709 12029 12074 W YouTube : 	at qxk.run(PG:584)
10-21 17:13:22.709 12029 12074 W YouTube : 	at anzd.run(PG:50)
10-21 17:13:22.709 12029 12074 W YouTube : 	at qzi.run(PG:561)
10-21 17:13:22.709 12029 12074 W YouTube : 	at qxk.run(PG:620)
10-21 17:13:22.709 12029 12074 W YouTube : 	at java.lang.Thread.run(Thread.java:1563)
10-21 17:13:22.709 12029 12074 W YouTube : 	at qyo.run(PG:63)
10-21 17:13:22.709 12029 12074 W YouTube : ECatcher disabled: level: WARNING, category: logging, message: Csi-on-Gel: Unrecognize LatencyActionInfo for key = sudsl
10-21 17:13:22.709 12029 12074 W YouTube : java.lang.Exception
10-21 17:13:22.709 12029 12074 W YouTube : 	at aejg.c(PG:49)
10-21 17:13:22.709 12029 12074 W YouTube : 	at aejh.f(PG:10)
10-21 17:13:22.709 12029 12074 W YouTube : 	at aejb.f(PG:3)
10-21 17:13:22.709 12029 12074 W YouTube : 	at aejn.fx(PG:77)
10-21 17:13:22.709 12029 12074 W YouTube : 	at aejm.c(PG:23)
10-21 17:13:22.709 12029 12074 W YouTube : 	at aejm.fx(PG:23)
10-21 17:13:22.709 12029 12074 W YouTube : 	at yny.a(PG:88)
10-21 17:13:22.709 12029 12074 W YouTube : 	at ypq.run(PG:726)
10-21 17:13:22.709 12029 12074 W YouTube : 	at amvv.run(PG:21)
10-21 17:13:22.709 12029 12074 W YouTube : 	at amvv.run(PG:21)
10-21 17:13:22.709 12029 12074 W YouTube : 	at aogf.run(PG:74)
10-21 17:13:22.709 12029 12074 W YouTube : 	at qxs.run(PG:7)
10-21 17:13:22.709 12029 12074 W YouTube : 	at qxk.run(PG:584)
10-21 17:13:22.709 12029 12074 W YouTube : 	at anzd.run(PG:50)
10-21 17:13:22.709 12029 12074 W YouTube : 	at qzi.run(PG:561)
10-21 17:13:22.709 12029 12074 W YouTube : 	at qxk.run(PG:620)
10-21 17:13:22.709 12029 12074 W YouTube : 	at java.lang.Thread.run(Thread.java:1563)
10-21 17:13:22.709 12029 12074 W YouTube : 	at qyo.run(PG:63)
10-21 17:13:22.709 12029 12074 W YouTube : ECatcher disabled: level: WARNING, category: logging, message: Csi-on-Gel: Unrecognize LatencyActionInfo for key = sutt
10-21 17:13:22.709 12029 12074 W YouTube : java.lang.Exception
10-21 17:13:22.709 12029 12074 W YouTube : 	at aejg.c(PG:49)
10-21 17:13:22.709 12029 12074 W YouTube : 	at aejh.f(PG:10)
10-21 17:13:22.709 12029 12074 W YouTube : 	at aejb.f(PG:3)
10-21 17:13:22.709 12029 12074 W YouTube : 	at aejn.fx(PG:77)
10-21 17:13:22.709 12029 12074 W YouTube : 	at aejm.c(PG:23)
10-21 17:13:22.709 12029 12074 W YouTube : 	at aejm.fx(PG:23)
10-21 17:13:22.709 12029 12074 W YouTube : 	at yny.a(PG:88)
10-21 17:13:22.709 12029 12074 W YouTube : 	at ypq.run(PG:726)
10-21 17:13:22.709 12029 12074 W YouTube : 	at amvv.run(PG:21)
10-21 17:13:22.709 12029 12074 W YouTube : 	at amvv.run(PG:21)
10-21 17:13:22.709 12029 12074 W YouTube : 	at aogf.run(PG:74)
10-21 17:13:22.709 12029 12074 W YouTube : 	at qxs.run(PG:7)
10-21 17:13:22.709 12029 12074 W YouTube : 	at qxk.run(PG:584)
10-21 17:13:22.709 12029 12074 W YouTube : 	at anzd.run(PG:50)
10-21 17:13:22.709 12029 12074 W YouTube : 	at qzi.run(PG:561)
10-21 17:13:22.709 12029 12074 W YouTube : 	at qxk.run(PG:620)
10-21 17:13:22.709 12029 12074 W YouTube : 	at java.lang.Thread.run(Thread.java:1563)
10-21 17:13:22.709 12029 12074 W YouTube : 	at qyo.run(PG:63)
10-21 17:13:22.709 12029 12074 W YouTube : ECatcher disabled: level: WARNING, category: logging, message: Csi-on-Gel: Unrecognize LatencyActionInfo for key = sute
10-21 17:13:22.709 12029 12074 W YouTube : java.lang.Exception
10-21 17:13:22.709 12029 12074 W YouTube : 	at aejg.c(PG:49)
10-21 17:13:22.709 12029 12074 W YouTube : 	at aejh.f(PG:10)
10-21 17:13:22.709 12029 12074 W YouTube : 	at aejb.f(PG:3)
10-21 17:13:22.709 12029 12074 W YouTube : 	at aejn.fx(PG:77)
10-21 17:13:22.709 12029 12074 W YouTube : 	at aejm.c(PG:23)
10-21 17:13:22.709 12029 12074 W YouTube : 	at aejm.fx(PG:23)
10-21 17:13:22.709 12029 12074 W YouTube : 	at yny.a(PG:88)
10-21 17:13:22.709 12029 12074 W YouTube : 	at ypq.run(PG:726)
10-21 17:13:22.709 12029 12074 W YouTube : 	at amvv.run(PG:21)
10-21 17:13:22.709 12029 12074 W YouTube : 	at amvv.run(PG:21)
10-21 17:13:22.709 12029 12074 W YouTube : 	at aogf.run(PG:74)
10-21 17:13:22.709 12029 12074 W YouTube : 	at qxs.run(PG:7)
10-21 17:13:22.709 12029 12074 W YouTube : 	at qxk.run(PG:584)
10-21 17:13:22.709 12029 12074 W YouTube : 	at anzd.run(PG:50)
10-21 17:13:22.709 12029 12074 W YouTube : 	at qzi.run(PG:561)
10-21 17:13:22.709 12029 12074 W YouTube : 	at qxk.run(PG:620)
10-21 17:13:22.709 12029 12074 W YouTube : 	at java.lang.Thread.run(Thread.java:1563)
10-21 17:13:22.709 12029 12074 W YouTube : 	at qyo.run(PG:63)
10-21 17:13:22.709 12029 12074 W YouTube : ECatcher disabled: level: WARNING, category: logging, message: Csi-on-Gel: Unrecognize LatencyActionInfo for key = swib
10-21 17:13:22.709 12029 12074 W YouTube : java.lang.Exception
10-21 17:13:22.709 12029 12074 W YouTube : 	at aejg.c(PG:49)
10-21 17:13:22.709 12029 12074 W YouTube : 	at aejh.f(PG:10)
10-21 17:13:22.709 12029 12074 W YouTube : 	at aejb.f(PG:3)
10-21 17:13:22.709 12029 12074 W YouTube : 	at aejn.fx(PG:77)
10-21 17:13:22.709 12029 12074 W YouTube : 	at aejm.c(PG:23)
10-21 17:13:22.709 12029 12074 W YouTube : 	at aejm.fx(PG:23)
10-21 17:13:22.709 12029 12074 W YouTube : 	at yny.a(PG:88)
10-21 17:13:22.709 12029 12074 W YouTube : 	at ypq.run(PG:726)
10-21 17:13:22.709 12029 12074 W YouTube : 	at amvv.run(PG:21)
10-21 17:13:22.709 12029 12074 W YouTube : 	at amvv.run(PG:21)
10-21 17:13:22.709 12029 12074 W YouTube : 	at aogf.run(PG:74)
10-21 17:13:22.709 12029 12074 W YouTube : 	at qxs.run(PG:7)
10-21 17:13:22.709 12029 12074 W YouTube : 	at qxk.run(PG:584)
10-21 17:13:22.709 12029 12074 W YouTube : 	at anzd.run(PG:50)
10-21 17:13:22.709 12029 12074 W YouTube : 	at qzi.run(PG:561)
10-21 17:13:22.709 12029 12074 W YouTube : 	at qxk.run(PG:620)
10-21 17:13:22.709 12029 12074 W YouTube : 	at java.lang.Thread.run(Thread.java:1563)
10-21 17:13:22.709 12029 12074 W YouTube : 	at qyo.run(PG:63)
10-21 17:13:22.709 12029 12074 W YouTube : ECatcher disabled: level: WARNING, category: logging, message: Csi-on-Gel: Unrecognize LatencyActionInfo for key = sswo
10-21 17:13:22.709 12029 12074 W YouTube : java.lang.Exception
10-21 17:13:22.709 12029 12074 W YouTube : 	at aejg.c(PG:49)
10-21 17:13:22.709 12029 12074 W YouTube : 	at aejh.f(PG:10)
10-21 17:13:22.709 12029 12074 W YouTube : 	at aejb.f(PG:3)
10-21 17:13:22.709 12029 12074 W YouTube : 	at aejn.fx(PG:77)
10-21 17:13:22.709 12029 12074 W YouTube : 	at aejm.c(PG:23)
10-21 17:13:22.709 12029 12074 W YouTube : 	at aejm.fx(PG:23)
10-21 17:13:22.709 12029 12074 W YouTube : 	at yny.a(PG:88)
10-21 17:13:22.709 12029 12074 W YouTube : 	at ypq.run(PG:726)
10-21 17:13:22.709 12029 12074 W YouTube : 	at amvv.run(PG:21)
10-21 17:13:22.709 12029 12074 W YouTube : 	at amvv.run(PG:21)
10-21 17:13:22.709 12029 12074 W YouTube : 	at aogf.run(PG:74)
10-21 17:13:22.709 12029 12074 W YouTube : 	at qxs.run(PG:7)
10-21 17:13:22.709 12029 12074 W YouTube : 	at qxk.run(PG:584)
10-21 17:13:22.709 12029 12074 W YouTube : 	at anzd.run(PG:50)
10-21 17:13:22.709 12029 12074 W YouTube : 	at qzi.run(PG:561)
10-21 17:13:22.709 12029 12074 W YouTube : 	at qxk.run(PG:620)
10-21 17:13:22.709 12029 12074 W YouTube : 	at java.lang.Thread.run(Thread.java:1563)
10-21 17:13:22.709 12029 12074 W YouTube : 	at qyo.run(PG:63)
10-21 17:13:22.710 12029 12074 W YouTube : ECatcher disabled: level: WARNING, category: logging, message: Csi-on-Gel: Unrecognize LatencyActionInfo for key = sbdc
10-21 17:13:22.710 12029 12074 W YouTube : java.lang.Exception
10-21 17:13:22.710 12029 12074 W YouTube : 	at aejg.c(PG:49)
10-21 17:13:22.710 12029 12074 W YouTube : 	at aejh.f(PG:10)
10-21 17:13:22.710 12029 12074 W YouTube : 	at aejb.f(PG:3)
10-21 17:13:22.710 12029 12074 W YouTube : 	at aejn.fx(PG:77)
10-21 17:13:22.710 12029 12074 W YouTube : 	at aejm.c(PG:23)
10-21 17:13:22.710 12029 12074 W YouTube : 	at aejm.fx(PG:23)
10-21 17:13:22.710 12029 12074 W YouTube : 	at yny.a(PG:88)
10-21 17:13:22.710 12029 12074 W YouTube : 	at ypq.run(PG:726)
10-21 17:13:22.710 12029 12074 W YouTube : 	at amvv.run(PG:21)
10-21 17:13:22.710 12029 12074 W YouTube : 	at amvv.run(PG:21)
10-21 17:13:22.710 12029 12074 W YouTube : 	at aogf.run(PG:74)
10-21 17:13:22.710 12029 12074 W YouTube : 	at qxs.run(PG:7)
10-21 17:13:22.710 12029 12074 W YouTube : 	at qxk.run(PG:584)
10-21 17:13:22.710 12029 12074 W YouTube : 	at anzd.run(PG:50)
10-21 17:13:22.710 12029 12074 W YouTube : 	at qzi.run(PG:561)
10-21 17:13:22.710 12029 12074 W YouTube : 	at qxk.run(PG:620)
10-21 17:13:22.710 12029 12074 W YouTube : 	at java.lang.Thread.run(Thread.java:1563)
10-21 17:13:22.710 12029 12074 W YouTube : 	at qyo.run(PG:63)
10-21 17:13:22.715  1730  1730 W AiAiVC  : Unexpected capture event type: 11
10-21 17:13:22.741  1197  1197 D BaseActivity: Launcher flags updated: [] -[state_started]
10-21 17:13:22.743  1197  1197 D BaseDepthController: setSurface:
10-21 17:13:22.743  1197  1197 D BaseDepthController: 	mWaitingOnSurfaceValidity: false
10-21 17:13:22.743  1197  1197 D BaseDepthController: 	mBaseSurface: null
10-21 17:13:22.744  1197  1197 D BaseDepthController: mSurface is null and mCurrentBlur is: 0
10-21 17:13:22.744   767   906 I ImeTracker: com.google.android.youtube:e99e4cd2: onRequestHide at ORIGIN_SERVER reason HIDE_UNSPECIFIED_WINDOW fromUser false
10-21 17:13:22.746 12029 12037 I HWUI    : Davey! duration=751ms; Flags=0, FrameTimelineVsyncId=71067, IntendedVsync=92762596593173, Vsync=92763279926479, InputEventId=0, HandleInputStart=92763287094132, AnimationStart=92763287095291, PerformTraversalsStart=92763295744706, DrawStart=92763314779190, FrameDeadline=92763079926487, FrameStartTime=92763286404692, FrameInterval=16666666, WorkloadTarget=16666666, SyncQueued=92763315835877, SyncStart=92763315862231, IssueDrawCommandsStart=92763315984778, SwapBuffers=92763330820201, FrameCompleted=92763348355560, DequeueBufferDuration=1562643, QueueBufferDuration=483411, GpuCompleted=92763348355560, SwapBuffersCompleted=92763335686461, DisplayPresentTime=0, CommandSubmissionCompleted=92763330820201, 
10-21 17:13:22.778  1197  1197 D StateManager: goToState - fromState: Normal, toState: Normal, partial trace:
10-21 17:13:22.778  1197  1197 D StateManager: 	at com.android.launcher3.statemanager.StateManager.moveToRestState(go/retraceme cc159fc410870f9b82d4fff679f5a623fa5746f18e90631cd3706bfb3e28ce20:6)
10-21 17:13:22.778  1197  1197 D StateManager: 	at com.android.launcher3.statemanager.StateManager.moveToRestState(go/retraceme cc159fc410870f9b82d4fff679f5a623fa5746f18e90631cd3706bfb3e28ce20:2)
10-21 17:13:22.778  1197  1197 D StateManager: 	at com.android.launcher3.statemanager.StatefulActivity.onStop(go/retraceme cc159fc410870f9b82d4fff679f5a623fa5746f18e90631cd3706bfb3e28ce20:32)
10-21 17:13:22.778  1197  1197 D StateManager: onRepeatStateSetAborted - state: Normal
10-21 17:13:22.779  1197  1197 D ActivityContext: hideKeyboard: 
10-21 17:13:22.779  1197  1197 D ActivityContext: java.lang.Exception
10-21 17:13:22.779  1197  1197 D ActivityContext: 	at com.android.launcher3.views.ActivityContext.hideKeyboard(go/retraceme cc159fc410870f9b82d4fff679f5a623fa5746f18e90631cd3706bfb3e28ce20:3)
10-21 17:13:22.779  1197  1197 D ActivityContext: 	at com.android.launcher3.Launcher.onStop(go/retraceme cc159fc410870f9b82d4fff679f5a623fa5746f18e90631cd3706bfb3e28ce20:17)
10-21 17:13:22.779  1197  1197 D ActivityContext: 	at com.android.launcher3.uioverrides.QuickstepLauncher.onStop(go/retraceme cc159fc410870f9b82d4fff679f5a623fa5746f18e90631cd3706bfb3e28ce20:1)
10-21 17:13:22.779  1197  1197 D ActivityContext: 	at com.google.android.apps.nexuslauncher.NexusLauncherActivity.onStop(go/retraceme cc159fc410870f9b82d4fff679f5a623fa5746f18e90631cd3706bfb3e28ce20:1)
10-21 17:13:22.779  1197  1197 D ActivityContext: 	at android.app.Instrumentation.callActivityOnStop(Instrumentation.java:1757)
10-21 17:13:22.779  1197  1197 D ActivityContext: 	at android.app.Activity.performStop(Activity.java:9560)
10-21 17:13:22.779  1197  1197 D ActivityContext: 	at android.app.ActivityThread.callActivityOnStop(ActivityThread.java:6241)
10-21 17:13:22.779  1197  1197 D ActivityContext: 	at android.app.ActivityThread.performStopActivityInner(ActivityThread.java:6221)
10-21 17:13:22.779  1197  1197 D ActivityContext: 	at android.app.ActivityThread.handleStopActivity(ActivityThread.java:6284)
10-21 17:13:22.779  1197  1197 D ActivityContext: 	at android.app.servertransaction.StopActivityItem.execute(StopActivityItem.java:43)
10-21 17:13:22.779  1197  1197 D ActivityContext: 	at android.app.servertransaction.ActivityTransactionItem.execute(ActivityTransactionItem.java:63)
10-21 17:13:22.779  1197  1197 D ActivityContext: 	at android.app.servertransaction.TransactionExecutor.executeLifecycleItem(TransactionExecutor.java:169)
10-21 17:13:22.779  1197  1197 D ActivityContext: 	at android.app.servertransaction.TransactionExecutor.executeTransactionItems(TransactionExecutor.java:101)
10-21 17:13:22.779  1197  1197 D ActivityContext: 	at android.app.servertransaction.TransactionExecutor.execute(TransactionExecutor.java:80)
10-21 17:13:22.779  1197  1197 D ActivityContext: 	at android.app.ActivityThread$H.handleMessage(ActivityThread.java:2917)
10-21 17:13:22.779  1197  1197 D ActivityContext: 	at android.os.Handler.dispatchMessage(Handler.java:132)
10-21 17:13:22.779  1197  1197 D ActivityContext: 	at android.os.Looper.dispatchMessage(Looper.java:333)
10-21 17:13:22.779  1197  1197 D ActivityContext: 	at android.os.Looper.loopOnce(Looper.java:263)
10-21 17:13:22.779  1197  1197 D ActivityContext: 	at android.os.Looper.loop(Looper.java:367)
10-21 17:13:22.779  1197  1197 D ActivityContext: 	at android.app.ActivityThread.main(ActivityThread.java:9227)
10-21 17:13:22.779  1197  1197 D ActivityContext: 	at java.lang.reflect.Method.invoke(Native Method)
10-21 17:13:22.779  1197  1197 D ActivityContext: 	at com.android.internal.os.RuntimeInit$MethodAndArgsCaller.run(RuntimeInit.java:566)
10-21 17:13:22.779  1197  1197 D ActivityContext: 	at com.android.internal.os.ZygoteInit.main(ZygoteInit.java:929)
10-21 17:13:22.779  1197  1197 D ActivityContext: isImeShown: false
10-21 17:13:22.779  1197  1197 D StatsLog: LAUNCHER_ONSTOP
10-21 17:13:22.787  1197  1197 D StatsLog: LAUNCHER_GOOGLE_SEARCH_RESTORE_LIST_SIZE_AFTER_ACTIVITY_RESTART
10-21 17:13:22.815   767  2053 I AppWidgetServiceImpl: setAppWidgetHidden() 0
10-21 17:13:22.820   520   596 I netd    : tetherGetStats() -> {[]} <22.91ms>
10-21 17:13:22.857   767  1000 D BackgroundInstallControlService: Package event received: 0
10-21 17:13:22.869   767   857 I ImeTracker: system_server:eaa43680: onRequestHide at ORIGIN_SERVER reason IME_REQUESTED_CHANGED_LISTENER fromUser false
10-21 17:13:22.871   767   802 I ImeTracker: system_server:eaa43680: onCancelled at PHASE_SERVER_SHOULD_HIDE
10-21 17:13:22.882  1589  1589 I GoogleInputMethodService: GoogleInputMethodService.onFinishInput():1984 
10-21 17:13:22.907  1055  1285 D WindowOnBackDispatcher: setTopOnBackInvokedCallback (unwrapped): null
10-21 17:13:22.909  1589  1589 I Module  : DeviceLockedStatusModuleProvider$Module.updateDeviceLockedStatus():100 repeatCheckTimes = 0, locked = false
10-21 17:13:22.913  1589  1589 I GoogleInputMethodService: GoogleInputMethodService.onStartInput():1248 onStartInput(EditorInfo{EditorInfo{packageName=com.google.android.youtube, inputType=0, inputTypeString=NULL, enableLearning=false, autoCorrection=false, autoComplete=false, imeOptions=0, privateImeOptions=null, actionName=UNSPECIFIED, actionLabel=null, initialSelStart=-1, initialSelEnd=-1, initialCapsMode=0, label=null, fieldId=0, fieldName=null, extras=null, hintText=null, hintLocales=[]}}, false)
10-21 17:13:22.914   767  1914 D CoreBackPreview: Window{321709a u0 Splash Screen com.google.android.youtube EXITING}: Setting back callback null
10-21 17:13:22.930   628   737 W libbinder.IPCThreadState: Sending oneway calls to frozen process.
10-21 17:13:22.930   628   737 W libbinder.IPCThreadState: Sending oneway calls to frozen process.
10-21 17:13:22.935  1589  1589 I Module  : DeviceLockedStatusModuleProvider$Module.updateDeviceLockedStatus():100 repeatCheckTimes = 1, locked = false
10-21 17:13:22.936   767   857 W PackageConfigPersister: App-specific configuration not found for packageName: com.google.android.youtube and userId: 0
10-21 17:13:22.941 12029 12029 D InsetsController: hide(ime())
10-21 17:13:22.942 12029 12029 I ImeTracker: com.google.android.youtube:e99e4cd2: onCancelled at PHASE_CLIENT_ALREADY_HIDDEN
10-21 17:13:23.056   767   857 D ConnectivityService: requestNetwork for uid/pid:10172/12029 activeRequest: null callbackRequest: 351 [NetworkRequest [ REQUEST id=352, [ Capabilities: INTERNET&NOT_RESTRICTED&TRUSTED&NOT_VCN_MANAGED&NOT_BANDWIDTH_CONSTRAINED Uid: 10172 RequestorUid: 10172 RequestorPkg: com.google.android.youtube UnderlyingNetworks: Null] ]] callback flags: 0 order: 2147483647 isUidTracked: false declaredMethods: AVAIL|LOST|NC
10-21 17:13:23.058   767   949 D ConnectivityService: NetReassign [352 : null → 101] [c 0] [a 0] [i 1]
10-21 17:13:23.078   767   941 D WifiNetworkFactory: got request NetworkRequest [ REQUEST id=352, [ Capabilities: INTERNET&NOT_RESTRICTED&TRUSTED&NOT_VCN_MANAGED&NOT_BANDWIDTH_CONSTRAINED Uid: 10172 RequestorUid: 10172 RequestorPkg: com.google.android.youtube UnderlyingNetworks: Null] ]
10-21 17:13:23.081   767   941 V WifiNetworkFactory: Accepted network request NetworkRequest [ REQUEST id=352, [ Capabilities: INTERNET&NOT_RESTRICTED&TRUSTED&NOT_VCN_MANAGED&NOT_BANDWIDTH_CONSTRAINED Uid: 10172 RequestorUid: 10172 RequestorPkg: com.google.android.youtube UnderlyingNetworks: Null] ]
10-21 17:13:23.082   767   941 D UntrustedWifiNetworkFactory: got request NetworkRequest [ REQUEST id=352, [ Capabilities: INTERNET&NOT_RESTRICTED&TRUSTED&NOT_VCN_MANAGED&NOT_BANDWIDTH_CONSTRAINED Uid: 10172 RequestorUid: 10172 RequestorPkg: com.google.android.youtube UnderlyingNetworks: Null] ]
10-21 17:13:23.083   767   941 D OemPaidWifiNetworkFactory: got request NetworkRequest [ REQUEST id=352, [ Capabilities: INTERNET&NOT_RESTRICTED&TRUSTED&NOT_VCN_MANAGED&NOT_BANDWIDTH_CONSTRAINED Uid: 10172 RequestorUid: 10172 RequestorPkg: com.google.android.youtube UnderlyingNetworks: Null] ]
10-21 17:13:23.083   767   941 D MultiInternetWifiNetworkFactory: got request NetworkRequest [ REQUEST id=352, [ Capabilities: INTERNET&NOT_RESTRICTED&TRUSTED&NOT_VCN_MANAGED&NOT_BANDWIDTH_CONSTRAINED Uid: 10172 RequestorUid: 10172 RequestorPkg: com.google.android.youtube UnderlyingNetworks: Null] ]
10-21 17:13:23.118   767  2117 W JobScheduler: Job didn't exist in JobStore: 19916e4 {androidx.work.systemjobscheduler} #u0a172/320 #delayed_event_dispatch_dispatch_to_empty_tier_one_off_task#@androidx.work.systemjobscheduler@com.google.android.youtube/androidx.work.impl.background.systemjob.SystemJobService
10-21 17:13:23.120   767  2053 W JobScheduler: Job didn't exist in JobStore: 2dc7aa {androidx.work.systemjobscheduler} #u0a172/319 #delayed_event_dispatch_default_tier_one_off_task#@androidx.work.systemjobscheduler@com.google.android.youtube/androidx.work.impl.background.systemjob.SystemJobService
10-21 17:13:23.147  1643  2321 I Icing   : Usage reports ok 9, Failed Usage reports 0, indexed 0, rejected 0
10-21 17:13:23.435 12029 12044 W YouTube : ECatcher disabled: level: WARNING, category: logging, message: Csi-on-Gel: Unrecognize LatencyActionInfo for key = brnr_r
10-21 17:13:23.435 12029 12044 W YouTube : java.lang.Exception
10-21 17:13:23.435 12029 12044 W YouTube : 	at aejg.c(PG:49)
10-21 17:13:23.435 12029 12044 W YouTube : 	at aejh.f(PG:10)
10-21 17:13:23.435 12029 12044 W YouTube : 	at aejb.f(PG:3)
10-21 17:13:23.435 12029 12044 W YouTube : 	at aejn.fx(PG:77)
10-21 17:13:23.435 12029 12044 W YouTube : 	at aejm.c(PG:23)
10-21 17:13:23.435 12029 12044 W YouTube : 	at aejm.fx(PG:23)
10-21 17:13:23.435 12029 12044 W YouTube : 	at yny.a(PG:88)
10-21 17:13:23.435 12029 12044 W YouTube : 	at ypq.run(PG:726)
10-21 17:13:23.435 12029 12044 W YouTube : 	at amvv.run(PG:21)
10-21 17:13:23.435 12029 12044 W YouTube : 	at amvv.run(PG:21)
10-21 17:13:23.435 12029 12044 W YouTube : 	at aoge.run(PG:3)
10-21 17:13:23.435 12029 12044 W YouTube : 	at aogf.run(PG:74)
10-21 17:13:23.435 12029 12044 W YouTube : 	at qxs.run(PG:7)
10-21 17:13:23.435 12029 12044 W YouTube : 	at qxk.run(PG:584)
10-21 17:13:23.435 12029 12044 W YouTube : 	at anzd.run(PG:50)
10-21 17:13:23.435 12029 12044 W YouTube : 	at qzi.run(PG:561)
10-21 17:13:23.435 12029 12044 W YouTube : 	at qxk.run(PG:620)
10-21 17:13:23.435 12029 12044 W YouTube : 	at java.lang.Thread.run(Thread.java:1563)
10-21 17:13:23.435 12029 12044 W YouTube : 	at qyo.run(PG:63)
10-21 17:13:23.448 12029 12085 W YouTube : Empty persistent device token received from InnerTube.
10-21 17:13:23.451 12029 12044 W YouTube : ECatcher disabled: level: WARNING, category: logging, message: Csi-on-Gel: Unrecognize LatencyActionInfo for key = yt_fn
10-21 17:13:23.451 12029 12044 W YouTube : java.lang.Exception
10-21 17:13:23.451 12029 12044 W YouTube : 	at aejg.c(PG:49)
10-21 17:13:23.451 12029 12044 W YouTube : 	at aejh.f(PG:10)
10-21 17:13:23.451 12029 12044 W YouTube : 	at aejb.f(PG:3)
10-21 17:13:23.451 12029 12044 W YouTube : 	at aejn.fx(PG:77)
10-21 17:13:23.451 12029 12044 W YouTube : 	at aejm.c(PG:23)
10-21 17:13:23.451 12029 12044 W YouTube : 	at aejm.fx(PG:23)
10-21 17:13:23.451 12029 12044 W YouTube : 	at yny.a(PG:88)
10-21 17:13:23.451 12029 12044 W YouTube : 	at ypq.run(PG:726)
10-21 17:13:23.451 12029 12044 W YouTube : 	at amvv.run(PG:21)
10-21 17:13:23.451 12029 12044 W YouTube : 	at amvv.run(PG:21)
10-21 17:13:23.451 12029 12044 W YouTube : 	at aoge.run(PG:3)
10-21 17:13:23.451 12029 12044 W YouTube : 	at aogf.run(PG:74)
10-21 17:13:23.451 12029 12044 W YouTube : 	at qxs.run(PG:7)
10-21 17:13:23.451 12029 12044 W YouTube : 	at qxk.run(PG:584)
10-21 17:13:23.451 12029 12044 W YouTube : 	at anzd.run(PG:50)
10-21 17:13:23.451 12029 12044 W YouTube : 	at qzi.run(PG:561)
10-21 17:13:23.451 12029 12044 W YouTube : 	at qxk.run(PG:620)
10-21 17:13:23.451 12029 12044 W YouTube : 	at java.lang.Thread.run(Thread.java:1563)
10-21 17:13:23.451 12029 12044 W YouTube : 	at qyo.run(PG:63)
10-21 17:13:23.452 12029 12044 W YouTube : ECatcher disabled: level: WARNING, category: logging, message: Csi-on-Gel: Unrecognize LatencyActionInfo for key = c
10-21 17:13:23.452 12029 12044 W YouTube : java.lang.Exception
10-21 17:13:23.452 12029 12044 W YouTube : 	at aejg.c(PG:49)
10-21 17:13:23.452 12029 12044 W YouTube : 	at aejh.f(PG:10)
10-21 17:13:23.452 12029 12044 W YouTube : 	at aejb.f(PG:3)
10-21 17:13:23.452 12029 12044 W YouTube : 	at aejn.fx(PG:77)
10-21 17:13:23.452 12029 12044 W YouTube : 	at aejm.c(PG:23)
10-21 17:13:23.452 12029 12044 W YouTube : 	at aejm.fx(PG:23)
10-21 17:13:23.452 12029 12044 W YouTube : 	at yny.a(PG:88)
10-21 17:13:23.452 12029 12044 W YouTube : 	at ypq.run(PG:726)
10-21 17:13:23.452 12029 12044 W YouTube : 	at amvv.run(PG:21)
10-21 17:13:23.452 12029 12044 W YouTube : 	at amvv.run(PG:21)
10-21 17:13:23.452 12029 12044 W YouTube : 	at aoge.run(PG:3)
10-21 17:13:23.452 12029 12044 W YouTube : 	at aogf.run(PG:74)
10-21 17:13:23.452 12029 12044 W YouTube : 	at qxs.run(PG:7)
10-21 17:13:23.452 12029 12044 W YouTube : 	at qxk.run(PG:584)
10-21 17:13:23.452 12029 12044 W YouTube : 	at anzd.run(PG:50)
10-21 17:13:23.452 12029 12044 W YouTube : 	at qzi.run(PG:561)
10-21 17:13:23.452 12029 12044 W YouTube : 	at qxk.run(PG:620)
10-21 17:13:23.452 12029 12044 W YouTube : 	at java.lang.Thread.run(Thread.java:1563)
10-21 17:13:23.452 12029 12044 W YouTube : 	at qyo.run(PG:63)
10-21 17:13:23.452 12029 12044 W YouTube : ECatcher disabled: level: WARNING, category: logging, message: Csi-on-Gel: Unrecognize LatencyActionInfo for key = cver
10-21 17:13:23.452 12029 12044 W YouTube : java.lang.Exception
10-21 17:13:23.452 12029 12044 W YouTube : 	at aejg.c(PG:49)
10-21 17:13:23.452 12029 12044 W YouTube : 	at aejh.f(PG:10)
10-21 17:13:23.452 12029 12044 W YouTube : 	at aejb.f(PG:3)
10-21 17:13:23.452 12029 12044 W YouTube : 	at aejn.fx(PG:77)
10-21 17:13:23.452 12029 12044 W YouTube : 	at aejm.c(PG:23)
10-21 17:13:23.452 12029 12044 W YouTube : 	at aejm.fx(PG:23)
10-21 17:13:23.452 12029 12044 W YouTube : 	at yny.a(PG:88)
10-21 17:13:23.452 12029 12044 W YouTube : 	at ypq.run(PG:726)
10-21 17:13:23.452 12029 12044 W YouTube : 	at amvv.run(PG:21)
10-21 17:13:23.452 12029 12044 W YouTube : 	at amvv.run(PG:21)
10-21 17:13:23.452 12029 12044 W YouTube : 	at aoge.run(PG:3)
10-21 17:13:23.452 12029 12044 W YouTube : 	at aogf.run(PG:74)
10-21 17:13:23.452 12029 12044 W YouTube : 	at qxs.run(PG:7)
10-21 17:13:23.452 12029 12044 W YouTube : 	at qxk.run(PG:584)
10-21 17:13:23.452 12029 12044 W YouTube : 	at anzd.run(PG:50)
10-21 17:13:23.452 12029 12044 W YouTube : 	at qzi.run(PG:561)
10-21 17:13:23.452 12029 12044 W YouTube : 	at qxk.run(PG:620)
10-21 17:13:23.452 12029 12044 W YouTube : 	at java.lang.Thread.run(Thread.java:1563)
10-21 17:13:23.452 12029 12044 W YouTube : 	at qyo.run(PG:63)
10-21 17:13:23.452 12029 12044 W YouTube : ECatcher disabled: level: WARNING, category: logging, message: Csi-on-Gel: Unrecognize LatencyActionInfo for key = yt_li
10-21 17:13:23.452 12029 12044 W YouTube : java.lang.Exception
10-21 17:13:23.452 12029 12044 W YouTube : 	at aejg.c(PG:49)
10-21 17:13:23.452 12029 12044 W YouTube : 	at aejh.f(PG:10)
10-21 17:13:23.452 12029 12044 W YouTube : 	at aejb.f(PG:3)
10-21 17:13:23.452 12029 12044 W YouTube : 	at aejn.fx(PG:77)
10-21 17:13:23.452 12029 12044 W YouTube : 	at aejm.c(PG:23)
10-21 17:13:23.452 12029 12044 W YouTube : 	at aejm.fx(PG:23)
10-21 17:13:23.452 12029 12044 W YouTube : 	at yny.a(PG:88)
10-21 17:13:23.452 12029 12044 W YouTube : 	at ypq.run(PG:726)
10-21 17:13:23.452 12029 12044 W YouTube : 	at amvv.run(PG:21)
10-21 17:13:23.452 12029 12044 W YouTube : 	at amvv.run(PG:21)
10-21 17:13:23.452 12029 12044 W YouTube : 	at aoge.run(PG:3)
10-21 17:13:23.452 12029 12044 W YouTube : 	at aogf.run(PG:74)
10-21 17:13:23.452 12029 12044 W YouTube : 	at qxs.run(PG:7)
10-21 17:13:23.452 12029 12044 W YouTube : 	at qxk.run(PG:584)
10-21 17:13:23.452 12029 12044 W YouTube : 	at anzd.run(PG:50)
10-21 17:13:23.452 12029 12044 W YouTube : 	at qzi.run(PG:561)
10-21 17:13:23.452 12029 12044 W YouTube : 	at qxk.run(PG:620)
10-21 17:13:23.452 12029 12044 W YouTube : 	at java.lang.Thread.run(Thread.java:1563)
10-21 17:13:23.452 12029 12044 W YouTube : 	at qyo.run(PG:63)
10-21 17:13:23.527 12029 12075 W YouTube : Failed to set parent screen
10-21 17:13:23.584 12029 12144 W HWUI    : Failed to initialize 101010-2 format, error = EGL_SUCCESS
10-21 17:13:23.588 12029 12029 W ComponentTree: Main Thread Layout state is not found
10-21 17:13:23.676 12029 12033 W android.youtube: userfaultfd: MOVE ioctl seems unsupported: Connection timed out
10-21 17:13:23.702   767   799 I ActivityTaskManager: Fully drawn com.google.android.youtube/.app.honeycomb.Shell$HomeActivity: +3s8ms
10-21 17:13:23.713   767  1837 E TaskPersister: File error accessing recents directory (directory doesn't exist?).
10-21 17:13:23.722   767   857 D ActivityManager: sync unfroze 11166 com.google.android.apps.wellbeing for 7
10-21 17:13:23.725   767  1000 D BackgroundInstallControlService: Package event received: 0
10-21 17:13:23.733 12029 12029 W ComponentTree: Main Thread Layout state is not found
10-21 17:13:23.735 12029 12029 W ComponentTree: Main Thread Layout state is not found
10-21 17:13:23.746 12029 12029 W ComponentTree: Main Thread Layout state is not found
10-21 17:13:23.753 12029 12033 I android.youtube: NativeAlloc concurrent mark compact GC freed 13MB AllocSpace bytes, 59(4556KB) LOS objects, 49% free, 12MB/24MB, paused 4.876ms,12.370ms total 174.247ms
10-21 17:13:23.849 12029 12075 W YouTube : Empty persistent device token received from InnerTube.
10-21 17:13:23.905 12029 12029 W ComponentTree: Main Thread Layout state is not found
10-21 17:13:24.016 12146 12146 I perfetto:    perfetto_cmd.cc:1048 Connected to the Perfetto traced service, TTL: 40s
10-21 17:13:24.031   625   625 I perfetto: ng_service_impl.cc:1199 Configured tracing session 2, #sources:8, duration:40000 ms, #buffers:2, total buffer size:532480 KB, total sessions:1, uid:0 session name: ""
10-21 17:13:24.043   624   624 I perfetto:  probes_producer.cc:134 Ftrace setup (target_buf=3)
10-21 17:13:24.048 12029 12029 E android.youtube: Resource 7f040af2 is a complex map type.
10-21 17:13:24.089     0     0 W perfetto: disabled ftrace
10-21 17:13:24.049   624   624 I perfetto:          tracefs.cc:600 disabled ftrace in /sys/kernel/tracing/
10-21 17:13:24.087 12029 12136 D StrictMode: StrictMode policy violation: android.os.strictmode.UnbufferedIoViolation
10-21 17:13:24.087 12029 12136 D StrictMode: 	at android.os.StrictMode$AndroidBlockGuardPolicy.onUnbufferedIO(StrictMode.java:1755)
10-21 17:13:24.087 12029 12136 D StrictMode: 	at libcore.io.IoTracker.trackIo(IoTracker.java:35)
10-21 17:13:24.087 12029 12136 D StrictMode: 	at libcore.io.IoTracker.trackIo(IoTracker.java:45)
10-21 17:13:24.087 12029 12136 D StrictMode: 	at java.io.FileOutputStream.write(FileOutputStream.java:432)
10-21 17:13:24.087 12029 12136 D StrictMode: 	at sun.nio.cs.StreamEncoder.writeBytes(StreamEncoder.java:233)
10-21 17:13:24.087 12029 12136 D StrictMode: 	at sun.nio.cs.StreamEncoder.implFlushBuffer(StreamEncoder.java:309)
10-21 17:13:24.087 12029 12136 D StrictMode: 	at sun.nio.cs.StreamEncoder.implFlush(StreamEncoder.java:313)
10-21 17:13:24.087 12029 12136 D StrictMode: 	at sun.nio.cs.StreamEncoder.flush(StreamEncoder.java:153)
10-21 17:13:24.087 12029 12136 D StrictMode: 	at java.io.OutputStreamWriter.flush(OutputStreamWriter.java:248)
10-21 17:13:24.087 12029 12136 D StrictMode: 	at java.io.BufferedWriter.flush(BufferedWriter.java:257)
10-21 17:13:24.087 12029 12136 D StrictMode: 	at yxx.m(PG:58)
10-21 17:13:24.087 12029 12136 D StrictMode: 	at yha.run(PG:284)
10-21 17:13:24.087 12029 12136 D StrictMode: 	at amvv.run(PG:21)
10-21 17:13:24.087 12029 12136 D StrictMode: 	at qxs.run(PG:7)
10-21 17:13:24.087 12029 12136 D StrictMode: 	at anzd.run(PG:50)
10-21 17:13:24.087 12029 12136 D StrictMode: 	at qzi.run(PG:561)
10-21 17:13:24.087 12029 12136 D StrictMode: 	at qxk.run(PG:620)
10-21 17:13:24.087 12029 12136 D StrictMode: 	at java.lang.Thread.run(Thread.java:1563)
10-21 17:13:24.087 12029 12136 D StrictMode: 	at qyo.run(PG:63)
10-21 17:13:24.100  1730  1730 W AiAiVC  : Unexpected capture event type: 11
10-21 17:13:24.101  1730  1730 W AiAiVC  : Unexpected capture event type: 11
10-21 17:13:24.251   624   624 I perfetto:          tracefs.cc:597 enabled ftrace in /sys/kernel/tracing/
10-21 17:13:24.291     0     0 W perfetto: enabled ftrace
10-21 17:13:24.370   767   941 D WifiClientModeImpl[21111:wlan0]: updateLinkLayerStatsRssiSpeedFrequencyCapabilities rssi=-50 TxLinkspeed=2 freq=2447 RxLinkSpeed=2
10-21 17:13:24.373   767   941 D WifiDataStall: tx tput in kbps: 11000
10-21 17:13:24.373   767   941 D WifiDataStall: rx tput in kbps: 11000
10-21 17:13:24.382   767   941 V WifiConfigManager: Updating scan detail cache freq=2447 BSSID=00:13:10:85:fe:01 RSSI=-50 for "AndroidWifi"NONE
10-21 17:13:24.390   767   941 D WifiThroughputPredictor:  utilization (LLS) 80 isBluetoothConnected: false final utilization: 80
10-21 17:13:24.390   767   941 D WifiThroughputPredictor:  BW: 0 RSSI: -50 Nss: 1 Mode: 1 symDur: 4000 snrDb 30 bitPerTone: 4500 rate: 54 throughput: 11
10-21 17:13:24.390   767   941 D WifiThroughputPredictor:  utilization (LLS) 80 isBluetoothConnected: false final utilization: 80
10-21 17:13:24.390   767   941 D WifiThroughputPredictor:  BW: 0 RSSI: -50 Nss: 1 Mode: 1 symDur: 4000 snrDb 30 bitPerTone: 4500 rate: 54 throughput: 11
10-21 17:13:24.404   767   941 D WifiThroughputPredictor:  utilization (LLS) 80 isBluetoothConnected: false final utilization: 80
10-21 17:13:24.404   767   941 D WifiThroughputPredictor:  BW: 0 RSSI: -50 Nss: 1 Mode: 1 symDur: 4000 snrDb 30 bitPerTone: 4500 rate: 54 throughput: 11
10-21 17:13:24.404   767   941 D WifiThroughputPredictor:  utilization (LLS) 80 isBluetoothConnected: false final utilization: 80
10-21 17:13:24.404   767   941 D WifiThroughputPredictor:  BW: 0 RSSI: -50 Nss: 1 Mode: 1 symDur: 4000 snrDb 30 bitPerTone: 4500 rate: 54 throughput: 11
10-21 17:13:24.426   521  1149 D statsd  : ShellSubscriberClient: adding matcher for pulled atom 10001
10-21 17:13:24.434   521  1149 D statsd  : ShellSubscriberClient: adding matcher for pulled atom 10002
10-21 17:13:24.434   521  1149 D statsd  : ShellSubscriberClient: adding matcher for pulled atom 10003
10-21 17:13:24.434   521  1149 D statsd  : ShellSubscriberClient: adding matcher for pulled atom 10006
10-21 17:13:24.434   521  1149 D statsd  : ShellSubscriberClient: adding matcher for pulled atom 10004
10-21 17:13:24.434   521  1149 D statsd  : ShellSubscriberClient: adding matcher for pulled atom 10005
10-21 17:13:24.434   521  1149 D statsd  : ShellSubscriberClient: adding matcher for pulled atom 10009
10-21 17:13:24.434   521  1149 D statsd  : ShellSubscriberClient: adding matcher for pulled atom 10010
10-21 17:13:24.434   521  1149 D statsd  : ShellSubscriberClient: adding matcher for pulled atom 10011
10-21 17:13:24.434   521  1149 D statsd  : ShellSubscriberClient: adding matcher for pulled atom 10012
10-21 17:13:24.434   521  1149 D statsd  : ShellSubscriberClient: adding matcher for pulled atom 10007
10-21 17:13:24.434   521  1149 D statsd  : ShellSubscriberClient: adding matcher for pulled atom 10013
10-21 17:13:24.434   521  1149 D statsd  : ShellSubscriberClient: adding matcher for pulled atom 10014
10-21 17:13:24.434   521  1149 D statsd  : ShellSubscriberClient: adding matcher for pulled atom 10015
10-21 17:13:24.434   521  1149 D statsd  : ShellSubscriberClient: adding matcher for pulled atom 10016
10-21 17:13:24.434   521  1149 D statsd  : ShellSubscriberClient: adding matcher for pulled atom 10017
10-21 17:13:24.434   521  1149 D statsd  : ShellSubscriberClient: adding matcher for pulled atom 10018
10-21 17:13:24.434   521  1149 D statsd  : ShellSubscriberClient: adding matcher for pulled atom 10019
10-21 17:13:24.434   521  1149 D statsd  : ShellSubscriberClient: adding matcher for pulled atom 10020
10-21 17:13:24.434   521  1149 D statsd  : ShellSubscriberClient: adding matcher for pulled atom 10021
10-21 17:13:24.434   521  1149 D statsd  : ShellSubscriberClient: adding matcher for pulled atom 10022
10-21 17:13:24.434   521  1149 D statsd  : ShellSubscriberClient: adding matcher for pulled atom 10023
10-21 17:13:24.434   521  1149 D statsd  : ShellSubscriberClient: adding matcher for pulled atom 10024
10-21 17:13:24.434   521  1149 D statsd  : ShellSubscriberClient: adding matcher for pulled atom 10025
10-21 17:13:24.434   521  1149 D statsd  : ShellSubscriberClient: adding matcher for pulled atom 10026
10-21 17:13:24.434   521  1149 D statsd  : ShellSubscriberClient: adding matcher for pulled atom 10027
10-21 17:13:24.434   521  1149 D statsd  : ShellSubscriberClient: adding matcher for pulled atom 10028
10-21 17:13:24.434   521  1149 D statsd  : ShellSubscriberClient: adding matcher for pulled atom 10029
10-21 17:13:24.434   521  1149 D statsd  : ShellSubscriberClient: adding matcher for pulled atom 10030
10-21 17:13:24.434   521  1149 D statsd  : ShellSubscriberClient: adding matcher for pulled atom 10031
10-21 17:13:24.434   521  1149 D statsd  : ShellSubscriberClient: adding matcher for pulled atom 10032
10-21 17:13:24.434   521  1149 D statsd  : ShellSubscriberClient: adding matcher for pulled atom 10033
10-21 17:13:24.435   521  1149 D statsd  : ShellSubscriberClient: adding matcher for pulled atom 10034
10-21 17:13:24.435   521  1149 D statsd  : ShellSubscriberClient: adding matcher for pulled atom 10035
10-21 17:13:24.435   521  1149 D statsd  : ShellSubscriberClient: adding matcher for pulled atom 10037
10-21 17:13:24.435   521  1149 D statsd  : ShellSubscriberClient: adding matcher for pulled atom 10038
10-21 17:13:24.435   521  1149 D statsd  : ShellSubscriberClient: adding matcher for pulled atom 10039
10-21 17:13:24.435   521  1149 D statsd  : ShellSubscriberClient: adding matcher for pulled atom 10042
10-21 17:13:24.435   521  1149 D statsd  : ShellSubscriberClient: adding matcher for pulled atom 10043
10-21 17:13:24.435   521  1149 D statsd  : ShellSubscriberClient: adding matcher for pulled atom 10044
10-21 17:13:24.435   521  1149 D statsd  : ShellSubscriberClient: adding matcher for pulled atom 10045
10-21 17:13:24.435   521  1149 D statsd  : ShellSubscriberClient: adding matcher for pulled atom 10046
10-21 17:13:24.435   521  1149 D statsd  : ShellSubscriberClient: adding matcher for pulled atom 10047
10-21 17:13:24.435   521  1149 D statsd  : ShellSubscriberClient: adding matcher for pulled atom 10048
10-21 17:13:24.435   521  1149 D statsd  : ShellSubscriberClient: adding matcher for pulled atom 10049
10-21 17:13:24.435   521  1149 D statsd  : ShellSubscriberClient: adding matcher for pulled atom 10050
10-21 17:13:24.435   521  1149 D statsd  : ShellSubscriberClient: adding matcher for pulled atom 10051
10-21 17:13:24.435   521  1149 D statsd  : ShellSubscriberClient: adding matcher for pulled atom 10052
10-21 17:13:24.435   521  1149 D statsd  : ShellSubscriberClient: adding matcher for pulled atom 10053
10-21 17:13:24.435   521  1149 D statsd  : ShellSubscriberClient: adding matcher for pulled atom 10054
10-21 17:13:24.435   521  1149 D statsd  : ShellSubscriberClient: adding matcher for pulled atom 10055
10-21 17:13:24.435   521  1149 D statsd  : ShellSubscriberClient: adding matcher for pulled atom 10056
10-21 17:13:24.435   521  1149 D statsd  : ShellSubscriberClient: adding matcher for pulled atom 10057
10-21 17:13:24.435   521  1149 D statsd  : ShellSubscriberClient: adding matcher for pulled atom 10058
10-21 17:13:24.435   521  1149 D statsd  : ShellSubscriberClient: adding matcher for pulled atom 10059
10-21 17:13:24.435   521  1149 D statsd  : ShellSubscriberClient: adding matcher for pulled atom 10060
10-21 17:13:24.435   521  1149 D statsd  : ShellSubscriberClient: adding matcher for pulled atom 10061
10-21 17:13:24.435   521  1149 D statsd  : ShellSubscriberClient: adding matcher for pulled atom 10062
10-21 17:13:24.435   521  1149 D statsd  : ShellSubscriberClient: adding matcher for pulled atom 10063
10-21 17:13:24.435   521  1149 D statsd  : ShellSubscriberClient: adding matcher for pulled atom 10064
10-21 17:13:24.435   521  1149 D statsd  : ShellSubscriberClient: adding matcher for pulled atom 10065
10-21 17:13:24.435   521  1149 D statsd  : ShellSubscriberClient: adding matcher for pulled atom 10066
10-21 17:13:24.435   521  1149 D statsd  : ShellSubscriberClient: adding matcher for pulled atom 10067
10-21 17:13:24.435   521  1149 D statsd  : ShellSubscriberClient: adding matcher for pulled atom 10068
10-21 17:13:24.435   521  1149 D statsd  : ShellSubscriberClient: adding matcher for pulled atom 10069
10-21 17:13:24.436   521  1149 D statsd  : ShellSubscriberClient: adding matcher for pulled atom 10070
10-21 17:13:24.436   521  1149 D statsd  : ShellSubscriberClient: adding matcher for pulled atom 10071
10-21 17:13:24.436   521  1149 D statsd  : ShellSubscriberClient: adding matcher for pulled atom 10072
10-21 17:13:24.436   521  1149 D statsd  : ShellSubscriberClient: adding matcher for pulled atom 10073
10-21 17:13:24.436   521  1149 D statsd  : ShellSubscriberClient: adding matcher for pulled atom 10074
10-21 17:13:24.436   521  1149 D statsd  : ShellSubscriberClient: adding matcher for pulled atom 10075
10-21 17:13:24.436   521  1149 D statsd  : ShellSubscriberClient: adding matcher for pulled atom 10076
10-21 17:13:24.436   521  1149 D statsd  : ShellSubscriberClient: adding matcher for pulled atom 10077
10-21 17:13:24.436   521  1149 D statsd  : ShellSubscriberClient: adding matcher for pulled atom 10078
10-21 17:13:24.436   521  1149 D statsd  : ShellSubscriberClient: adding matcher for pulled atom 10079
10-21 17:13:24.436   521  1149 D statsd  : ShellSubscriberClient: adding matcher for pulled atom 10080
10-21 17:13:24.438   521  1149 D statsd  : ShellSubscriberClient: adding matcher for pulled atom 10081
10-21 17:13:24.438   521  1149 D statsd  : ShellSubscriberClient: adding matcher for pulled atom 10082
10-21 17:13:24.438   521  1149 D statsd  : ShellSubscriberClient: adding matcher for pulled atom 10083
10-21 17:13:24.438   521  1149 D statsd  : ShellSubscriberClient: adding matcher for pulled atom 10084
10-21 17:13:24.438   521  1149 D statsd  : ShellSubscriberClient: adding matcher for pulled atom 10085
10-21 17:13:24.438   521  1149 D statsd  : ShellSubscriberClient: adding matcher for pulled atom 10086
10-21 17:13:24.438   521  1149 D statsd  : ShellSubscriberClient: adding matcher for pulled atom 10087
10-21 17:13:24.438   521  1149 D statsd  : ShellSubscriberClient: adding matcher for pulled atom 10088
10-21 17:13:24.438   521  1149 D statsd  : ShellSubscriberClient: adding matcher for pulled atom 10089
10-21 17:13:24.438   521  1149 D statsd  : ShellSubscriberClient: adding matcher for pulled atom 10090
10-21 17:13:24.438   521  1149 D statsd  : ShellSubscriberClient: adding matcher for pulled atom 10091
10-21 17:13:24.439   521  1149 D statsd  : ShellSubscriberClient: adding matcher for pulled atom 10092
10-21 17:13:24.439   521  1149 D statsd  : ShellSubscriberClient: adding matcher for pulled atom 10093
10-21 17:13:24.439   521  1149 D statsd  : ShellSubscriberClient: adding matcher for pulled atom 10094
10-21 17:13:24.439   521  1149 D statsd  : ShellSubscriberClient: adding matcher for pulled atom 10095
10-21 17:13:24.439   521  1149 D statsd  : ShellSubscriberClient: adding matcher for pulled atom 10096
10-21 17:13:24.439   521  1149 D statsd  : ShellSubscriberClient: adding matcher for pulled atom 10097
10-21 17:13:24.439   521  1149 D statsd  : ShellSubscriberClient: adding matcher for pulled atom 10098
10-21 17:13:24.439   521  1149 D statsd  : ShellSubscriberClient: adding matcher for pulled atom 10099
10-21 17:13:24.439   521  1149 D statsd  : ShellSubscriberClient: adding matcher for pulled atom 10100
10-21 17:13:24.439   521  1149 D statsd  : ShellSubscriberClient: adding matcher for pulled atom 10101
10-21 17:13:24.439   521  1149 D statsd  : ShellSubscriberClient: adding matcher for pulled atom 10102
10-21 17:13:24.439   521  1149 D statsd  : ShellSubscriberClient: adding matcher for pulled atom 10103
10-21 17:13:24.439   521  1149 D statsd  : ShellSubscriberClient: adding matcher for pulled atom 10104
10-21 17:13:24.439   521  1149 D statsd  : ShellSubscriberClient: adding matcher for pulled atom 10105
10-21 17:13:24.439   521  1149 D statsd  : ShellSubscriberClient: adding matcher for pulled atom 10106
10-21 17:13:24.439   521  1149 D statsd  : ShellSubscriberClient: adding matcher for pulled atom 10107
10-21 17:13:24.439   521  1149 D statsd  : ShellSubscriberClient: adding matcher for pulled atom 10108
10-21 17:13:24.439   521  1149 D statsd  : ShellSubscriberClient: adding matcher for pulled atom 10109
10-21 17:13:24.439   521  1149 D statsd  : ShellSubscriberClient: adding matcher for pulled atom 10110
10-21 17:13:24.439   521  1149 D statsd  : ShellSubscriberClient: adding matcher for pulled atom 10111
10-21 17:13:24.439   521  1149 D statsd  : ShellSubscriberClient: adding matcher for pulled atom 10112
10-21 17:13:24.439   521  1149 D statsd  : ShellSubscriberClient: adding matcher for pulled atom 10113
10-21 17:13:24.439   521  1149 D statsd  : ShellSubscriberClient: adding matcher for pulled atom 10114
10-21 17:13:24.439   521  1149 D statsd  : ShellSubscriberClient: adding matcher for pulled atom 10115
10-21 17:13:24.439   521  1149 D statsd  : ShellSubscriberClient: adding matcher for pulled atom 10116
10-21 17:13:24.439   521  1149 D statsd  : ShellSubscriberClient: adding matcher for pulled atom 10117
10-21 17:13:24.439   521  1149 D statsd  : ShellSubscriberClient: adding matcher for pulled atom 10118
10-21 17:13:24.439   521  1149 D statsd  : ShellSubscriberClient: adding matcher for pulled atom 10119
10-21 17:13:24.439   521  1149 D statsd  : ShellSubscriberClient: adding matcher for pulled atom 10120
10-21 17:13:24.439   521  1149 D statsd  : ShellSubscriberClient: adding matcher for pulled atom 10121
10-21 17:13:24.439   521  1149 D statsd  : ShellSubscriberClient: adding matcher for pulled atom 10122
10-21 17:13:24.439   521  1149 D statsd  : ShellSubscriberClient: adding matcher for pulled atom 10123
10-21 17:13:24.439   521  1149 D statsd  : ShellSubscriberClient: adding matcher for pulled atom 10124
10-21 17:13:24.440   521  1149 D statsd  : ShellSubscriberClient: adding matcher for pulled atom 10125
10-21 17:13:24.440   521  1149 D statsd  : ShellSubscriberClient: adding matcher for pulled atom 10126
10-21 17:13:24.440   521  1149 D statsd  : ShellSubscriberClient: adding matcher for pulled atom 10127
10-21 17:13:24.440   521  1149 D statsd  : ShellSubscriberClient: adding matcher for pulled atom 10128
10-21 17:13:24.440   521  1149 D statsd  : ShellSubscriberClient: adding matcher for pulled atom 10129
10-21 17:13:24.440   521  1149 D statsd  : ShellSubscriberClient: adding matcher for pulled atom 10130
10-21 17:13:24.440   521  1149 D statsd  : ShellSubscriberClient: adding matcher for pulled atom 10131
10-21 17:13:24.440   521  1149 D statsd  : ShellSubscriberClient: adding matcher for pulled atom 10132
10-21 17:13:24.440   521  1149 D statsd  : ShellSubscriberClient: adding matcher for pulled atom 10133
10-21 17:13:24.440   521  1149 D statsd  : ShellSubscriberClient: adding matcher for pulled atom 10134
10-21 17:13:24.440   521  1149 D statsd  : ShellSubscriberClient: adding matcher for pulled atom 10135
10-21 17:13:24.440   521  1149 D statsd  : ShellSubscriberClient: adding matcher for pulled atom 10136
10-21 17:13:24.440   521  1149 D statsd  : ShellSubscriberClient: adding matcher for pulled atom 10137
10-21 17:13:24.440   521  1149 D statsd  : ShellSubscriberClient: adding matcher for pulled atom 10138
10-21 17:13:24.440   521  1149 D statsd  : ShellSubscriberClient: adding matcher for pulled atom 10139
10-21 17:13:24.440   521  1149 D statsd  : ShellSubscriberClient: adding matcher for pulled atom 10140
10-21 17:13:24.440   521  1149 D statsd  : ShellSubscriberClient: adding matcher for pulled atom 10141
10-21 17:13:24.440   521  1149 D statsd  : ShellSubscriberClient: adding matcher for pulled atom 10142
10-21 17:13:24.440   521  1149 D statsd  : ShellSubscriberClient: adding matcher for pulled atom 10143
10-21 17:13:24.440   521  1149 D statsd  : ShellSubscriberClient: adding matcher for pulled atom 10144
10-21 17:13:24.440   521  1149 D statsd  : ShellSubscriberClient: adding matcher for pulled atom 10145
10-21 17:13:24.440   521  1149 D statsd  : ShellSubscriberClient: adding matcher for pulled atom 10146
10-21 17:13:24.440   521  1149 D statsd  : ShellSubscriberClient: adding matcher for pulled atom 10147
10-21 17:13:24.440   521  1149 D statsd  : ShellSubscriberClient: adding matcher for pulled atom 10148
10-21 17:13:24.440   521  1149 D statsd  : ShellSubscriberClient: adding matcher for pulled atom 10149
10-21 17:13:24.440   521  1149 D statsd  : ShellSubscriberClient: adding matcher for pulled atom 10150
10-21 17:13:24.440   521  1149 D statsd  : ShellSubscriberClient: adding matcher for pulled atom 10151
10-21 17:13:24.440   521  1149 D statsd  : ShellSubscriberClient: adding matcher for pulled atom 10152
10-21 17:13:24.440   521  1149 D statsd  : ShellSubscriberClient: adding matcher for pulled atom 10153
10-21 17:13:24.440   521  1149 D statsd  : ShellSubscriberClient: adding matcher for pulled atom 10154
10-21 17:13:24.440   521  1149 D statsd  : ShellSubscriberClient: adding matcher for pulled atom 10155
10-21 17:13:24.440   521  1149 D statsd  : ShellSubscriberClient: adding matcher for pulled atom 10156
10-21 17:13:24.441   521  1149 D statsd  : ShellSubscriberClient: adding matcher for pulled atom 10157
10-21 17:13:24.441   521  1149 D statsd  : ShellSubscriberClient: adding matcher for pulled atom 10158
10-21 17:13:24.441   521  1149 D statsd  : ShellSubscriberClient: adding matcher for pulled atom 10160
10-21 17:13:24.441   521  1149 D statsd  : ShellSubscriberClient: adding matcher for pulled atom 10161
10-21 17:13:24.441   521  1149 D statsd  : ShellSubscriberClient: adding matcher for pulled atom 10162
10-21 17:13:24.441   521  1149 D statsd  : ShellSubscriberClient: adding matcher for pulled atom 10163
10-21 17:13:24.441   521  1149 D statsd  : ShellSubscriberClient: adding matcher for pulled atom 10164
10-21 17:13:24.441   521  1149 D statsd  : ShellSubscriberClient: adding matcher for pulled atom 10165
10-21 17:13:24.441   521  1149 D statsd  : ShellSubscriberClient: adding matcher for pulled atom 10166
10-21 17:13:24.441   521  1149 D statsd  : ShellSubscriberClient: adding matcher for pulled atom 10167
10-21 17:13:24.441   521  1149 D statsd  : ShellSubscriberClient: adding matcher for pulled atom 10168
10-21 17:13:24.441   521  1149 D statsd  : ShellSubscriberClient: adding matcher for pulled atom 10169
10-21 17:13:24.441   521  1149 D statsd  : ShellSubscriberClient: adding matcher for pulled atom 10170
10-21 17:13:24.441   521  1149 D statsd  : ShellSubscriberClient: adding matcher for pulled atom 10171
10-21 17:13:24.441   521  1149 D statsd  : ShellSubscriberClient: adding matcher for pulled atom 10172
10-21 17:13:24.441   521  1149 D statsd  : ShellSubscriberClient: adding matcher for pulled atom 10173
10-21 17:13:24.441   521  1149 D statsd  : ShellSubscriberClient: adding matcher for pulled atom 10174
10-21 17:13:24.441   521  1149 D statsd  : ShellSubscriberClient: adding matcher for pulled atom 10175
10-21 17:13:24.441   521  1149 D statsd  : ShellSubscriberClient: adding matcher for pulled atom 10176
10-21 17:13:24.441   521  1149 D statsd  : ShellSubscriberClient: adding matcher for pulled atom 10201
10-21 17:13:24.441   521  1149 D statsd  : ShellSubscriberClient: adding matcher for pulled atom 10218
10-21 17:13:24.441   521  1149 D statsd  : ShellSubscriberClient: adding matcher for pulled atom 10205
10-21 17:13:24.441   521  1149 D statsd  : ShellSubscriberClient: adding matcher for pulled atom 10199
10-21 17:13:24.441   521  1149 D statsd  : ShellSubscriberClient: adding matcher for pulled atom 10216
10-21 17:13:24.441   521  1149 D statsd  : ShellSubscriberClient: adding matcher for pulled atom 10217
10-21 17:13:24.441   521  1149 D statsd  : ShellSubscriberClient: adding matcher for pulled atom 10192
10-21 17:13:24.441   521  1149 D statsd  : ShellSubscriberClient: adding matcher for pulled atom 10189
10-21 17:13:24.441   521  1149 D statsd  : ShellSubscriberClient: adding matcher for pulled atom 10200
10-21 17:13:24.441   521  1149 D statsd  : ShellSubscriberClient: adding matcher for pulled atom 10204
10-21 17:13:24.441   521  1149 D statsd  : ShellSubscriberClient: adding matcher for pulled atom 10209
10-21 17:13:24.441   521  1149 D statsd  : ShellSubscriberClient: adding matcher for pulled atom 10220
10-21 17:13:24.441   521  1149 D statsd  : ShellSubscriberClient: adding matcher for pulled atom 10191
10-21 17:13:24.441   521  1149 D statsd  : ShellSubscriberClient: adding matcher for pulled atom 10181
10-21 17:13:24.441   521  1149 D statsd  : ShellSubscriberClient: adding matcher for pulled atom 10229
10-21 17:13:24.441   521  1149 D statsd  : ShellSubscriberClient: adding matcher for pulled atom 10159
10-21 17:13:24.441   521  1149 D statsd  : ShellSubscriberClient: adding matcher for pulled atom 10226
10-21 17:13:24.441   521  1149 D statsd  : ShellSubscriberClient: adding matcher for pulled atom 10221
10-21 17:13:24.441   521  1149 D statsd  : ShellSubscriberClient: adding matcher for pulled atom 10222
10-21 17:13:24.441   521  1149 D statsd  : ShellSubscriberClient: adding matcher for pulled atom 10223
10-21 17:13:24.441   521  1149 D statsd  : ShellSubscriberClient: adding matcher for pulled atom 10224
10-21 17:13:24.441   521  1149 D statsd  : ShellSubscriberClient: adding matcher for pulled atom 10180
10-21 17:13:24.441   521  1149 D statsd  : ShellSubscriberClient: adding matcher for pulled atom 10207
10-21 17:13:24.441   521  1149 D statsd  : ShellSubscriberClient: adding matcher for pulled atom 10177
10-21 17:13:24.441   521  1149 D statsd  : ShellSubscriberClient: adding matcher for pulled atom 10178
10-21 17:13:24.441   521  1149 D statsd  : ShellSubscriberClient: adding matcher for pulled atom 10179
10-21 17:13:24.441   521  1149 D statsd  : ShellSubscriberClient: adding matcher for pulled atom 10182
10-21 17:13:24.441   521  1149 D statsd  : ShellSubscriberClient: adding matcher for pulled atom 10183
10-21 17:13:24.441   521  1149 D statsd  : ShellSubscriberClient: adding matcher for pulled atom 10184
10-21 17:13:24.442   521  1149 D statsd  : ShellSubscriberClient: adding matcher for pulled atom 10185
10-21 17:13:24.442   521  1149 D statsd  : ShellSubscriberClient: adding matcher for pulled atom 10186
10-21 17:13:24.442   521  1149 D statsd  : ShellSubscriberClient: adding matcher for pulled atom 10187
10-21 17:13:24.442   521  1149 D statsd  : ShellSubscriberClient: adding matcher for pulled atom 10211
10-21 17:13:24.442   521  1149 D statsd  : ShellSubscriberClient: adding matcher for pulled atom 10212
10-21 17:13:24.442   521  1149 D statsd  : ShellSubscriberClient: adding matcher for pulled atom 10213
10-21 17:13:24.442   521  1149 D statsd  : ShellSubscriberClient: adding matcher for pulled atom 10214
10-21 17:13:24.442   521  1149 D statsd  : ShellSubscriberClient: adding matcher for pulled atom 10215
10-21 17:13:24.442   521  1149 D statsd  : ShellSubscriberClient: adding matcher for pulled atom 10219
10-21 17:13:24.442   521  1149 D statsd  : ShellSubscriberClient: adding matcher for pulled atom 10188
10-21 17:13:24.442   521  1149 D statsd  : ShellSubscriberClient: adding matcher for pulled atom 10196
10-21 17:13:24.442   521  1149 D statsd  : ShellSubscriberClient: adding matcher for pulled atom 10197
10-21 17:13:24.442   521  1149 D statsd  : ShellSubscriberClient: adding matcher for pulled atom 10206
10-21 17:13:24.442   521  1149 D statsd  : ShellSubscriberClient: adding matcher for pulled atom 10225
10-21 17:13:24.442   521  1149 D statsd  : ShellSubscriberClient: adding matcher for pulled atom 10227
10-21 17:13:24.442   521  1149 D statsd  : ShellSubscriberClient: adding matcher for pulled atom 10190
10-21 17:13:24.442   521  1149 D statsd  : ShellSubscriberClient: adding matcher for pulled atom 10193
10-21 17:13:24.442   521  1149 D statsd  : ShellSubscriberClient: adding matcher for pulled atom 10194
10-21 17:13:24.442   521  1149 D statsd  : ShellSubscriberClient: adding matcher for pulled atom 10195
10-21 17:13:24.442   521  1149 D statsd  : ShellSubscriberClient: adding matcher for pulled atom 10198
10-21 17:13:24.562   767   941 I HalDevMgr: bestIfaceCreationProposal is null, requestIface=STA, existingIface=[name=wlan0 type=STA]
10-21 17:13:24.566   767   941 D WifiScoreCard: BSSID update SIGNAL_POLL ID: 14232187 SSID: "AndroidWifi", BSSID: 00:13:10:85:fe:01, MAC: 02:15:b2:00:00:00, IP: /10.0.2.16, Security type: 0, Supplicant state: COMPLETED, Wi-Fi standard: legacy, RSSI: -50, Link speed: 2Mbps, Tx Link speed: 2Mbps, Max Supported Tx Link speed: 11Mbps, Rx Link speed: 2Mbps, Max Supported Rx Link speed: 11Mbps, Frequency: 2447MHz, Net ID: 0, Metered hint: false, score: 83, isUsable: true, CarrierMerged: false, SubscriptionId: -1, IsPrimary: 1, Trusted: true, Restricted: false, Ephemeral: false, OEM paid: false, OEM private: false, OSU AP: false, FQDN: <none>, Provider friendly name: <none>, Requesting package name: <none>"AndroidWifi"openMLO Information: , Is TID-To-Link negotiation supported by the AP: false, AP MLD Address: <none>, AP MLO Link Id: <none>, AP MLO Affiliated links: <none>, Vendor Data: <none>
10-21 17:13:24.569   767   941 D WifiScoreCard: txRate: 50 txSpeed: 2
10-21 17:13:24.569   767   941 D WifiScoreCard: network update SIGNAL_POLL "AndroidWifi" ID: 1073449701 RSSI -50 txSpeed 2
10-21 17:13:24.576   767   941 D WifiClientModeImpl[21111:wlan0]:  ClientModeImpl$L2ConnectedState screen=on 1 0 "AndroidWifi" 00:13:10:85:fe:01 rssi=-50 f=2447 sc=83 link=2 tx=49.9, 0.0, 0.0 rx=92.3 bcn=0 [on:0 tx:0 rx:0 period:3251] from screen [on:0 period:101413216] score=83
10-21 17:13:24.591   520   596 I netd    : tetherGetStats() -> {[]} <7.43ms>
10-21 17:13:24.722   520   596 I netd    : bandwidthRemoveInterfaceQuota(eth0) <6.79ms>
10-21 17:13:24.724   520   596 I netd    : bandwidthSetInterfaceQuota(eth0, 9223372036854775807) <1.17ms>
10-21 17:13:24.763   767  1914 W StatsPullAtomService: error reading Bluetooth stats: 11
10-21 17:13:24.764   520   596 I netd    : bandwidthRemoveInterfaceQuota(eth0) <4.89ms>
10-21 17:13:24.767   520   596 I netd    : bandwidthSetInterfaceQuota(eth0, 9223372036854775807) <2.28ms>
10-21 17:13:24.789 12029 12029 W YT.MDX.aemt: CastAppId for type 0 not found. Defaulting to mainCastAppId.
10-21 17:13:24.817 12029 12059 I HWUI    : Davey! duration=1193ms; Flags=0, FrameTimelineVsyncId=71756, IntendedVsync=92764163259777, Vsync=92764613259759, InputEventId=0, HandleInputStart=92764621125439, AnimationStart=92764621126413, PerformTraversalsStart=92764622675953, DrawStart=92764623579038, FrameDeadline=92764663259757, FrameStartTime=92764620524509, FrameInterval=16666666, WorkloadTarget=16666666, SyncQueued=92764628731204, SyncStart=92764637721714, IssueDrawCommandsStart=92764638080879, SwapBuffers=92765238250520, FrameCompleted=92765366134932, DequeueBufferDuration=120265, QueueBufferDuration=3252855, GpuCompleted=92765364330018, SwapBuffersCompleted=92765366134932, DisplayPresentTime=0, CommandSubmissionCompleted=92765238250520, 
10-21 17:13:24.819 12029 12029 W YT.MDX.BaseBackgroundSc: Client LivingRoomNotificationRequestManager attempted to notify configuration change when it hasn't been registered.
10-21 17:13:24.820 12029 12029 W YT.MDX.BaseBackgroundSc: Client LivingRoomNotificationRevokeManager attempted to notify configuration change when it hasn't been registered.
10-21 17:13:24.820 12029 12029 W YT.MDX.BaseBackgroundSc: Client LivingRoomNotificationRevokeManager attempted to notify configuration change when it hasn't been registered.
10-21 17:13:24.823   767  1053 D NetworkStatsObservers: Unregistering RequestInfo from pid/uid:767/1000(android) for DataUsageRequest [ requestId=11, networkTemplate=NetworkTemplate: matchRule=MOBILE, matchSubscriberIds=[310260...], matchWifiNetworkKeys=[], metered=YES, defaultNetwork=NO, thresholdInBytes=4471846 ] accessLevel:3
10-21 17:13:24.826   767   939 D NetworkStatsObservers: Registering observer for RequestInfo from pid/uid:767/1000(android) for DataUsageRequest [ requestId=12, networkTemplate=NetworkTemplate: matchRule=MOBILE, matchSubscriberIds=[310260...], matchWifiNetworkKeys=[], metered=YES, defaultNetwork=NO, thresholdInBytes=4455146 ] accessLevel:3
10-21 17:13:24.844 12029 12029 I Choreographer: Skipped 45 frames!  The application may be doing too much work on its main thread.
10-21 17:13:24.855   520   596 I netd    : tetherGetStats() -> {[]} <1.57ms>
10-21 17:13:24.859   767  1153 I WifiService: getWifiActivityEnergyInfoAsync uid=1000
10-21 17:13:24.863   767  1153 I WifiService: isFeatureSupported uid=1000 returns [WIFI_FEATURE_INFRA, WIFI_FEATURE_P2P, WIFI_FEATURE_MOBILE_HOTSPOT, WIFI_FEATURE_WPA3_SAE, WIFI_FEATURE_WPA3_SUITE_B, WIFI_FEATURE_OWE, WIFI_FEATURE_DPP, WIFI_FEATURE_AP_RAND_MAC, WIFI_FEATURE_MBO, WIFI_FEATURE_FILS_SHA256, WIFI_FEATURE_FILS_SHA384, WIFI_FEATURE_SAE_PK, WIFI_FEATURE_DPP_ENROLLEE_RESPONDER, WIFI_FEATURE_PASSPOINT_TERMS_AND_CONDITIONS, WIFI_FEATURE_WFD_R2, WIFI_FEATURE_DECORATED_IDENTITY, WIFI_FEATURE_TRUST_ON_FIRST_USE, WIFI_FEATURE_SET_TLS_MINIMUM_VERSION, WIFI_FEATURE_TLS_V1_3, WIFI_FEATURE_WEP, WIFI_FEATURE_WPA_PERSONAL]
10-21 17:13:24.866 12029 12136 W android.youtube: ClassLoaderContext classpath size mismatch. expected=1, found=0 (DLC[];PCL[base.apk*1865044805]{PCL[/system/framework/org.apache.http.legacy.jar*3847030748]#PCL[/system/framework/com.android.media.remotedisplay.jar*135655190]#PCL[/system/framework/com.android.location.provider.jar*3915964363]#PCL[/system_ext/framework/androidx.window.extensions.jar*95845483]#PCL[/system_ext/framework/androidx.window.sidecar.jar*1866104632]} | DLC[];PCL[])
10-21 17:13:24.892 12029 12136 W System  : ClassLoader referenced unknown path: 
10-21 17:13:24.893 12029 12136 D nativeloader: Configuring clns-11 for other apk . target_sdk_version=36, uses_libraries=, library_path=/data/app/~~RwH4iUQhMA03kW_INYuX8A==/com.google.android.gms-MsE3U95O1FWxajtmjrrelA==/lib/x86_64:/data/app/~~RwH4iUQhMA03kW_INYuX8A==/com.google.android.gms-MsE3U95O1FWxajtmjrrelA==/base.apk!/lib/x86_64, permitted_path=/data:/mnt/expand:/data/user/0/com.google.android.gms
10-21 17:13:24.893   767  1914 D TelephonyManager: requestModemActivityInfo: Sending result to app: ModemActivityInfo{ mTimestamp=92765506 mSleepTimeMs=1806 mIdleTimeMs=602 mActivityStatsTechSpecificInfo=[{mRat=UNKNOWN,mFrequencyRange=UNKNOWN,mTxTimeMs[]=[43, 129, 258, 344, 387],mRxTimeMs=387}]}
10-21 17:13:24.897   767  1153 W StatsPullAtomService: error reading Bluetooth stats: 11
10-21 17:13:24.897   521 12152 W statsd  : StatsPullerManager: Unknown tagId 10013
10-21 17:13:24.911   521 12152 W statsd  : StatsPullerManager: Unknown tagId 10018
10-21 17:13:24.917 12029 12136 W android.youtube: ClassLoaderContext classpath element mismatch. expected=base.apk, found=/product/app/YouTube/YouTube.apk (DLC[];PCL[base.apk*1865044805]{PCL[/system/framework/org.apache.http.legacy.jar*3847030748]#PCL[/system/framework/com.android.media.remotedisplay.jar*135655190]#PCL[/system/framework/com.android.location.provider.jar*3915964363]#PCL[/system_ext/framework/androidx.window.extensions.jar*95845483]#PCL[/system_ext/framework/androidx.window.sidecar.jar*1866104632]} | DLC[];PCL[/product/app/YouTube/YouTube.apk*171306458]{PCL[/system/framework/org.apache.http.legacy.jar*3847030748]#PCL[/system_ext/framework/androidx.window.extensions.jar*95845483]#PCL[/system_ext/framework/androidx.window.sidecar.jar*1866104632]})
10-21 17:13:24.950   767  2117 W StatsPullAtomService: Unable to read diskstats cache file within pullAppSize
10-21 17:13:24.950   767  2117 W StatsPullAtomService: Unable to read diskstats cache file within pullCategorySize
10-21 17:13:24.971   767  2117 W Binder  : Caught a RuntimeException from the binder stub implementation.
10-21 17:13:24.971   767  2117 W Binder  : java.lang.NullPointerException: Attempt to invoke virtual method 'double java.lang.Double.doubleValue()' on a null object reference
10-21 17:13:24.971   767  2117 W Binder  : 	at com.android.internal.os.PowerProfile.dumpDebug(PowerProfile.java:1035)
10-21 17:13:24.971   767  2117 W Binder  : 	at com.android.server.stats.pull.StatsPullAtomService.pullPowerProfileLocked(StatsPullAtomService.java:3402)
10-21 17:13:24.971   767  2117 W Binder  : 	at com.android.server.stats.pull.StatsPullAtomService$StatsPullAtomCallbackImpl.onPullAtom(StatsPullAtomService.java:734)
10-21 17:13:24.971   767  2117 W Binder  : 	at android.app.StatsManager$PullAtomCallbackInternal.lambda$onPullAtom$0(StatsManager.java:711)
10-21 17:13:24.971   767  2117 W Binder  : 	at android.app.StatsManager$PullAtomCallbackInternal.$r8$lambda$oIAiCNGFyxeWs0XtQyXXxYxjHhU(Unknown Source:0)
10-21 17:13:24.971   767  2117 W Binder  : 	at android.app.StatsManager$PullAtomCallbackInternal$$ExternalSyntheticLambda0.run(D8$$SyntheticClass:0)
10-21 17:13:24.971   767  2117 W Binder  : 	at com.android.internal.util.ConcurrentUtils$DirectExecutor.execute(ConcurrentUtils.java:141)
10-21 17:13:24.971   767  2117 W Binder  : 	at android.app.StatsManager$PullAtomCallbackInternal.onPullAtom(StatsManager.java:709)
10-21 17:13:24.971   767  2117 W Binder  : 	at android.os.IPullAtomCallback$Stub.onTransact(IPullAtomCallback.java:94)
10-21 17:13:24.971   767  2117 W Binder  : 	at android.os.Binder.execTransactInternal(Binder.java:1478)
10-21 17:13:24.971   767  2117 W Binder  : 	at android.os.Binder.execTransact(Binder.java:1418)
10-21 17:13:24.988 12029 12136 I CastDynamiteModuleImpl: se created by ClassLoader dalvik.system.DelegateLastClassLoader[DexPathList[[zip file "/data/app/~~RwH4iUQhMA03kW_INYuX8A==/com.google.android.gms-MsE3U95O1FWxajtmjrrelA==/split_DynamiteModulesC_installtime.apk"],nativeLibraryDirectories=[/data/app/~~RwH4iUQhMA03kW_INYuX8A==/com.google.android.gms-MsE3U95O1FWxajtmjrrelA==/split_DynamiteModulesC_installtime.apk!/lib/x86_64, /data/app/~~RwH4iUQhMA03kW_INYuX8A==/com.google.android.gms-MsE3U95O1FWxajtmjrrelA==/split_DynamiteModulesC_installtime.apk!/lib/arm64-v8a, /system/lib64, /system_ext/lib64]]].
10-21 17:13:24.989 12148 12148 D AndroidRuntime: >>>>>> START com.android.internal.os.RuntimeInit uid 0 <<<<<<
10-21 17:13:25.002   767   949 D ConnectivityService: NetReassign [no changes] [c 0] [a 1] [i 1]
10-21 17:13:25.006 12148 12148 I AndroidRuntime: Using default boot image
10-21 17:13:25.006 12148 12148 I AndroidRuntime: Leaving lock profiling enabled
10-21 17:13:25.014 12148 12148 I app_process: Core platform API reporting enabled by runtime option
10-21 17:13:25.014 12148 12148 I app_process: Using CollectorTypeCMC GC.
10-21 17:13:25.196   767   783 I system_server: Background concurrent mark compact GC freed 24MB AllocSpace bytes, 30(740KB) LOS objects, 41% free, 33MB/57MB, paused 1.593ms,3.567ms total 288.969ms
10-21 17:13:25.202   767   784 I libbinder.BpBinder: onLastStrongRef automatically unlinking death recipients for descriptor: '(not cached)'
10-21 17:13:25.203   767   784 I libbinder.BpBinder: onLastStrongRef automatically unlinking death recipients for descriptor: '(not cached)'
10-21 17:13:25.203   767   784 I libbinder.BpBinder: onLastStrongRef automatically unlinking death recipients for descriptor: '(not cached)'
10-21 17:13:25.206   767   784 I libbinder.BpBinder: onLastStrongRef automatically unlinking death recipients for descriptor: '(not cached)'
10-21 17:13:25.206   767   784 I libbinder.BpBinder: onLastStrongRef automatically unlinking death recipients for descriptor: '(not cached)'
10-21 17:13:25.206   767   784 I libbinder.BpBinder: onLastStrongRef automatically unlinking death recipients for descriptor: '(not cached)'
10-21 17:13:25.207   767   784 I libbinder.BpBinder: onLastStrongRef automatically unlinking death recipients for descriptor: '(not cached)'
10-21 17:13:25.229 12148 12148 D nativeloader: InitDefaultPublicLibraries for_preload=1: libandroid.so:libaaudio.so:libamidi.so:libbinder_ndk.so:libc.so:libcamera2ndk.so:libdl.so:libEGL.so:libGLESv1_CM.so:libGLESv2.so:libGLESv3.so:libicu.so:libicui18n.so:libicuuc.so:libjnigraphics.so:liblog.so:libmediandk.so:libm.so:libnativehelper.so:libnativewindow.so:libOpenMAXAL.so:libOpenSLES.so:libRS.so:libstdc++.so:libsync.so:libvulkan.so:libwebviewchromium_plat_support.so:libz.so
10-21 17:13:25.237  1730  1730 W AiAiVC  : Unexpected capture event type: 11
10-21 17:13:25.266 12029 12132 I HWUI    : Davey! duration=815ms; Flags=0, FrameTimelineVsyncId=71785, IntendedVsync=92764713259755, Vsync=92765463259725, InputEventId=0, HandleInputStart=92765465370914, AnimationStart=92765465372152, PerformTraversalsStart=92765491232554, DrawStart=92765493997529, FrameDeadline=92765863259709, FrameStartTime=92765464081061, FrameInterval=16666666, WorkloadTarget=16666666, SyncQueued=92765495039025, SyncStart=92765841474999, IssueDrawCommandsStart=92765843037971, SwapBuffers=92765848040573, FrameCompleted=92765874722739, DequeueBufferDuration=13216, QueueBufferDuration=231793, GpuCompleted=92765874642069, SwapBuffersCompleted=92765874722739, DisplayPresentTime=0, CommandSubmissionCompleted=92765848040573, 
10-21 17:13:25.272   767  1000 D BackgroundInstallControlService: Package event received: 0
10-21 17:13:25.276   767  2117 I WifiService: getConnectionInfo uid=10172
10-21 17:13:25.278   767  2117 V WifiPermissionsUtil: checkCallersLocationPermission(com.google.android.youtube): uid 10172 doesn't have permission android.permission.ACCESS_FINE_LOCATION
10-21 17:13:25.278   767  2117 V WifiPermissionsUtil: enforceCanAccessScanResults(pkg=com.google.android.youtube, uid=10172): canCallingUidAccessLocation=false, canAppPackageUseLocation=false
10-21 17:13:25.283   767  2117 V WifiService: Keeping REDACT_FOR_ACCESS_FINE_LOCATION:java.lang.SecurityException: UID 10172 has no location permission
10-21 17:13:25.288   767   949 D ConnectivityService: NetReassign [no changes] [c 2] [a 0] [i 0]
10-21 17:13:25.290  1730  1730 W AiAiVC  : Unexpected capture event type: 11
10-21 17:13:25.314 12148 12148 D nativeloader: Load libicu_jni.so using APEX ns com_android_art for caller /apex/com.android.art/javalib/core-oj.jar: ok
10-21 17:13:25.314 12148 12148 D app_process: u_setTimeZoneFilesDirectory("/apex/com.android.tzdata/etc/tz/versioned/9/icu") succeeded. 
10-21 17:13:25.326 12148 12148 D app_process: I18n APEX ICU file found: /apex/com.android.i18n/etc/icu/icudt76l.dat
10-21 17:13:25.338 12148 12148 D nativeloader: Load libjavacore.so using APEX ns com_android_art for caller /apex/com.android.art/javalib/core-oj.jar: ok
10-21 17:13:25.358 12148 12148 D nativeloader: Load libopenjdk.so using APEX ns com_android_art for caller /apex/com.android.art/javalib/core-oj.jar: ok
10-21 17:13:25.369 12148 12148 I app_process: Priority-to-niceness mapping: 19, 16, 13, 10, 0, -2, -4, -5, -6, -8
10-21 17:13:25.370 12148 12148 W app_process: Unexpected CPU variant for x86: x86_64.
10-21 17:13:25.370 12148 12148 W app_process: Known variants: atom, sandybridge, silvermont, goldmont, goldmont-plus, goldmont-without-sha-xsaves, tremont, kabylake, alderlake, default
10-21 17:13:25.431  1379 11212 I DiscoveryManager: Filter criteria(233637DE) scannerFlags(0)
10-21 17:13:25.445  1379 11212 W DatabaseProcessor: processLocalDevices: failed to get the network info with non-null networkId.
10-21 17:13:25.445  1379  1379 I CastMediaRouteProvider: Published 0 routes
10-21 17:13:25.490   767  2117 I WifiService: acquireMulticastLock uid=10146 lockTag=MdnsServiceBrowserImpl
10-21 17:13:25.536  1154  1154 W IpClient.wlan0: type=1400 audit(0.0:157): avc:  denied  { search } for  name="net" dev="sysfs" ino=4782 scontext=u:r:network_stack:s0 tcontext=u:object_r:sysfs_net:s0 tclass=dir permissive=0
10-21 17:13:25.543 12148 12148 D nativeloader: Load libframework-connectivity-tiramisu-jni.so using APEX ns com_android_tethering for caller /apex/com.android.tethering/javalib/framework-connectivity-t.jar: ok
10-21 17:13:25.545 12148 12148 D AndroidRuntime: Calling main entry com.android.commands.monkey.Monkey
10-21 17:13:25.547  1154  1327 E ProcfsParsingUtils: failed to read /sys/class/net/wlan0/mtu
10-21 17:13:25.547  1154  1327 E ProcfsParsingUtils: java.nio.file.AccessDeniedException: /sys/class/net/wlan0/mtu
10-21 17:13:25.547  1154  1327 E ProcfsParsingUtils: 	at sun.nio.fs.UnixFileSystemProvider.newByteChannel(UnixFileSystemProvider.java:220)
10-21 17:13:25.547  1154  1327 E ProcfsParsingUtils: 	at java.nio.file.Files.newByteChannel(Files.java:371)
10-21 17:13:25.547  1154  1327 E ProcfsParsingUtils: 	at java.nio.file.Files.newByteChannel(Files.java:422)
10-21 17:13:25.547  1154  1327 E ProcfsParsingUtils: 	at java.nio.file.spi.FileSystemProvider.newInputStream(FileSystemProvider.java:420)
10-21 17:13:25.547  1154  1327 E ProcfsParsingUtils: 	at java.nio.file.Files.newInputStream(Files.java:156)
10-21 17:13:25.547  1154  1327 E ProcfsParsingUtils: 	at java.nio.file.Files.newBufferedReader(Files.java:2844)
10-21 17:13:25.547  1154  1327 E ProcfsParsingUtils: 	at com.android.networkstack.com.android.net.module.util.ProcfsParsingUtils.readFile(ProcfsParsingUtils.java:75)
10-21 17:13:25.547  1154  1327 E ProcfsParsingUtils: 	at com.android.networkstack.com.android.net.module.util.ProcfsParsingUtils.getInterfaceMtu(ProcfsParsingUtils.java:350)
10-21 17:13:25.547  1154  1327 E ProcfsParsingUtils: 	at com.android.networkstack.android.net.apf.ApfFilter$Dependencies.getInterfaceMtu(ApfFilter.java:818)
10-21 17:13:25.547  1154  1327 E ProcfsParsingUtils: 	at com.android.networkstack.android.net.apf.ApfFilter.installNewProgram(ApfFilter.java:3898)
10-21 17:13:25.547  1154  1327 E ProcfsParsingUtils: 	at com.android.networkstack.android.net.apf.ApfFilter.setMulticastFilter(ApfFilter.java:4184)
10-21 17:13:25.547  1154  1327 E ProcfsParsingUtils: 	at com.android.networkstack.android.net.ip.IpClient$RunningState.processMessage(IpClient.java:3894)
10-21 17:13:25.547  1154  1327 E ProcfsParsingUtils: 	at com.android.networkstack.com.android.internal.util.StateMachine$SmHandler.processMsg(StateMachine.java:1007)
10-21 17:13:25.547  1154  1327 E ProcfsParsingUtils: 	at com.android.networkstack.com.android.internal.util.StateMachine$SmHandler.handleMessage(StateMachine.java:820)
10-21 17:13:25.547  1154  1327 E ProcfsParsingUtils: 	at android.os.Handler.dispatchMessage(Handler.java:132)
10-21 17:13:25.547  1154  1327 E ProcfsParsingUtils: 	at android.os.Looper.dispatchMessage(Looper.java:333)
10-21 17:13:25.547  1154  1327 E ProcfsParsingUtils: 	at android.os.Looper.loopOnce(Looper.java:263)
10-21 17:13:25.547  1154  1327 E ProcfsParsingUtils: 	at android.os.Looper.loop(Looper.java:367)
10-21 17:13:25.547  1154  1327 E ProcfsParsingUtils: 	at android.os.HandlerThread.run(HandlerThread.java:139)
10-21 17:13:25.551 12148 12148 D nativeloader: Load /system/lib64/libmonkey_jni.so using ns default for caller /system/framework/monkey.jar in same partition (is_bridged=0): ok
10-21 17:13:25.551 12148 12148 W Monkey  : args: [-p, com.google.android.deskclock, -c, android.intent.category.LAUNCHER, 1]
10-21 17:13:25.556   767   952 I serviceDiscovery: [MdnsSocketProvider] Start monitoring sockets.
10-21 17:13:25.556   767   952 I TetheringManager: registerTetheringEventCallback caller:android
10-21 17:13:25.559   767   952 I serviceDiscovery: [MdnsDiscoveryManager] Registering listener for serviceType: _googlecast._tcp.local
10-21 17:13:25.560   767   949 D ConnectivityService: NetReassign [no changes] [c 1] [a 1] [i 1]
10-21 17:13:25.565  1154  1327 D IpClient.wlan0: set max DTIM multiplier to 1
10-21 17:13:25.576   767   952 I serviceDiscovery: [MdnsDiscoveryManager] Registering listener for serviceType: _googlecast._tcp.local
10-21 17:13:25.616 12148 12148 I AconfigPackage: android.media.swcodec.flags is mapped to com.android.media.swcodec
10-21 17:13:25.618 12148 12148 I AconfigPackage: com.android.permission.flags is mapped to com.android.permission
10-21 17:13:25.618 12148 12148 I AconfigPackage: com.android.permissioncontroller.flags is mapped to com.android.permission
10-21 17:13:25.619 12148 12148 I AconfigPackage: com.android.icu is mapped to com.android.i18n
10-21 17:13:25.619 12148 12148 I AconfigPackage: com.android.appsearch.flags is mapped to com.android.appsearch
10-21 17:13:25.620 12148 12148 I AconfigPackage: android.uprobestats.mainline.flags is mapped to com.android.uprobestats
10-21 17:13:25.624 12148 12148 I AconfigPackage: com.android.crashrecovery.flags is mapped to com.android.crashrecovery
10-21 17:13:25.641 12148 12148 I AconfigPackage: android.provider.flags is mapped to com.android.configinfrastructure
10-21 17:13:25.641 12148 12148 I AconfigPackage: com.android.server.deviceconfig is mapped to com.android.configinfrastructure
10-21 17:13:25.642 12148 12148 I AconfigPackage: com.android.compos.flags is mapped to com.android.compos
10-21 17:13:25.643 12148 12148 I AconfigPackage: com.android.art.flags is mapped to com.android.art
10-21 17:13:25.643 12148 12148 I AconfigPackage: com.android.art.rw.flags is mapped to com.android.art
10-21 17:13:25.643 12148 12148 I AconfigPackage: com.android.libcore is mapped to com.android.art
10-21 17:13:25.643 12148 12148 I AconfigPackage: com.android.telephony.flags is mapped to com.android.telephonycore
10-21 17:13:25.661 12148 12148 I AconfigPackage: com.android.media.extractor.flags is mapped to com.android.media
10-21 17:13:25.661 12148 12148 I AconfigPackage: com.android.media.mainline.flags is mapped to com.android.media
10-21 17:13:25.661 12148 12148 I AconfigPackage: com.android.wifi.flags is mapped to com.android.wifi
10-21 17:13:25.662 12148 12148 I AconfigPackage: com.android.org.conscrypt.flags is mapped to com.android.conscrypt
10-21 17:13:25.662 12148 12148 I AconfigPackage: com.android.org.conscrypt.net.flags is mapped to com.android.conscrypt
10-21 17:13:25.662 12148 12148 I AconfigPackage: com.android.healthfitness.flags is mapped to com.android.healthfitness
10-21 17:13:25.663 12148 12148 I AconfigPackage: com.android.ipsec.flags is mapped to com.android.ipsec
10-21 17:13:25.663 12148 12148 I AconfigPackage: com.android.nfc.module.flags is mapped to com.android.nfcservices
10-21 17:13:25.666 12148 12148 I AconfigPackage: com.android.adservices.ondevicepersonalization.flags is mapped to com.android.ondevicepersonalization
10-21 17:13:25.667 12148 12148 I AconfigPackage: com.android.adbd.flags is mapped to com.android.adbd
10-21 17:13:25.667 12148 12148 I AconfigPackage: com.android.bluetooth.flags is mapped to com.android.bt
10-21 17:13:25.668 12148 12148 I AconfigPackage: com.android.devicelock.flags is mapped to com.android.devicelock
10-21 17:13:25.669 12148 12148 I AconfigPackage: android.os.profiling is mapped to com.android.profiling
10-21 17:13:25.669 12148 12148 I AconfigPackage: android.os.profiling.anomaly.flags is mapped to com.android.profiling
10-21 17:13:25.669 12148 12148 I AconfigPackage: com.android.os.statsd.flags is mapped to com.android.os.statsd
10-21 17:13:25.670 12148 12148 I AconfigPackage: com.android.rkpd.flags is mapped to com.android.rkpd
10-21 17:13:25.670 12148 12148 I AconfigPackage: com.android.cellbroadcastreceiver.flags is mapped to com.android.cellbroadcast
10-21 17:13:25.671 12148 12148 I AconfigPackage: com.android.adservices.flags is mapped to com.android.adservices
10-21 17:13:25.671 12148 12148 I AconfigPackage: com.android.sdksandbox.flags is mapped to com.android.adservices
10-21 17:13:25.671 12148 12148 I AconfigPackage: com.android.uwb.flags is mapped to com.android.uwb
10-21 17:13:25.671 12148 12148 I AconfigPackage: com.android.ranging.flags is mapped to com.android.uwb
10-21 17:13:25.672 12148 12148 I AconfigPackage: android.graphics.pdf.flags is mapped to com.android.mediaprovider
10-21 17:13:25.673 12148 12148 I AconfigPackage: com.android.providers.media.flags is mapped to com.android.mediaprovider
10-21 17:13:25.673 12148 12148 I AconfigPackage: android.graphics.pdf.flags.readonly is mapped to com.android.mediaprovider
10-21 17:13:25.673 12148 12148 I AconfigPackage: com.android.net.ct.flags is mapped to com.android.tethering
10-21 17:13:25.673 12148 12148 I AconfigPackage: com.android.tethering.mainline.beta is mapped to com.android.tethering
10-21 17:13:25.673 12148 12148 I AconfigPackage: com.android.net.flags is mapped to com.android.tethering
10-21 17:13:25.673 12148 12148 I AconfigPackage: com.android.nearby.flags is mapped to com.android.tethering
10-21 17:13:25.673 12148 12148 I AconfigPackage: android.net.vcn is mapped to com.android.tethering
10-21 17:13:25.673 12148 12148 I AconfigPackage: com.android.tethering.beta.test is mapped to com.android.tethering
10-21 17:13:25.673 12148 12148 I AconfigPackage: android.net.http is mapped to com.android.tethering
10-21 17:13:25.673 12148 12148 I AconfigPackage: com.android.net.thread.flags is mapped to com.android.tethering
10-21 17:13:25.675 12148 12148 I AconfigPackage: com.android.system.virtualmachine.flags is mapped to com.android.virt
10-21 17:13:25.676 12148 12148 E FeatureFlagsImplExport: android.os.flagging.AconfigStorageReadException: ERROR_PACKAGE_NOT_FOUND: package android.xr cannot be found on the device
10-21 17:13:25.676   767   941 D WifiVendorHal: installPacketFilter filter length 1597
10-21 17:13:25.679   767   941 D WifiClientModeImpl[21111:wlan0]:  ClientModeImpl$ConnectableState screen=on len=1597
10-21 17:13:25.728     0     0 I input   : Monkey touch as /devices/virtual/input/input25
10-21 17:13:25.691 12148 12148 W Monkey  :  arg: "-p"
10-21 17:13:25.691 12148 12148 W Monkey  :  arg: "com.google.android.deskclock"
10-21 17:13:25.691 12148 12148 W Monkey  :  arg: "-c"
10-21 17:13:25.691 12148 12148 W Monkey  :  arg: "android.intent.category.LAUNCHER"
10-21 17:13:25.691 12148 12148 W Monkey  :  arg: "1"
10-21 17:13:25.692 12148 12148 W Monkey  : data="com.google.android.deskclock"
10-21 17:13:25.691   767   941 E WifiStaIfaceAidlImpl: setDtimMultiplier failed with service-specific exception: android.os.ServiceSpecificException:  (code 4)
10-21 17:13:25.692   767   941 D WifiClientModeImpl: Set maximum DTIM Multiplier to 1 FAIL
10-21 17:13:25.692   767   941 D WifiClientModeImpl[21111:wlan0]:  ClientModeImpl$ConnectableState screen=on maximum multiplier=1
10-21 17:13:25.692 12148 12148 W Monkey  : data="android.intent.category.LAUNCHER"
10-21 17:13:25.708   767   898 D EventHub: No input device configuration file found for device 'Monkey touch'.
10-21 17:13:25.709   767   898 I EventHub: usingClockIoctl=true
10-21 17:13:25.709   767   898 I EventHub: New device: id=25, fd=569, path='/dev/input/event14', name='Monkey touch', classes=TOUCH | TOUCH_MT, configuration='', keyLayout='', keyCharacterMap='', builtinKeyboard=false, 
10-21 17:13:25.725   767   898 I InputReader: Device reconfigured: id=25, name='Monkey touch', size 1080x2400, orientation Rotation0, mode DIRECT, display id 0
10-21 17:13:25.727   767   898 I InputReader: Device added: id=25, eventHubId=25, name='Monkey touch', descriptor='e1fe28b90f915c7d1febbd52c1ef84b3c4cbed9f',sources=TOUCHSCREEN
10-21 17:13:25.743   767   802 D WindowManager: Direct invocation of sendNewConfiguration: Display{#0 state=ON size=1080x2400 ROTATION_0}
10-21 17:13:25.747   767   802 W libbinder.IPCThreadState: Sending oneway calls to frozen process.
10-21 17:13:25.757   767   857 W ActivityManager: registerReceiverWithFeature: no app for null
10-21 17:13:25.767   767   857 W ActivityTaskManager: callingPackage for (uid=0, pid=12148) has no WPC
10-21 17:13:25.767   767   857 V WindowManager: DesktopModeLaunchParamsModifier: phase= 0 task=null activity=null display-area-from-current-params=null display-area-from-default-fallback=DefaultTaskDisplayArea@155435942 display-id=0 task-display-area-windowing-mode=1 suggested-display-area=DefaultTaskDisplayArea@155435942 task null, skipping
10-21 17:13:25.768   767   857 V WindowManager: TaskLaunchParamsModifier:phase=0 task=null activity=null display-area-from-current-params=null display-area-from-default-fallback=DefaultTaskDisplayArea@155435942 display-id=0 task-display-area-windowing-mode=1 suggested-display-area=DefaultTaskDisplayArea@155435942
10-21 17:13:25.771   767   857 V GrammaticalInflectionUtils: AttributionSource: AttributionSource { uid = 10163, packageName = null, attributionTag = null, token = android.os.Binder@b9d83fb, deviceId = 0, next = null } does not have READ_SYSTEM_GRAMMATICAL_GENDER permission.
10-21 17:13:25.773   767   857 V WindowManager: DesktopModeLaunchParamsModifier: phase= 0 task=null activity=ActivityRecord{254397335 u0 com.google.android.deskclock/com.android.deskclock.DeskClock display-area-from-current-params=null display-area-from-default-fallback=DefaultTaskDisplayArea@155435942 display-id=0 task-display-area-windowing-mode=1 suggested-display-area=DefaultTaskDisplayArea@155435942 task null, skipping
10-21 17:13:25.773   767   857 V WindowManager: TaskLaunchParamsModifier:phase=0 task=null activity=ActivityRecord{254397335 u0 com.google.android.deskclock/com.android.deskclock.DeskClock t-1} display-area-from-current-params=null display-area-from-default-fallback=DefaultTaskDisplayArea@155435942 display-id=0 task-display-area-windowing-mode=1 suggested-display-area=DefaultTaskDisplayArea@155435942
10-21 17:13:25.773   767   857 V WindowManager: DesktopModeLaunchParamsModifier: phase= 3 task=Task{128f37 #44 type=standard A=10163:com.google.android.deskclock} activity=ActivityRecord{254397335 u0 com.google.android.deskclock/com.android.deskclock.DeskClock t-1} display-from-task=0 display-id=0 task-display-area-windowing-mode=1 suggested-display-area=DefaultTaskDisplayArea@155435942 not entering desktop mode, skipping
10-21 17:13:25.773   767   857 V WindowManager: TaskLaunchParamsModifier:phase=3 task=Task{128f37 #44 type=standard A=10163:com.google.android.deskclock} activity=ActivityRecord{254397335 u0 com.google.android.deskclock/com.android.deskclock.DeskClock t-1} display-from-task=0 display-id=0 task-display-area-windowing-mode=1 suggested-display-area=DefaultTaskDisplayArea@155435942 inherit-from-task=fullscreen non-freeform-task-display-area display-area=DefaultTaskDisplayArea@155435942 skip-bounds-fullscreen
10-21 17:13:25.774   767   857 V WindowManager: DesktopModeLaunchParamsModifier: phase= 3 task=Task{128f37 #44 type=standard A=10163:com.google.android.deskclock} activity=ActivityRecord{254397335 u0 com.google.android.deskclock/com.android.deskclock.DeskClock t-1} display-from-task=0 display-id=0 task-display-area-windowing-mode=1 suggested-display-area=DefaultTaskDisplayArea@155435942 not entering desktop mode, skipping
10-21 17:13:25.774   767   857 V WindowManager: TaskLaunchParamsModifier:phase=3 task=Task{128f37 #44 type=standard A=10163:com.google.android.deskclock} activity=ActivityRecord{254397335 u0 com.google.android.deskclock/com.android.deskclock.DeskClock t-1} display-from-task=0 display-id=0 task-display-area-windowing-mode=1 suggested-display-area=DefaultTaskDisplayArea@155435942 inherit-from-task=fullscreen non-freeform-task-display-area display-area=DefaultTaskDisplayArea@155435942 skip-bounds-fullscreen
10-21 17:13:25.776   767   857 V SplashScreenExceptionList: SplashScreen checking exception for package com.google.android.deskclock (target sdk:33) -> false
10-21 17:13:25.776   582   764 I libbinder.BpBinder: onLastStrongRef automatically unlinking death recipients for descriptor: '(not cached)'
10-21 17:13:25.783   767   857 I ActivityTaskManager: START u0 {act=android.intent.action.MAIN cat=[android.intent.category.LAUNCHER] flg=0x10200000 cmp=com.google.android.deskclock/com.android.deskclock.DeskClock} with LAUNCH_SINGLE_TASK from uid 0 (BAL_ALLOW_ALLOWLISTED_UID) result code=2
10-21 17:13:25.784 12148 12148 I Monkey  : Events injected: 1
10-21 17:13:25.787  1055  1178 V WindowManagerShell: Transition requested (#22): android.os.BinderProxy@2d1ff95 TransitionRequestInfo { type = OPEN, triggerTask = TaskInfo{userId=0 taskId=44 effectiveUid=10163 displayId=0 isRunning=true baseIntent=Intent { act=android.intent.action.MAIN cat=[android.intent.category.LAUNCHER] flg=0x10200000 cmp=com.google.android.deskclock/com.android.deskclock.DeskClock } baseActivity=ComponentInfo{com.google.android.deskclock/com.android.deskclock.DeskClock} topActivity=ComponentInfo{com.google.android.deskclock/com.android.deskclock.DeskClock} origActivity=null realActivity=ComponentInfo{com.google.android.deskclock/com.android.deskclock.DeskClock} numActivities=1 lastActiveTime=92716370 supportsMultiWindow=true resizeMode=1 isResizeable=true minWidth=-1 minHeight=-1 defaultMinSize=220 token=WCT{android.os.BinderProxy@5a25e15} topActivityType=1 pictureInPictureParams=null shouldDockBigOverlays=false launchIntoPipHostTaskId=-1 lastParentTaskIdBeforePip=-1 displayCutoutSafeInsets=Rect(0, 0 - 0, 0) topActivityInfo=ActivityInfo{18768aa com.android.deskclock.DeskClock} launchCookies=[] positionInParent=Point(0, 0) parentTaskId=-1 isFocused=false isVisible=false isVisibleRequested=false isTopActivityNoDisplay=false isSleeping=false locusId=null displayAreaFeatureId=1 isTopActivityTransparent=false isActivityStackTransparent=false lastNonFullscreenBounds=null capturedLink=null capturedLinkTimestamp=0 requestedVisibleTypes=503 topActivityRequestOpenInBrowserEducationTimestamp=0 appCompatTaskInfo=AppCompatTaskInfo { topActivityInSizeCompat=false isLeafTask= true eligibleForLetterboxEducation= false isLetterboxEducationEnabled= true isLetterboxDoubleTapEnabled= false eligibleForUserAspectRatioButton= false topActivityBoundsLetterboxed= false isFromLetterboxDoubleTap= false topActivityLetterboxVerticalPosition= -1 topActivityLetterboxHorizontalPosition= -1 topActivityLetterboxWidth=-1 topActivityLetterboxHeight=-1 topActivityAppBounds=Rect(0, 0 - 1080, 2337) isUserFullscreenOverrideEnabled=false isSystemFullscreenOverrideEnabled=false hasMinAspectRatioOverride=false topActivityLetterboxBounds=null cameraCompatTaskInfo=CameraCompatTaskInfo { cameraCompatMode=inactiveundefined} topNonResizableActivityAspectRatio=-1.0} topActivityMainWindowFrame=null isAppBubble=false}, pipChange = null, remoteTransition = null, displayChange = null, requestedLocation = null, userChange = null, flags = 0, debugId = 22 }
10-21 17:13:25.788  1055  1178 D ShellSplitScreen: logExit: no-op, mLoggerSessionId is null
10-21 17:13:25.791  1055  1286 D SplashScreenView: Build android.window.SplashScreenView{8f04838 V.E...... ......ID 0,0-0,0}
10-21 17:13:25.791  1055  1286 D SplashScreenView: Icon: view: null drawable: null size: 0
10-21 17:13:25.791  1055  1286 D SplashScreenView: Branding: view: android.view.View{7a00011 G.ED..... ......I. 0,0-0,0 #1020542 android:id/splashscreen_branding_view} drawable: null size w: 0 h: 0
10-21 17:13:25.795  1197  1197 D b/417220811: invalidateLoadedTasks - previous requestLoadId: -1
10-21 17:13:25.802   767   802 V GrammaticalInflectionUtils: AttributionSource: AttributionSource { uid = 10163, packageName = null, attributionTag = null, token = android.os.Binder@b9d83fb, deviceId = 0, next = null } does not have READ_SYSTEM_GRAMMATICAL_GENDER permission.
10-21 17:13:25.808  1055  1178 D WindowManagerShell: onActivityRestartAttempt: topActivity=ComponentInfo{com.google.android.deskclock/com.android.deskclock.DeskClock}, wasVisible=false
10-21 17:13:25.823   520   596 I netd    : tetherGetStats() -> {[]} <1.31ms>
10-21 17:13:25.823 12148 12148 I Monkey  : ## Network stats: elapsed time=29ms (0ms mobile, 0ms wifi, 29ms not connected)
10-21 17:13:25.824   628   737 W libbinder.IPCThreadState: Sending oneway calls to frozen process.
10-21 17:13:25.824   628   737 W libbinder.IPCThreadState: Sending oneway calls to frozen process.
10-21 17:13:25.825 12148 12148 I app_process: System.exit called, status: 0
10-21 17:13:25.825 12148 12148 I AndroidRuntime: VM exiting with result code 0.
10-21 17:13:25.837   522   522 D Zygote  : Forked child process 12169
10-21 17:13:25.837   767   898 I EventHub: Removing device Monkey touch due to epoll hang-up event.
10-21 17:13:25.837   767   898 I EventHub: Removed device: path=/dev/input/event14 name=Monkey touch id=25 fd=569 classes=TOUCH | TOUCH_MT
10-21 17:13:25.838   767   810 I ActivityManager: Start proc 12169:com.google.android.deskclock/u0a163 for next-top-activity {com.google.android.deskclock/com.android.deskclock.DeskClock}
10-21 17:13:25.843  1055  1285 D VRI[deskclock]: visibilityChanged oldVisibility=false newVisibility=true
10-21 17:13:25.843   767  1000 D BackgroundInstallControlService: Package event received: 0
10-21 17:13:25.852 12169 12169 I Zygote  : Process 12169 created for com.google.android.deskclock
10-21 17:13:25.853 12169 12169 I droid.deskclock: Using CollectorTypeCMC GC.
10-21 17:13:25.854 12169 12169 W droid.deskclock: Unexpected CPU variant for x86: x86_64.
10-21 17:13:25.854 12169 12169 W droid.deskclock: Known variants: atom, sandybridge, silvermont, goldmont, goldmont-plus, goldmont-without-sha-xsaves, tremont, kabylake, alderlake, default
10-21 17:13:25.860   767   898 I InputReader: Device removed: id=25, eventHubId=25, name='Monkey touch', descriptor='e1fe28b90f915c7d1febbd52c1ef84b3c4cbed9f', sources=TOUCHSCREEN
10-21 17:13:25.862 12169 12169 D nativeloader: Load libframework-connectivity-tiramisu-jni.so using APEX ns com_android_tethering for caller /apex/com.android.tethering/javalib/framework-connectivity-t.jar: ok
10-21 17:13:25.874  1055  1548 V WindowManagerShell: onTransitionReady(transaction=3294239917873)
10-21 17:13:25.875  1055  1178 V WindowManagerShell: onTransitionReady (#22) android.os.BinderProxy@2d1ff95: {id=22 t=OPEN f=0x0 trk=0 r=[0@Point(0, 0)] c=[
10-21 17:13:25.875  1055  1178 V WindowManagerShell:         {m=TO_FRONT f=MOVE_TO_TOP leash=Surface(name=Task=44#139)/@0xda0d28b sb=Rect(0, 0 - 1080, 2400) eb=Rect(0, 0 - 1080, 2400) epz=Point(1080, 2400) d=0 taskParent=-1 winMode=1 userId=0},
10-21 17:13:25.875  1055  1178 V WindowManagerShell:         {m=TO_BACK f=NONE leash=Surface(name=Task=43#122)/@0x222f68 sb=Rect(0, 0 - 1080, 2400) eb=Rect(0, 0 - 1080, 2400) epz=Point(1080, 2400) d=0 taskParent=-1 winMode=1 userId=0}
10-21 17:13:25.875  1055  1178 V WindowManagerShell:     ]}
10-21 17:13:25.877  1055  1178 V WindowManagerShell: Playing animation for (#22) android.os.BinderProxy@2d1ff95@0
10-21 17:13:25.878  1055  1178 V ShellRecents: RecentsTransitionHandler.startAnimation: no controller found
10-21 17:13:25.878  1055  1178 V WindowManagerShell: Transition doesn't have explicit remote, search filters for match for {id=22 t=OPEN f=0x0 trk=0 r=[0@Point(0, 0)] c=[{m=TO_FRONT f=MOVE_TO_TOP leash=Surface(name=Task=44#139)/@0xda0d28b sb=Rect(0, 0 - 1080, 2400) eb=Rect(0, 0 - 1080, 2400) epz=Point(1080, 2400) d=0 taskParent=-1 winMode=1 userId=0},{m=TO_BACK f=NONE leash=Surface(name=Task=43#122)/@0x222f68 sb=Rect(0, 0 - 1080, 2400) eb=Rect(0, 0 - 1080, 2400) epz=Point(1080, 2400) d=0 taskParent=-1 winMode=1 userId=0}]}
10-21 17:13:25.878  1055  1178 V WindowManagerShell:  Checking filter Pair{{types=[] flags=0x0] notFlags=0x0 checks=[{atype=undefined independent=true modes=[CLOSE,TO_BACK] flags=IN_TASK_WITH_EMBEDDED_ACTIVITY mustBeTask=false order=ANY topActivity=null launchCookie=null taskFragmentToken=android.os.BinderProxy@ec792c6 windowingMode=undefined}]} RemoteTransition { remoteTransition = android.window.IRemoteTransition$Stub$Proxy@4d60287, appThread = android.app.IApplicationThread$Stub$Proxy@f4e65b4, debugName = overlayBackTransition }}
10-21 17:13:25.878  1055  1178 V WindowManagerShell:  Checking filter Pair{{types=[] flags=0x0] notFlags=0x0 checks=[{atype=dream independent=true modes=[OPEN,TO_FRONT] flags=NONE mustBeTask=false order=ANY topActivity=null launchCookie=null windowingMode=undefined},{atype=home independent=true modes=[CLOSE,TO_BACK] flags=NONE mustBeTask=false order=ANY topActivity=null launchCookie=null windowingMode=undefined}]} RemoteTransition { remoteTransition = android.window.IRemoteTransition$Stub$Proxy@49655dd, appThread = android.app.IApplicationThread$Stub$Proxy@81a1552, debugName = LauncherToDream }}
10-21 17:13:25.878  1055  1178 V WindowManagerShell:  Checking filter Pair{{types=[] flags=0x0] notFlags=0x100 checks=[{atype=home independent=true modes=[OPEN,TO_FRONT] flags=NONE mustBeTask=false order=TOP topActivity=ComponentInfo{com.google.android.apps.nexuslauncher/com.google.android.apps.nexuslauncher.NexusLauncherActivity} launchCookie=null windowingMode=undefined},{atype=standard independent=true modes=[CLOSE,TO_BACK] flags=NONE mustBeTask=false order=ANY topActivity=null launchCookie=null windowingMode=undefined},{NOT atype=undefined independent=true modes=[] flags=NONE mustBeTask=true order=ANY topActivity=null launchCookie=null customAnim=true windowingMode=undefined}]} RemoteTransition { remoteTransition = android.window.IRemoteTransition$Stub$Proxy@5064023, appThread = android.app.IApplicationThread$Stub$Proxy@9462920, debugName = QuickstepLaunchHome }}
10-21 17:13:25.878  1055  1178 V WindowManagerShell:  Delegate animation for (#22) to null
10-21 17:13:25.878   767   898 I EventHub: Removing device '/dev/input/event14' due to inotify event
10-21 17:13:25.878  1055  1178 V WindowManagerShell: start default transition animation, info = {id=22 t=OPEN f=0x0 trk=0 r=[0@Point(0, 0)] c=[{m=TO_FRONT f=MOVE_TO_TOP leash=Surface(name=Task=44#139)/@0xda0d28b sb=Rect(0, 0 - 1080, 2400) eb=Rect(0, 0 - 1080, 2400) epz=Point(1080, 2400) d=0 taskParent=-1 winMode=1 userId=0},{m=TO_BACK f=NONE leash=Surface(name=Task=43#122)/@0x222f68 sb=Rect(0, 0 - 1080, 2400) eb=Rect(0, 0 - 1080, 2400) epz=Point(1080, 2400) d=0 taskParent=-1 winMode=1 userId=0}]}
10-21 17:13:25.884  1055  1178 V WindowManagerShell: loadAnimation: anim=android.view.animation.AnimationSet@a9eda14 animAttr=0x9 type=OPEN isEntrance=false
10-21 17:13:25.886   767   799 V WindowManager: Sent Transition (#22) createdAt=10-21 17:13:25.772 via request=TransitionRequestInfo { type = OPEN, triggerTask = TaskInfo{userId=0 taskId=44 effectiveUid=10163 displayId=0 isRunning=true baseIntent=Intent { act=android.intent.action.MAIN cat=[android.intent.category.LAUNCHER] flg=0x10200000 cmp=com.google.android.deskclock/com.android.deskclock.DeskClock } baseActivity=ComponentInfo{com.google.android.deskclock/com.android.deskclock.DeskClock} topActivity=ComponentInfo{com.google.android.deskclock/com.android.deskclock.DeskClock} origActivity=null realActivity=ComponentInfo{com.google.android.deskclock/com.android.deskclock.DeskClock} numActivities=1 lastActiveTime=92716370 supportsMultiWindow=true resizeMode=1 isResizeable=true minWidth=-1 minHeight=-1 defaultMinSize=220 token=WCT{RemoteToken{dfe757c Task{128f37 #44 type=standard A=10163:com.google.android.deskclock}}} topActivityType=1 pictureInPictureParams=null shouldDockBigOverlays=false launchIntoPipHostTaskId=-1 lastParentTaskIdBeforePip=-1 displayCutoutSafeInsets=Rect(0, 0 - 0, 0) topActivityInfo=ActivityInfo{70bfe05 com.android.deskclock.DeskClock} launchCookies=[] positionInParent=Point(0, 0) parentTaskId=-1 isFocused=false isVisible=false isVisibleRequested=false isTopActivityNoDisplay=false isSleeping=false locusId=null displayAreaFeatureId=1 isTopActivityTransparent=false isActivityStackTransparent=false lastNonFullscreenBounds=null capturedLink=null capturedLinkTimestamp=0 requestedVisibleTypes=503 topActivityRequestOpenInBrowserEducationTimestamp=0 appCompatTaskInfo=AppCompatTaskInfo { topActivityInSizeCompat=false isLeafTask= true eligibleForLetterboxEducation= false isLetterboxEducationEnabled= true isLetterboxDoubleTapEnabled= false eligibleForUserAspectRatioButton= false topActivityBoundsLetterboxed= false isFromLetterboxDoubleTap= false topActivityLetterboxVerticalPosition= -1 topActivityLetterboxHorizontalPosition= -1 topActivityLetterboxWidth=-1 topActivityLetterboxHeight=-1 topActivityAppBounds=Rect(0, 0 - 1080, 2337) isUserFullscreenOverrideEnabled=false isSystemFullscreenOverrideEnabled=false hasMinAspectRatioOverride=false topActivityLetterboxBounds=null cameraCompatTaskInfo=CameraCompatTaskInfo { cameraCompatMode=inactiveundefined} topNonResizableActivityAspectRatio=-1.0} topActivityMainWindowFrame=null isAppBubble=false}, pipChange = null, remoteTransition = null, displayChange = null, requestedLocation = null, userChange = null, flags = 0, debugId = 22 }
10-21 17:13:25.888   767   799 V WindowManager:     startWCT=WindowContainerTransaction { changes= {} hops= [] errorCallbackToken=null taskFragmentOrganizer=null }
10-21 17:13:25.888   767   799 V WindowManager:     info={id=22 t=OPEN f=0x0 trk=0 r=[0@Point(0, 0)] c=[
10-21 17:13:25.888   767   799 V WindowManager:         {WCT{RemoteToken{dfe757c Task{128f37 #44 type=standard A=10163:com.google.android.deskclock}}} m=TO_FRONT f=MOVE_TO_TOP leash=Surface(name=Task=44#139)/@0xac53784 sb=Rect(0, 0 - 1080, 2400) eb=Rect(0, 0 - 1080, 2400) epz=Point(1080, 2400) d=0 taskParent=-1 winMode=1 userId=0},
10-21 17:13:25.888   767   799 V WindowManager:         {WCT{RemoteToken{da27fa Task{5e5918d #43 type=standard A=10172:com.google.android.youtube}}} m=TO_BACK f=NONE leash=Surface(name=Task=43#122)/@0xf4c41ec sb=Rect(0, 0 - 1080, 2400) eb=Rect(0, 0 - 1080, 2400) epz=Point(1080, 2400) d=0 taskParent=-1 winMode=1 userId=0}
10-21 17:13:25.888   767   799 V WindowManager:     ]}
10-21 17:13:25.890   767   802 D WindowManager: Direct invocation of sendNewConfiguration: Display{#0 state=ON size=1080x2400 ROTATION_0}
10-21 17:13:25.891   767   802 W libbinder.IPCThreadState: Sending oneway calls to frozen process.
10-21 17:13:25.892  1197  1197 D TouchInteractionService: disposeEventHandlers: Reason: Initializing input monitor due to: onTrackpadConnected() instance=177253505
10-21 17:13:25.893  1197  1197 D InputMonitorCompat: Input event receiver for monitor (swipe-up-disp0) disposed
10-21 17:13:25.893   767   897 W InputDispatcher: channel '[Gesture Monitor] swipe-up' ~ Consumer closed input channel or an error occurred.  events=0x9
10-21 17:13:25.893   767   897 E InputDispatcher: channel '[Gesture Monitor] swipe-up' ~ Channel is unrecoverably broken and will be disposed!
10-21 17:13:25.893  1197  1197 D InputMonitorCompat: Input monitor (swipe-up-disp0) disposed
10-21 17:13:25.901   767  1000 D BackgroundInstallControlService: Package event received: 0
10-21 17:13:25.906  1197  1197 D InputMonitorCompat: Input monitor (swipe-up-disp0) created
10-21 17:13:25.907  1197  1197 D InputMonitorCompat: Input event receiver for monitor (swipe-up-disp0) created
10-21 17:13:25.912  1055  1178 V WindowManagerShell: loadAnimation: anim=android.view.animation.AnimationSet@1cf747b animAttr=0x8 type=OPEN isEntrance=true
10-21 17:13:25.912  1055  1055 D NavigationModeController: getCurrentUserContext: contextUser=0 currentUser=0
10-21 17:13:25.918  1055  1178 V WindowManagerShell:  animated by com.android.wm.shell.transition.DefaultTransitionHandler@48ec040
10-21 17:13:25.918  1055  1178 W Looper  : Slow dispatch took 43ms wmshell.main app=com.android.systemui main=false group=TOP_APP h=android.os.Handler c=com.android.wm.shell.transition.Transitions$TransitionPlayerImpl$$ExternalSyntheticLambda1@84ad6d6 m=0
10-21 17:13:25.920   767   802 W PermissionService: getPermissionFlags: Unknown user -1
10-21 17:13:25.920   767   802 W PermissionService: getPermissionFlags: Unknown user -1
10-21 17:13:25.926 12169 12169 D ApplicationLoaders: Returning zygote-cached class loader: /system/framework/org.apache.http.legacy.jar
10-21 17:13:25.927 12169 12169 D ApplicationLoaders: Returning zygote-cached class loader: /system_ext/framework/androidx.window.extensions.jar
10-21 17:13:25.927 12169 12169 D ApplicationLoaders: Returning zygote-cached class loader: /system_ext/framework/androidx.window.sidecar.jar
10-21 17:13:25.954  1197  1197 D b/417220811: invalidateLoadedTasks - previous requestLoadId: -1
10-21 17:13:25.960 12169 12169 D nativeloader: InitLlndkLibrariesProduct: libEGL.so:libGLESv1_CM.so:libGLESv2.so:libGLESv3.so:libRS.so:libandroid_net.so:libapexsupport.so:libavf.so:libbinder_ndk.so:libc.so:libcgrouprc.so:libclang_rt.asan-x86_64-android.so:libcom.android.tethering.connectivity_native.so:libdl.so:libft2.so:liblog.so:libm.so:libmediandk.so:libnativewindow.so:libneuralnetworks.so:libselinux.so:libsync.so:libvendorsupport.so:libvndksupport.so:libvulkan.so
10-21 17:13:25.961 12169 12169 D nativeloader: Configuring product-clns-9 for unbundled product apk /product/app/PrebuiltDeskClockGoogle/PrebuiltDeskClockGoogle.apk. target_sdk_version=33, uses_libraries=, library_path=/product/app/PrebuiltDeskClockGoogle/lib/x86_64:/product/lib64:/system/product/lib64, permitted_path=/data:/mnt/expand:/data/user/0/com.google.android.deskclock:/product/lib64:/system/product/lib64
10-21 17:13:25.961 12169 12169 D nativeloader: InitVndkspLibrariesProduct: VNDK is deprecated with product
10-21 17:13:26.034 12169 12169 V GraphicsEnvironment: Currently set values for:
10-21 17:13:26.034 12169 12169 V GraphicsEnvironment:   angle_gl_driver_selection_pkgs=[]
10-21 17:13:26.034 12169 12169 V GraphicsEnvironment:   angle_gl_driver_selection_values=[]
10-21 17:13:26.034 12169 12169 V GraphicsEnvironment: com.google.android.deskclock is not listed in per-application setting
10-21 17:13:26.036 12169 12169 V GraphicsEnvironment: ANGLE allowlist from config: com.dreamgames.royalmatch com.dts.freefiremax com.dxx.firenow com.gramgames.mergedragons com.ludo.king com.mojang.minecraftpe com.my.defense com.nintendo.zaka com.os.airforce com.playrix.fishdomdd.gplay io.teslatech.callbreak jp.konami.prospia net.peakgames.toonblast
10-21 17:13:26.036 12169 12169 V GraphicsEnvironment: com.google.android.deskclock is not listed in ANGLE allowlist or settings, returning default
10-21 17:13:26.036 12169 12169 V GraphicsEnvironment: Neither updatable production driver nor prerelease driver is supported.
10-21 17:13:26.080 12169 12169 D PrimesApiImpl: Primes instant initialization
10-21 17:13:26.089 12169 12169 D CompatChangeReporter: Compat change id reported: 183155436; UID 10163; state: ENABLED
10-21 17:13:26.149  1379  1398 I FontLog : Received query Google Sans, URI content://com.google.android.gms.fonts [CONTEXT service_id=132 ]
10-21 17:13:26.163  1379  1398 I FontLog : Query [Google Sans] resolved to {Google Sans, wdth 100.0, wght 400, ital 0.0, bestEffort false}, isVf false} [CONTEXT service_id=132 ]
10-21 17:13:26.178  1379  1398 I FontLog : Font PFD returned from cache for {Google Sans, wdth 100.0, wght 400, ital 0.0, bestEffort false}, isVf false} [CONTEXT service_id=132 ]
10-21 17:13:26.202  1379  1398 I FontLog : Fetch {Google Sans, wdth 100.0, wght 400, ital 0.0, bestEffort false}, isVf false} end status Status{statusCode=SUCCESS, resolution=null} [CONTEXT service_id=132 ]
10-21 17:13:26.213 12169 12187 E droid.deskclock: hiddenapi: Accessing hidden field Ljava/util/Collections$SynchronizedCollection;->mutex:Ljava/lang/Object; (runtime_flags=0, domain=core-platform, api=max-target-o) from Lj$/util/DesugarCollections; (domain=app) using reflection: denied
10-21 17:13:26.213 12169 12187 E droid.deskclock: hiddenapi: Accessing hidden method Ljava/util/Collections$SynchronizedSet;-><init>(Ljava/util/Set;Ljava/lang/Object;)V (runtime_flags=0, domain=core-platform, api=max-target-o) from Lj$/util/DesugarCollections; (domain=app) using reflection: denied
10-21 17:13:26.213 12169 12187 E droid.deskclock: hiddenapi: Accessing hidden method Ljava/util/Collections$SynchronizedCollection;-><init>(Ljava/util/Collection;Ljava/lang/Object;)V (runtime_flags=0, domain=core-platform, api=max-target-o) from Lj$/util/DesugarCollections; (domain=app) using reflection: denied
10-21 17:13:26.229   767  1000 D BackgroundInstallControlService: Package event received: 0
10-21 17:13:26.232 12169 12188 I DisplayManager: Choreographer implicitly registered for the refresh rate.
10-21 17:13:26.232   767  1000 D BackgroundInstallControlService: Package event received: 0
10-21 17:13:26.239 12169 12169 D DesktopExperienceFlags: Toggle override initialized to: false
10-21 17:13:26.240  1379  1398 I FontLog : Pulling font file for id = 46, cache size = 12 [CONTEXT service_id=132 ]
10-21 17:13:26.243 12169 12169 D AppCompatDelegate: Checking for metadata for AppLocalesMetadataHolderService : Service not found
10-21 17:13:26.243 12169 12183 I HWUI    : Using FreeType backend (prop=Auto)
10-21 17:13:26.252   767   767 W Looper  : Slow dispatch took 126ms main app=system_server main=true group=FOREGROUND h=com.android.server.notification.NotificationManagerService$WorkerHandler c=com.android.server.notification.NotificationManagerService$PostNotificationRunnable@732a628 m=0
10-21 17:13:26.253 12169 12169 E ashmem  : Pinning is deprecated since Android Q. Please use trim or other methods.
10-21 17:13:26.263  1730  2423 W AiAiEcho: LyftNotificationParser Ridesharing ETA not enabled
10-21 17:13:26.279  1730  2423 I AiAiEcho: SmartspaceNotificationPredictor no parser can handle this notification or notification is invalid
10-21 17:13:26.284  1379  2453 I FontLog : Received query Google Sans Text, URI content://com.google.android.gms.fonts [CONTEXT service_id=132 ]
10-21 17:13:26.284  1379  2453 I FontLog : Query [Google Sans Text] resolved to {Google Sans Text, wdth 100.0, wght 400, ital 0.0, bestEffort false}, isVf false} [CONTEXT service_id=132 ]
10-21 17:13:26.286  1379  2453 I FontLog : Font PFD returned from cache for {Google Sans Text, wdth 100.0, wght 400, ital 0.0, bestEffort false}, isVf false} [CONTEXT service_id=132 ]
10-21 17:13:26.286  1379  2453 I FontLog : Fetch {Google Sans Text, wdth 100.0, wght 400, ital 0.0, bestEffort false}, isVf false} end status Status{statusCode=SUCCESS, resolution=null} [CONTEXT service_id=132 ]
10-21 17:13:26.287  1379  2453 I FontLog : Pulling font file for id = 47, cache size = 13 [CONTEXT service_id=132 ]
10-21 17:13:26.291 12169 12169 D CrashMetricServiceImpl: onActivityCreated
10-21 17:13:26.327 12169 12188 I GFXSTREAM: [eglDisplay.cpp(297)] Opening libGLESv1_CM_emulation.so
10-21 17:13:26.328 12169 12188 I GFXSTREAM: [eglDisplay.cpp(297)] Opening libGLESv2_emulation.so
10-21 17:13:26.330  1379  2453 I FontLog : Received query Google Sans:500, URI content://com.google.android.gms.fonts [CONTEXT service_id=132 ]
10-21 17:13:26.331  1379  2453 I FontLog : Query [Google Sans:500] resolved to {Google Sans, wdth 100.0, wght 500, ital 0.0, bestEffort false}, isVf false} [CONTEXT service_id=132 ]
10-21 17:13:26.332  1379  2453 I FontLog : Font PFD returned from cache for {Google Sans, wdth 100.0, wght 500, ital 0.0, bestEffort false}, isVf false} [CONTEXT service_id=132 ]
10-21 17:13:26.332  1379  2453 I FontLog : Fetch {Google Sans, wdth 100.0, wght 500, ital 0.0, bestEffort false}, isVf false} end status Status{statusCode=SUCCESS, resolution=null} [CONTEXT service_id=132 ]
10-21 17:13:26.333  1379  2453 I FontLog : Pulling font file for id = 48, cache size = 10 [CONTEXT service_id=132 ]
10-21 17:13:26.341 12169 12188 W HWUI    : Failed to initialize 101010-2 format, error = EGL_SUCCESS
10-21 17:13:26.343 12169 12169 D DesktopModeFlags: Toggle override initialized to: OVERRIDE_UNSET
10-21 17:13:26.368 12169 12185 D HashingNameSanitizer: Sanitized Hash: [JOB] -- -> -3482659475142443901
10-21 17:13:26.368 12169 12185 V HashingNameSanitizer: Raw Hash: [JOB] com.google.android.deskclock/com.android.deskclock.indexing.IndexingJobService -> 1752834513499915669
10-21 17:13:26.383  1379  1379 D BoundBrokerSvc: onUnbind: Intent { act=com.google.android.gms.common.telemetry.service.START dat=chimera-action:/... xflg=0x4 cmp=com.google.android.gms/.chimera.PersistentApiService }
10-21 17:13:26.395 12169 12185 V BatteryMetricServiceImp: log start: StatsRecord:
10-21 17:13:26.395 12169 12185 V BatteryMetricServiceImp:   elapsed: 82560644
10-21 17:13:26.395 12169 12185 V BatteryMetricServiceImp:   current: 1760512539272
10-21 17:13:26.395 12169 12185 V BatteryMetricServiceImp:   Primes version: 528623823
10-21 17:13:26.395 12169 12185 V BatteryMetricServiceImp:   version name #: -2067195652
10-21 17:13:26.395 12169 12185 V BatteryMetricServiceImp:   customName: null
10-21 17:13:26.395 12169 12185 V BatteryMetricServiceImp: 
10-21 17:13:26.395 12169 12185 V BatteryMetricServiceImp: end: StatsRecord:
10-21 17:13:26.395 12169 12185 V BatteryMetricServiceImp:   elapsed: 92766945
10-21 17:13:26.395 12169 12185 V BatteryMetricServiceImp:   current: 1761038006325
10-21 17:13:26.395 12169 12185 V BatteryMetricServiceImp:   Primes version: 528623823
10-21 17:13:26.395 12169 12185 V BatteryMetricServiceImp:   version name #: -2067195652
10-21 17:13:26.395 12169 12185 V BatteryMetricServiceImp:   customName: null
10-21 17:13:26.395 12169 12185 V BatteryMetricServiceImp: 
10-21 17:13:26.396 12169 12185 D BatteryCapture: inconsistent stats
10-21 17:13:26.408  1379  2453 I FontLog : Received query Google Sans Text:500, URI content://com.google.android.gms.fonts [CONTEXT service_id=132 ]
10-21 17:13:26.408  1379  2453 I FontLog : Query [Google Sans Text:500] resolved to {Google Sans Text, wdth 100.0, wght 500, ital 0.0, bestEffort false}, isVf false} [CONTEXT service_id=132 ]
10-21 17:13:26.410  1379  2453 I FontLog : Font PFD returned from cache for {Google Sans Text, wdth 100.0, wght 500, ital 0.0, bestEffort false}, isVf false} [CONTEXT service_id=132 ]
10-21 17:13:26.410  1379  2453 I FontLog : Fetch {Google Sans Text, wdth 100.0, wght 500, ital 0.0, bestEffort false}, isVf false} end status Status{statusCode=SUCCESS, resolution=null} [CONTEXT service_id=132 ]
10-21 17:13:26.411  1379  2453 I FontLog : Pulling font file for id = 49, cache size = 11 [CONTEXT service_id=132 ]
10-21 17:13:26.444  1055  1178 V WindowManagerShell: Transition animation finished (aborted=false), notifying core (#22) android.os.BinderProxy@2d1ff95@0
10-21 17:13:26.447   767   799 V WindowManager: Finish Transition (#22): created at 10-21 17:13:25.772 collect-started=0.048ms request-sent=9.679ms started=18.569ms ready=84.283ms sent=94.328ms commit=63.123ms finished=673.988ms
10-21 17:13:26.449  1055  1178 V WindowManagerShell: Track 0 became idle
10-21 17:13:26.449  1055  1178 V WindowManagerShell: All active transition animations finished
10-21 17:13:26.449 12029 12029 D VRI[Shell$HomeActivity]: visibilityChanged oldVisibility=true newVisibility=false
10-21 17:13:26.462   767  1029 W ImageReader_JNI: Unable to acquire a buffer item, very likely client tried to acquire more than maxImages buffers
10-21 17:13:26.476   521 12152 W statsd  : Pull for atom 10033 exceeds timeout 1503622262 nano seconds.
10-21 17:13:26.505 12169 12169 D AlarmClock: WeatherModel: Initial load: WeatherSet {state=UNSUPPORTED_DEVICE_TYPE, weatherData=[]}
10-21 17:13:26.506 12169 12169 I WindowExtensionsImpl: Initializing Window Extensions, vendor API level=9, activity embedding enabled=true
10-21 17:13:26.514   767  1152 D ActivityManager: sync unfroze 13277 com.google.android.googlequicksearchbox:search for 7
10-21 17:13:26.519   767  1000 D BackgroundInstallControlService: Package event received: 0
10-21 17:13:26.520 12169 12169 I AlarmClock: Fold: Started watching com.android.deskclock.DeskClock for fold changes
10-21 17:13:26.523  1730  1730 W AiAiVC  : Unexpected capture event type: 11
10-21 17:13:26.524   767  1152 D ActivityManager: sync unfroze 19657 com.google.android.googlequicksearchbox:googleapp for 7
10-21 17:13:26.526   767  1000 D BackgroundInstallControlService: Package event received: 0
10-21 17:13:26.530   767  1152 D ActivityManager: sync unfroze 22604 com.google.android.adservices.api for 7
10-21 17:13:26.532   767  1000 D BackgroundInstallControlService: Package event received: 0
10-21 17:13:26.536   767  1152 D ActivityManager: sync unfroze 22790 com.google.android.webview:sandboxed_process0:org.chromium.content.app.SandboxedProcessService0:0 for 7
10-21 17:13:26.539 12169 12169 V AppLifecycleTracker: App transition to foreground
10-21 17:13:26.540 12169 12169 I AlarmClock: CLOCKS tab created its ViewStub
10-21 17:13:26.540   767  1000 D BackgroundInstallControlService: Package event received: 0
10-21 17:13:26.541 12169 12169 I AlarmClock: CLOCKS tab inflated the delegate layout behind its ViewStub
10-21 17:13:26.569 12169 12169 D AlarmClock: WeatherModel: Cannot load weather: UNSUPPORTED_DEVICE_TYPE
10-21 17:13:26.572 12169 12169 W AnimatedVectorDrawable: Duration for the animation is too long :166, the animation will subsample the keyframe or path data.
10-21 17:13:26.572 12169 12169 W AnimatedVectorDrawable: Duration for the animation is too long :166, the animation will subsample the keyframe or path data.
10-21 17:13:26.572 12169 12169 W AnimatedVectorDrawable: Duration for the animation is too long :417, the animation will subsample the keyframe or path data.
10-21 17:13:26.572 12169 12169 W AnimatedVectorDrawable: Duration for the animation is too long :417, the animation will subsample the keyframe or path data.
10-21 17:13:26.572 12169 12169 W AnimatedVectorDrawable: Duration for the animation is too long :250, the animation will subsample the keyframe or path data.
10-21 17:13:26.572 12169 12169 W AnimatedVectorDrawable: Duration for the animation is too long :250, the animation will subsample the keyframe or path data.
10-21 17:13:26.573 12169 12169 W AnimatedVectorDrawable: Duration for the animation is too long :166, the animation will subsample the keyframe or path data.
10-21 17:13:26.573 12169 12169 W AnimatedVectorDrawable: Duration for the animation is too long :166, the animation will subsample the keyframe or path data.
10-21 17:13:26.573 12169 12169 W AnimatedVectorDrawable: Duration for the animation is too long :417, the animation will subsample the keyframe or path data.
10-21 17:13:26.573 12169 12169 W AnimatedVectorDrawable: Duration for the animation is too long :417, the animation will subsample the keyframe or path data.
10-21 17:13:26.573 12169 12169 W AnimatedVectorDrawable: Duration for the animation is too long :250, the animation will subsample the keyframe or path data.
10-21 17:13:26.573 12169 12169 W AnimatedVectorDrawable: Duration for the animation is too long :250, the animation will subsample the keyframe or path data.
10-21 17:13:26.573 12169 12169 I ContentCaptureHelper: Setting logging level to OFF
10-21 17:13:26.573 12169 12169 D AlarmClock: Events: [App] [Show]
10-21 17:13:26.588 12169 12169 W HWUI    : Unknown dataspace 0
10-21 17:13:26.644     0     0 I servicemanager: Caller(pid=12169,uid=10163,sid=u:r:untrusted_app_32:s0:c163,c256,c512,c768) Found android.hardware.graphics.allocator.IAllocator/default in device VINTF manifest.
10-21 17:13:26.645     0     0 I servicemanager: Caller(pid=12169,uid=10163,sid=u:r:untrusted_app_32:s0:c163,c256,c512,c768) Found android.hardware.graphics.allocator.IAllocator/default in device VINTF manifest.
10-21 17:13:26.608 12169 12169 D WindowOnBackDispatcher: setTopOnBackInvokedCallback (unwrapped): android.app.Activity$$ExternalSyntheticLambda0@73aaa5e
10-21 17:13:26.608   767  2117 D CoreBackPreview: Window{62cf6c3 u0 com.google.android.deskclock/com.android.deskclock.DeskClock}: Setting back callback OnBackInvokedCallbackInfo{mCallback=android.window.IOnBackInvokedCallback$Stub$Proxy@8895c64, mPriority=-1, mIsAnimationCallback=false, mOverrideBehavior=0}
10-21 17:13:26.646     0     0 I servicemanager: Caller(pid=12169,uid=10163,sid=u:r:untrusted_app_32:s0:c163,c256,c512,c768) Found mapper/ranchu in device VINTF manifest.
10-21 17:13:26.629 12169 12169 D VRI[DeskClock]: WindowInsets changed: 1080x2400 statusBars:[0,63,0,0] navigationBars:[0,0,0,63] mandatorySystemGestures:[0,63,0,84] 
10-21 17:13:26.655   520   596 I netd    : setProcSysNet(4, 2, wlan0, retrans_time_ms, 750) <1.79ms>
10-21 17:13:26.656   520   596 I netd    : setProcSysNet(4, 2, wlan0, ucast_solicit, 10) <0.05ms>
10-21 17:13:26.656   520   596 I netd    : setProcSysNet(6, 2, wlan0, retrans_time_ms, 750) <0.09ms>
10-21 17:13:26.656 12169 12169 D WindowOnBackDispatcher: setTopOnBackInvokedCallback (unwrapped): rk@5e209ca
10-21 17:13:26.656   520   596 I netd    : setProcSysNet(6, 2, wlan0, ucast_solicit, 10) <0.03ms>
10-21 17:13:26.660   767  2117 D CoreBackPreview: Window{62cf6c3 u0 com.google.android.deskclock/com.android.deskclock.DeskClock}: Setting back callback OnBackInvokedCallbackInfo{mCallback=android.window.IOnBackInvokedCallback$Stub$Proxy@1b33963, mPriority=0, mIsAnimationCallback=true, mOverrideBehavior=0}
10-21 17:13:26.806     0     0 I init    : processing action (sys.rss_hwm_reset.on=1) from (/system/etc/init/rss_hwm_reset.rc:24)
10-21 17:13:26.809     0     0 I init    : starting service 'rss_hwm_reset'...
10-21 17:13:26.822     0     0 I init    : ... started service 'rss_hwm_reset' has pid 12207
10-21 17:13:26.842     0     0 I init    : Service 'rss_hwm_reset' (pid 12207) exited with status 0 oneshot service took 0.028000 seconds in background
10-21 17:13:26.843     0     0 I init    : Sending SIGKILL to service 'rss_hwm_reset' (pid 12207) process group...
10-21 17:13:26.843     0     0 I libprocessgroup: Removed cgroup /sys/fs/cgroup/system/uid_9999/pid_12207
10-21 17:13:26.841   521 12152 W statsd  : StatsPullerManager: Unknown tagId 10051
10-21 17:13:26.842   521 12152 W statsd  : StatsPullerManager: Unknown tagId 10054
10-21 17:13:26.842   521 12152 W statsd  : StatsPullerManager: Unknown tagId 10055
10-21 17:13:26.845   767   857 E IonMemoryUtil: Failed to read file
10-21 17:13:26.845   767   857 E IonMemoryUtil: java.io.FileNotFoundException: /sys/kernel/debug/ion/heaps/system: open failed: ENOENT (No such file or directory)
10-21 17:13:26.845   767   857 E IonMemoryUtil: 	at libcore.io.IoBridge.open(IoBridge.java:574)
10-21 17:13:26.845   767   857 E IonMemoryUtil: 	at java.io.FileInputStream.<init>(FileInputStream.java:179)
10-21 17:13:26.845   767   857 E IonMemoryUtil: 	at android.os.FileUtils.readTextFile(FileUtils.java:745)
10-21 17:13:26.845   767   857 E IonMemoryUtil: 	at com.android.server.stats.pull.IonMemoryUtil.readFile(IonMemoryUtil.java:128)
10-21 17:13:26.845   767   857 E IonMemoryUtil: 	at com.android.server.stats.pull.IonMemoryUtil.readSystemIonHeapSizeFromDebugfs(IonMemoryUtil.java:57)
10-21 17:13:26.845   767   857 E IonMemoryUtil: 	at com.android.server.stats.pull.StatsPullAtomService.pullSystemIonHeapSizeLocked(StatsPullAtomService.java:2637)
10-21 17:13:26.845   767   857 E IonMemoryUtil: 	at com.android.server.stats.pull.StatsPullAtomService$StatsPullAtomCallbackImpl.onPullAtom(StatsPullAtomService.java:650)
10-21 17:13:26.845   767   857 E IonMemoryUtil: 	at android.app.StatsManager$PullAtomCallbackInternal.lambda$onPullAtom$0(StatsManager.java:711)
10-21 17:13:26.845   767   857 E IonMemoryUtil: 	at android.app.StatsManager$PullAtomCallbackInternal.$r8$lambda$oIAiCNGFyxeWs0XtQyXXxYxjHhU(Unknown Source:0)
10-21 17:13:26.845   767   857 E IonMemoryUtil: 	at android.app.StatsManager$PullAtomCallbackInternal$$ExternalSyntheticLambda0.run(D8$$SyntheticClass:0)
10-21 17:13:26.845   767   857 E IonMemoryUtil: 	at com.android.internal.util.ConcurrentUtils$DirectExecutor.execute(ConcurrentUtils.java:141)
10-21 17:13:26.845   767   857 E IonMemoryUtil: 	at android.app.StatsManager$PullAtomCallbackInternal.onPullAtom(StatsManager.java:709)
10-21 17:13:26.845   767   857 E IonMemoryUtil: 	at android.os.IPullAtomCallback$Stub.onTransact(IPullAtomCallback.java:94)
10-21 17:13:26.845   767   857 E IonMemoryUtil: 	at android.os.Binder.execTransactInternal(Binder.java:1478)
10-21 17:13:26.845   767   857 E IonMemoryUtil: 	at android.os.Binder.execTransact(Binder.java:1418)
10-21 17:13:26.845   767   857 E IonMemoryUtil: Caused by: android.system.ErrnoException: open failed: ENOENT (No such file or directory)
10-21 17:13:26.845   767   857 E IonMemoryUtil: 	at libcore.io.Linux.open(Native Method)
10-21 17:13:26.845   767   857 E IonMemoryUtil: 	at libcore.io.ForwardingOs.open(ForwardingOs.java:574)
10-21 17:13:26.845   767   857 E IonMemoryUtil: 	at libcore.io.BlockGuardOs.open(BlockGuardOs.java:274)
10-21 17:13:26.845   767   857 E IonMemoryUtil: 	at libcore.io.IoBridge.open(IoBridge.java:560)
10-21 17:13:26.845   767   857 E IonMemoryUtil: 	... 14 more
10-21 17:13:26.849   521 12152 W statsd  : StatsPullerManager: Unknown tagId 10060
10-21 17:13:26.850   767   857 E IonMemoryUtil: Failed to read file
10-21 17:13:26.850   767   857 E IonMemoryUtil: java.io.FileNotFoundException: /sys/kernel/debug/ion/heaps/system: open failed: ENOENT (No such file or directory)
10-21 17:13:26.850   767   857 E IonMemoryUtil: 	at libcore.io.IoBridge.open(IoBridge.java:574)
10-21 17:13:26.850   767   857 E IonMemoryUtil: 	at java.io.FileInputStream.<init>(FileInputStream.java:179)
10-21 17:13:26.850   767   857 E IonMemoryUtil: 	at android.os.FileUtils.readTextFile(FileUtils.java:745)
10-21 17:13:26.850   767   857 E IonMemoryUtil: 	at com.android.server.stats.pull.IonMemoryUtil.readFile(IonMemoryUtil.java:128)
10-21 17:13:26.850   767   857 E IonMemoryUtil: 	at com.android.server.stats.pull.IonMemoryUtil.readProcessSystemIonHeapSizesFromDebugfs(IonMemoryUtil.java:85)
10-21 17:13:26.850   767   857 E IonMemoryUtil: 	at com.android.server.stats.pull.StatsPullAtomService.pullProcessSystemIonHeapSizeLocked(StatsPullAtomService.java:2672)
10-21 17:13:26.850   767   857 E IonMemoryUtil: 	at com.android.server.stats.pull.StatsPullAtomService$StatsPullAtomCallbackImpl.onPullAtom(StatsPullAtomService.java:658)
10-21 17:13:26.850   767   857 E IonMemoryUtil: 	at android.app.StatsManager$PullAtomCallbackInternal.lambda$onPullAtom$0(StatsManager.java:711)
10-21 17:13:26.850   767   857 E IonMemoryUtil: 	at android.app.StatsManager$PullAtomCallbackInternal.$r8$lambda$oIAiCNGFyxeWs0XtQyXXxYxjHhU(Unknown Source:0)
10-21 17:13:26.850   767   857 E IonMemoryUtil: 	at android.app.StatsManager$PullAtomCallbackInternal$$ExternalSyntheticLambda0.run(D8$$SyntheticClass:0)
10-21 17:13:26.850   767   857 E IonMemoryUtil: 	at com.android.internal.util.ConcurrentUtils$DirectExecutor.execute(ConcurrentUtils.java:141)
10-21 17:13:26.850   767   857 E IonMemoryUtil: 	at android.app.StatsManager$PullAtomCallbackInternal.onPullAtom(StatsManager.java:709)
10-21 17:13:26.850   767   857 E IonMemoryUtil: 	at android.os.IPullAtomCallback$Stub.onTransact(IPullAtomCallback.java:94)
10-21 17:13:26.850   767   857 E IonMemoryUtil: 	at android.os.Binder.execTransactInternal(Binder.java:1478)
10-21 17:13:26.850   767   857 E IonMemoryUtil: 	at android.os.Binder.execTransact(Binder.java:1418)
10-21 17:13:26.850   767   857 E IonMemoryUtil: Caused by: android.system.ErrnoException: open failed: ENOENT (No such file or directory)
10-21 17:13:26.850   767   857 E IonMemoryUtil: 	at libcore.io.Linux.open(Native Method)
10-21 17:13:26.850   767   857 E IonMemoryUtil: 	at libcore.io.ForwardingOs.open(ForwardingOs.java:574)
10-21 17:13:26.850   767   857 E IonMemoryUtil: 	at libcore.io.BlockGuardOs.open(BlockGuardOs.java:274)
10-21 17:13:26.850   767   857 E IonMemoryUtil: 	at libcore.io.IoBridge.open(IoBridge.java:560)
10-21 17:13:26.850   767   857 E IonMemoryUtil: 	... 14 more
10-21 17:13:26.852   582   764 D surfaceflinger: Cleared global stats
10-21 17:13:26.859   582   764 D surfaceflinger: Cleared layer stats
10-21 17:13:26.870   521 12152 W statsd  : StatsPullerManager: Unknown tagId 10065
10-21 17:13:26.871   767   857 E NotificationService: pullStats REPORT_REMOTE_VIEWS from: 1760951606871  with true
10-21 17:13:26.872   767   857 E NotificationService: exiting pullStats with: 1
10-21 17:13:26.883   767   857 I StatsPullAtomService: No runtime appop access message collected
10-21 17:13:26.883   521 12152 W statsd  : StatsPullerManager: Unknown tagId 10070
10-21 17:13:26.896   767   857 W PermissionService: getPermissionFlags: Unknown package com.android.networkstack.tethering.emulator
10-21 17:13:26.904   521 12152 W statsd  : StatsPullerManager: Unknown tagId 10075
10-21 17:13:26.904   521 12152 W statsd  : StatsPullerManager: Unknown tagId 10076
10-21 17:13:26.904   521 12152 W statsd  : StatsPullerManager: Unknown tagId 10077
10-21 17:13:26.904   521 12152 W statsd  : StatsPullerManager: Unknown tagId 10078
10-21 17:13:26.904   521 12152 W statsd  : StatsPullerManager: Unknown tagId 10079
10-21 17:13:26.905   767   857 W Settings: Setting notification_bubbles has moved from android.provider.Settings.Global to android.provider.Settings.Secure, returning read-only value.
10-21 17:13:26.905   767   857 W Settings: Setting apply_ramping_ringer has moved from android.provider.Settings.Global to android.provider.Settings.System, returning read-only value.
10-21 17:13:26.907   767   857 E SettingsTelemetryUtils: PEAK_REFRESH_RATE value is null
10-21 17:13:26.909   767   857 W SettingsStatsUtil: Can not parse value to float: gps
10-21 17:13:26.930   521 12152 W statsd  : StatsPullerManager: Unknown tagId 10085
10-21 17:13:26.930   521 12152 W statsd  : StatsPullerManager: Unknown tagId 10086
10-21 17:13:26.930   521 12152 W statsd  : StatsPullerManager: Unknown tagId 10087
10-21 17:13:26.930   521 12152 W statsd  : StatsPullerManager: Unknown tagId 10088
10-21 17:13:26.930   521 12152 W statsd  : StatsPullerManager: Unknown tagId 10089
10-21 17:13:26.930   521 12152 W statsd  : StatsPullerManager: Unknown tagId 10090
10-21 17:13:26.930   521 12152 W statsd  : StatsPullerManager: Unknown tagId 10091
10-21 17:13:26.932   521 12152 W statsd  : StatsPullerManager: Unknown tagId 10093
10-21 17:13:26.932   521 12152 W statsd  : StatsPullerManager: Unknown tagId 10094
10-21 17:13:26.936   521 12152 W statsd  : StatsPullerManager: Unknown tagId 10097
10-21 17:13:26.936   521 12152 W statsd  : StatsPullerManager: Unknown tagId 10098
10-21 17:13:26.936   521 12152 W statsd  : StatsPullerManager: Unknown tagId 10099
10-21 17:13:27.046   767   784 I libbinder.BpBinder: onLastStrongRef automatically unlinking death recipients for descriptor: '(not cached)'
10-21 17:13:27.048   521 12152 W statsd  : StatsPullerManager: Unknown tagId 10104
10-21 17:13:27.123 12169 12169 W TextView: onProvideContentCaptureStructure(): calling assumeLayout()
10-21 17:13:27.136 12169 12169 I Choreographer: Skipped 31 frames!  The application may be doing too much work on its main thread.
10-21 17:13:27.138   767   799 I ActivityTaskManager: Displayed com.google.android.deskclock/com.android.deskclock.DeskClock for user 0: +1s365ms
10-21 17:13:27.165 12169 12169 D WindowOnBackDispatcher: setTopOnBackInvokedCallback (unwrapped): android.app.Activity$$ExternalSyntheticLambda0@73aaa5e
10-21 17:13:27.165   767  1152 D CoreBackPreview: Window{62cf6c3 u0 com.google.android.deskclock/com.android.deskclock.DeskClock}: Setting back callback OnBackInvokedCallbackInfo{mCallback=android.window.IOnBackInvokedCallback$Stub$Proxy@82c0a54, mPriority=-1, mIsAnimationCallback=false, mOverrideBehavior=0}
10-21 17:13:27.166 12169 12169 D WindowLayoutComponentImpl: Register WindowLayoutInfoListener on Context=com.android.deskclock.DeskClock@1d0fa90, of which baseContext=sd@704eacf, of which baseContext=android.app.ContextImpl@7bd3c5c
10-21 17:13:27.167  1730  1730 W AiAiVC  : Unexpected capture event type: 11
10-21 17:13:27.348   767   906 I ImeTracker: com.google.android.deskclock:49c08c8e: onRequestHide at ORIGIN_SERVER reason HIDE_UNSPECIFIED_WINDOW fromUser false
10-21 17:13:27.443   767  1152 I ImeTracker: system_server:4f2912ca: onRequestHide at ORIGIN_SERVER reason IME_REQUESTED_CHANGED_LISTENER fromUser false
10-21 17:13:27.449   767   802 I ImeTracker: system_server:4f2912ca: onCancelled at PHASE_SERVER_SHOULD_HIDE
10-21 17:13:27.451  1589  1589 I GoogleInputMethodService: GoogleInputMethodService.onFinishInput():1984 
10-21 17:13:27.536  1589  1589 I Module  : DeviceLockedStatusModuleProvider$Module.updateDeviceLockedStatus():100 repeatCheckTimes = 0, locked = false
10-21 17:13:27.537  1589  1589 W NotificationCenter: NotificationCenter$NotificationQueue.notifyPendingNotificationsOnExecutor():877 Heavy notify work detected on UI thread: [lhc->jje, lhc->gmd, lhc->flp, lhc->jje, lhc->jkm, lhc->niz, lhc->jje, lhc->jje, lhc->jje, lhc->lfy, lhc->fnt, lhc->jje, lhc->kmg, lhc->jje, lhc->jje, lhc->mux, lhc->jje, lhc->jje, lhc->jje, lhc->jgv, lhc->lgc, lhc->jje, lhc->jje] takes 35ms
10-21 17:13:27.544  1589  1589 I GoogleInputMethodService: GoogleInputMethodService.onStartInput():1248 onStartInput(EditorInfo{EditorInfo{packageName=com.google.android.deskclock, inputType=0, inputTypeString=NULL, enableLearning=false, autoCorrection=false, autoComplete=false, imeOptions=0, privateImeOptions=null, actionName=UNSPECIFIED, actionLabel=null, initialSelStart=-1, initialSelEnd=-1, initialCapsMode=0, label=null, fieldId=0, fieldName=null, extras=null, hintText=null, hintLocales=[]}}, false)
10-21 17:13:27.551 12169 12169 D InsetsController: hide(ime())
10-21 17:13:27.551 12169 12169 I ImeTracker: com.google.android.deskclock:49c08c8e: onCancelled at PHASE_CLIENT_ALREADY_HIDDEN
10-21 17:13:27.606  1589  1589 I Module  : DeviceLockedStatusModuleProvider$Module.updateDeviceLockedStatus():100 repeatCheckTimes = 1, locked = false
10-21 17:13:27.610 12209 12209 D AndroidRuntime: >>>>>> START com.android.internal.os.RuntimeInit uid 0 <<<<<<
10-21 17:13:27.616  1730  1730 W AiAiVC  : Unexpected capture event type: 11
10-21 17:13:27.629   767  1967 W PackageConfigPersister: App-specific configuration not found for packageName: com.google.android.deskclock and userId: 0
10-21 17:13:27.636  1589  1589 W NotificationCenter: NotificationCenter$NotificationQueue.notifyPendingNotificationsOnExecutor():877 Heavy notify work detected on UI thread: [lhc->kif] takes 24ms
10-21 17:13:27.660   767   941 D WifiClientModeImpl[21111:wlan0]: updateLinkLayerStatsRssiSpeedFrequencyCapabilities rssi=-50 TxLinkspeed=1 freq=2447 RxLinkSpeed=2
10-21 17:13:27.675   767   941 D WifiDataStall: tx tput in kbps: 11000
10-21 17:13:27.675   767   941 D WifiDataStall: rx tput in kbps: 11000
10-21 17:13:27.682 12209 12209 I AndroidRuntime: Using default boot image
10-21 17:13:27.682 12209 12209 I AndroidRuntime: Leaving lock profiling enabled
10-21 17:13:27.682   767   941 V WifiConfigManager: Updating scan detail cache freq=2447 BSSID=00:13:10:85:fe:01 RSSI=-50 for "AndroidWifi"NONE
10-21 17:13:27.692   767   941 D WifiThroughputPredictor:  utilization (LLS) 80 isBluetoothConnected: false final utilization: 80
10-21 17:13:27.692   767   941 D WifiThroughputPredictor:  BW: 0 RSSI: -50 Nss: 1 Mode: 1 symDur: 4000 snrDb 30 bitPerTone: 4500 rate: 54 throughput: 11
10-21 17:13:27.692   767   941 D WifiThroughputPredictor:  utilization (LLS) 80 isBluetoothConnected: false final utilization: 80
10-21 17:13:27.692   767   941 D WifiThroughputPredictor:  BW: 0 RSSI: -50 Nss: 1 Mode: 1 symDur: 4000 snrDb 30 bitPerTone: 4500 rate: 54 throughput: 11
10-21 17:13:27.696 12209 12209 I app_process: Core platform API reporting enabled by runtime option
10-21 17:13:27.696 12209 12209 I app_process: Using CollectorTypeCMC GC.
10-21 17:13:27.698   767   941 D WifiThroughputPredictor:  utilization (LLS) 80 isBluetoothConnected: false final utilization: 80
10-21 17:13:27.698   767   941 D WifiThroughputPredictor:  BW: 0 RSSI: -50 Nss: 1 Mode: 1 symDur: 4000 snrDb 30 bitPerTone: 4500 rate: 54 throughput: 11
10-21 17:13:27.699   767   941 D WifiThroughputPredictor:  utilization (LLS) 80 isBluetoothConnected: false final utilization: 80
10-21 17:13:27.699   767   941 D WifiThroughputPredictor:  BW: 0 RSSI: -50 Nss: 1 Mode: 1 symDur: 4000 snrDb 30 bitPerTone: 4500 rate: 54 throughput: 11
10-21 17:13:27.733   767   941 I HalDevMgr: bestIfaceCreationProposal is null, requestIface=STA, existingIface=[name=wlan0 type=STA]
10-21 17:13:27.734   767   941 D WifiScoreCard: BSSID update SIGNAL_POLL ID: 14232187 SSID: "AndroidWifi", BSSID: 00:13:10:85:fe:01, MAC: 02:15:b2:00:00:00, IP: /10.0.2.16, Security type: 0, Supplicant state: COMPLETED, Wi-Fi standard: legacy, RSSI: -50, Link speed: 1Mbps, Tx Link speed: 1Mbps, Max Supported Tx Link speed: 11Mbps, Rx Link speed: 2Mbps, Max Supported Rx Link speed: 11Mbps, Frequency: 2447MHz, Net ID: 0, Metered hint: false, score: 83, isUsable: true, CarrierMerged: false, SubscriptionId: -1, IsPrimary: 1, Trusted: true, Restricted: false, Ephemeral: false, OEM paid: false, OEM private: false, OSU AP: false, FQDN: <none>, Provider friendly name: <none>, Requesting package name: <none>"AndroidWifi"openMLO Information: , Is TID-To-Link negotiation supported by the AP: false, AP MLD Address: <none>, AP MLO Link Id: <none>, AP MLO Affiliated links: <none>, Vendor Data: <none>
10-21 17:13:27.734   767   941 D WifiScoreCard: txRate: 21 txSpeed: 1
10-21 17:13:27.734   767   941 D WifiScoreCard: network update SIGNAL_POLL "AndroidWifi" ID: 1073449701 RSSI -50 txSpeed 1
10-21 17:13:27.734   767   941 D WifiClientModeImpl[21111:wlan0]:  ClientModeImpl$L2ConnectedState screen=on 1 0 "AndroidWifi" 00:13:10:85:fe:01 rssi=-50 f=2447 sc=83 link=1 tx=20.4, 0.0, 0.0 rx=33.8 bcn=0 [on:0 tx:0 rx:0 period:3152] from screen [on:0 period:101416374] score=83
10-21 17:13:27.738   767   857 E system_server: getDmabufAllocations could not identify SurfaceFlinger process via /proc/pid/cmdline
10-21 17:13:27.743   521 12152 W statsd  : StatsPullerManager: Unknown tagId 10108
10-21 17:13:27.745   521 12152 W statsd  : StatsPullerManager: Unknown tagId 10110
10-21 17:13:27.762 12169 12169 D AlarmClock: Timing: [Bedtime] [Fetch Wind Down Data]: 627 ms
10-21 17:13:27.839   767  1967 D FileUtils: Rounded bytes from 2061942784 to 4000000000
10-21 17:13:27.845   767  1967 D TelephonyManager: requestModemActivityInfo: Sending result to app: ModemActivityInfo{ mTimestamp=92768461 mSleepTimeMs=1848 mIdleTimeMs=616 mActivityStatsTechSpecificInfo=[{mRat=UNKNOWN,mFrequencyRange=UNKNOWN,mTxTimeMs[]=[44, 132, 264, 352, 396],mRxTimeMs=396}]}
10-21 17:13:27.853 12029 12056 D CompatChangeReporter: Compat change id reported: 311402873; UID 10172; state: ENABLED
10-21 17:13:27.853 12029 12056 D CompatChangeReporter: Compat change id reported: 323349338; UID 10172; state: ENABLED
10-21 17:13:27.855 12029 12029 W YT.mlplayer: Stayawake OFF
10-21 17:13:27.861   520   596 I netd    : tetherGetStats() -> {[]} <3.77ms>
10-21 17:13:27.885   520   596 I netd    : tetherGetStats() -> {[]} <0.39ms>
10-21 17:13:27.918   767   819 E BluetoothPowerStatsCollector: Cannot acquire BluetoothActivityEnergyInfo
10-21 17:13:27.918   767   819 E BluetoothPowerStatsCollector: java.util.concurrent.ExecutionException: java.lang.RuntimeException: error: 11
10-21 17:13:27.918   767   819 E BluetoothPowerStatsCollector: 	at java.util.concurrent.CompletableFuture.reportGet(CompletableFuture.java:372)
10-21 17:13:27.918   767   819 E BluetoothPowerStatsCollector: 	at java.util.concurrent.CompletableFuture.get(CompletableFuture.java:2072)
10-21 17:13:27.918   767   819 E BluetoothPowerStatsCollector: 	at com.android.server.power.stats.BluetoothPowerStatsCollector.collectBluetoothActivityInfo(BluetoothPowerStatsCollector.java:191)
10-21 17:13:27.918   767   819 E BluetoothPowerStatsCollector: 	at com.android.server.power.stats.BluetoothPowerStatsCollector.collectStats(BluetoothPowerStatsCollector.java:155)
10-21 17:13:27.918   767   819 E BluetoothPowerStatsCollector: 	at com.android.server.power.stats.PowerStatsCollector.collectAndDeliverStats(PowerStatsCollector.java:196)
10-21 17:13:27.918   767   819 E BluetoothPowerStatsCollector: 	at com.android.server.power.stats.PowerStatsCollector.lambda$forceSchedule$1(PowerStatsCollector.java:185)
10-21 17:13:27.918   767   819 E BluetoothPowerStatsCollector: 	at com.android.server.power.stats.PowerStatsCollector.$r8$lambda$S8t6eDCBuELjdSNvyveTMprEzE0(PowerStatsCollector.java:0)
10-21 17:13:27.918   767   819 E BluetoothPowerStatsCollector: 	at com.android.server.power.stats.PowerStatsCollector$$ExternalSyntheticLambda0.run(R8$$SyntheticClass:0)
10-21 17:13:27.918   767   819 E BluetoothPowerStatsCollector: 	at android.os.Handler.handleCallback(Handler.java:1070)
10-21 17:13:27.918   767   819 E BluetoothPowerStatsCollector: 	at android.os.Handler.dispatchMessage(Handler.java:125)
10-21 17:13:27.918   767   819 E BluetoothPowerStatsCollector: 	at android.os.Looper.dispatchMessage(Looper.java:333)
10-21 17:13:27.918   767   819 E BluetoothPowerStatsCollector: 	at android.os.Looper.loopOnce(Looper.java:263)
10-21 17:13:27.918   767   819 E BluetoothPowerStatsCollector: 	at android.os.Looper.loop(Looper.java:367)
10-21 17:13:27.918   767   819 E BluetoothPowerStatsCollector: 	at android.os.HandlerThread.run(HandlerThread.java:139)
10-21 17:13:27.918   767   819 E BluetoothPowerStatsCollector: Caused by: java.lang.RuntimeException: error: 11
10-21 17:13:27.918   767   819 E BluetoothPowerStatsCollector: 	at com.android.server.power.stats.BluetoothPowerStatsCollector$1.onBluetoothActivityEnergyInfoError(BluetoothPowerStatsCollector.java:180)
10-21 17:13:27.918   767   819 E BluetoothPowerStatsCollector: 	at android.bluetooth.BluetoothAdapter$OnBluetoothActivityEnergyInfoProxy.lambda$onBluetoothActivityEnergyInfoAvailable$0(BluetoothAdapter.java:1010)
10-21 17:13:27.918   767   819 E BluetoothPowerStatsCollector: 	at android.bluetooth.BluetoothAdapter$OnBluetoothActivityEnergyInfoProxy.$r8$lambda$ks_hN9Vo_x2Jp1k5f-s67WiAd4A(Unknown Source:0)
10-21 17:13:27.918   767   819 E BluetoothPowerStatsCollector: 	at android.bluetooth.BluetoothAdapter$OnBluetoothActivityEnergyInfoProxy$$ExternalSyntheticLambda0.run(D8$$SyntheticClass:0)
10-21 17:13:27.918   767   819 E BluetoothPowerStatsCollector: 	at android.bluetooth.BluetoothUtils.lambda$executeFromBinder$0(BluetoothUtils.java:346)
10-21 17:13:27.918   767   819 E BluetoothPowerStatsCollector: 	at android.bluetooth.BluetoothUtils$$ExternalSyntheticLambda1.run(D8$$SyntheticClass:0)
10-21 17:13:27.918   767   819 E BluetoothPowerStatsCollector: 	at com.android.server.SystemServerInitThreadPool$$ExternalSyntheticLambda0.execute(R8$$SyntheticClass:0)
10-21 17:13:27.918   767   819 E BluetoothPowerStatsCollector: 	at android.bluetooth.BluetoothUtils.executeFromBinder(BluetoothUtils.java:346)
10-21 17:13:27.918   767   819 E BluetoothPowerStatsCollector: 	at android.bluetooth.BluetoothAdapter$OnBluetoothActivityEnergyInfoProxy.onBluetoothActivityEnergyInfoAvailable(BluetoothAdapter.java:1008)
10-21 17:13:27.918   767   819 E BluetoothPowerStatsCollector: 	at android.bluetooth.IBluetoothActivityEnergyInfoListener$Stub.onTransact(IBluetoothActivityEnergyInfoListener.java:98)
10-21 17:13:27.918   767   819 E BluetoothPowerStatsCollector: 	at android.os.Binder.execTransactInternal(Binder.java:1478)
10-21 17:13:27.918   767   819 E BluetoothPowerStatsCollector: 	at android.os.Binder.execTransact(Binder.java:1418)
10-21 17:13:27.930   767   819 I WifiService: isFeatureSupported uid=1000 returns [WIFI_FEATURE_INFRA, WIFI_FEATURE_P2P, WIFI_FEATURE_MOBILE_HOTSPOT, WIFI_FEATURE_WPA3_SAE, WIFI_FEATURE_WPA3_SUITE_B, WIFI_FEATURE_OWE, WIFI_FEATURE_DPP, WIFI_FEATURE_AP_RAND_MAC, WIFI_FEATURE_MBO, WIFI_FEATURE_FILS_SHA256, WIFI_FEATURE_FILS_SHA384, WIFI_FEATURE_SAE_PK, WIFI_FEATURE_DPP_ENROLLEE_RESPONDER, WIFI_FEATURE_PASSPOINT_TERMS_AND_CONDITIONS, WIFI_FEATURE_WFD_R2, WIFI_FEATURE_DECORATED_IDENTITY, WIFI_FEATURE_TRUST_ON_FIRST_USE, WIFI_FEATURE_SET_TLS_MINIMUM_VERSION, WIFI_FEATURE_TLS_V1_3, WIFI_FEATURE_WEP, WIFI_FEATURE_WPA_PERSONAL]
10-21 17:13:27.972   767  1118 D TelephonyManager: requestModemActivityInfo: Sending result to app: ModemActivityInfo{ mTimestamp=92768592 mSleepTimeMs=1890 mIdleTimeMs=630 mActivityStatsTechSpecificInfo=[{mRat=UNKNOWN,mFrequencyRange=UNKNOWN,mTxTimeMs[]=[45, 135, 270, 360, 405],mRxTimeMs=405}]}
10-21 17:13:27.973 12209 12209 D nativeloader: InitDefaultPublicLibraries for_preload=1: libandroid.so:libaaudio.so:libamidi.so:libbinder_ndk.so:libc.so:libcamera2ndk.so:libdl.so:libEGL.so:libGLESv1_CM.so:libGLESv2.so:libGLESv3.so:libicu.so:libicui18n.so:libicuuc.so:libjnigraphics.so:liblog.so:libmediandk.so:libm.so:libnativehelper.so:libnativewindow.so:libOpenMAXAL.so:libOpenSLES.so:libRS.so:libstdc++.so:libsync.so:libvulkan.so:libwebviewchromium_plat_support.so:libz.so
10-21 17:13:27.974 12029 12029 W AxMediaRouter: Ignoring null provider descriptor from ComponentInfo{com.google.android.gms/com.google.android.gms.cast.media.CastMediaRoute2ProviderService_Persistent}
10-21 17:13:27.977 12029 12057 W JobInfo : Requested important-while-foreground flag for job329 is ignored and takes no effect
10-21 17:13:27.978   767  1000 D BackgroundInstallControlService: Package event received: 0
10-21 17:13:27.986   520   596 I netd    : tetherGetStats() -> {[]} <1.23ms>
10-21 17:13:28.006   520   596 I netd    : tetherGetStats() -> {[]} <0.80ms>
10-21 17:13:28.008  1379 11212 I DiscoveryManager: Filter criteria(null) scannerFlags(0)
10-21 17:13:28.018   520   596 I netd    : tetherGetStats() -> {[]} <0.81ms>
10-21 17:13:28.022   767   819 E BluetoothPowerStatsCollector: Cannot acquire BluetoothActivityEnergyInfo
10-21 17:13:28.022   767   819 E BluetoothPowerStatsCollector: java.util.concurrent.ExecutionException: java.lang.RuntimeException: error: 11
10-21 17:13:28.022   767   819 E BluetoothPowerStatsCollector: 	at java.util.concurrent.CompletableFuture.reportGet(CompletableFuture.java:372)
10-21 17:13:28.022   767   819 E BluetoothPowerStatsCollector: 	at java.util.concurrent.CompletableFuture.get(CompletableFuture.java:2072)
10-21 17:13:28.022   767   819 E BluetoothPowerStatsCollector: 	at com.android.server.power.stats.BluetoothPowerStatsCollector.collectBluetoothActivityInfo(BluetoothPowerStatsCollector.java:191)
10-21 17:13:28.022   767   819 E BluetoothPowerStatsCollector: 	at com.android.server.power.stats.BluetoothPowerStatsCollector.collectStats(BluetoothPowerStatsCollector.java:155)
10-21 17:13:28.022   767   819 E BluetoothPowerStatsCollector: 	at com.android.server.power.stats.PowerStatsCollector.collectAndDeliverStats(PowerStatsCollector.java:196)
10-21 17:13:28.022   767   819 E BluetoothPowerStatsCollector: 	at com.android.server.power.stats.PowerStatsCollector.lambda$forceSchedule$1(PowerStatsCollector.java:185)
10-21 17:13:28.022   767   819 E BluetoothPowerStatsCollector: 	at com.android.server.power.stats.PowerStatsCollector.$r8$lambda$S8t6eDCBuELjdSNvyveTMprEzE0(PowerStatsCollector.java:0)
10-21 17:13:28.022   767   819 E BluetoothPowerStatsCollector: 	at com.android.server.power.stats.PowerStatsCollector$$ExternalSyntheticLambda0.run(R8$$SyntheticClass:0)
10-21 17:13:28.022   767   819 E BluetoothPowerStatsCollector: 	at android.os.Handler.handleCallback(Handler.java:1070)
10-21 17:13:28.022   767   819 E BluetoothPowerStatsCollector: 	at android.os.Handler.dispatchMessage(Handler.java:125)
10-21 17:13:28.022   767   819 E BluetoothPowerStatsCollector: 	at android.os.Looper.dispatchMessage(Looper.java:333)
10-21 17:13:28.022   767   819 E BluetoothPowerStatsCollector: 	at android.os.Looper.loopOnce(Looper.java:263)
10-21 17:13:28.022   767   819 E BluetoothPowerStatsCollector: 	at android.os.Looper.loop(Looper.java:367)
10-21 17:13:28.022   767   819 E BluetoothPowerStatsCollector: 	at android.os.HandlerThread.run(HandlerThread.java:139)
10-21 17:13:28.022   767   819 E BluetoothPowerStatsCollector: Caused by: java.lang.RuntimeException: error: 11
10-21 17:13:28.022   767   819 E BluetoothPowerStatsCollector: 	at com.android.server.power.stats.BluetoothPowerStatsCollector$1.onBluetoothActivityEnergyInfoError(BluetoothPowerStatsCollector.java:180)
10-21 17:13:28.022   767   819 E BluetoothPowerStatsCollector: 	at android.bluetooth.BluetoothAdapter$OnBluetoothActivityEnergyInfoProxy.lambda$onBluetoothActivityEnergyInfoAvailable$0(BluetoothAdapter.java:1010)
10-21 17:13:28.022   767   819 E BluetoothPowerStatsCollector: 	at android.bluetooth.BluetoothAdapter$OnBluetoothActivityEnergyInfoProxy.$r8$lambda$ks_hN9Vo_x2Jp1k5f-s67WiAd4A(Unknown Source:0)
10-21 17:13:28.022   767   819 E BluetoothPowerStatsCollector: 	at android.bluetooth.BluetoothAdapter$OnBluetoothActivityEnergyInfoProxy$$ExternalSyntheticLambda0.run(D8$$SyntheticClass:0)
10-21 17:13:28.022   767   819 E BluetoothPowerStatsCollector: 	at android.bluetooth.BluetoothUtils.lambda$executeFromBinder$0(BluetoothUtils.java:346)
10-21 17:13:28.022   767   819 E BluetoothPowerStatsCollector: 	at android.bluetooth.BluetoothUtils$$ExternalSyntheticLambda1.run(D8$$SyntheticClass:0)
10-21 17:13:28.022   767   819 E BluetoothPowerStatsCollector: 	at com.android.server.SystemServerInitThreadPool$$ExternalSyntheticLambda0.execute(R8$$SyntheticClass:0)
10-21 17:13:28.022   767   819 E BluetoothPowerStatsCollector: 	at android.bluetooth.BluetoothUtils.executeFromBinder(BluetoothUtils.java:346)
10-21 17:13:28.022   767   819 E BluetoothPowerStatsCollector: 	at android.bluetooth.BluetoothAdapter$OnBluetoothActivityEnergyInfoProxy.onBluetoothActivityEnergyInfoAvailable(BluetoothAdapter.java:1008)
10-21 17:13:28.022   767   819 E BluetoothPowerStatsCollector: 	at android.bluetooth.IBluetoothActivityEnergyInfoListener$Stub.onTransact(IBluetoothActivityEnergyInfoListener.java:98)
10-21 17:13:28.022   767   819 E BluetoothPowerStatsCollector: 	at android.os.Binder.execTransactInternal(Binder.java:1478)
10-21 17:13:28.022   767   819 E BluetoothPowerStatsCollector: 	at android.os.Binder.execTransact(Binder.java:1418)
10-21 17:13:28.030   767  1000 D BackgroundInstallControlService: Package event received: 0
10-21 17:13:28.034   767  1152 D ActivityManager: sync unfroze 11265 com.android.chrome for 6
10-21 17:13:28.035  1379 11212 W DatabaseProcessor: processLocalDevices: failed to get the network info with non-null networkId.
10-21 17:13:28.038 12029 12215 W android.youtube: ClassLoaderContext classpath element mismatch. expected=base.apk, found=/product/app/YouTube/YouTube.apk (DLC[];PCL[base.apk*1865044805]{PCL[/system/framework/org.apache.http.legacy.jar*3847030748]#PCL[/system/framework/com.android.media.remotedisplay.jar*135655190]#PCL[/system/framework/com.android.location.provider.jar*3915964363]#PCL[/system_ext/framework/androidx.window.extensions.jar*95845483]#PCL[/system_ext/framework/androidx.window.sidecar.jar*1866104632]} | DLC[];PCL[/product/app/YouTube/YouTube.apk*171306458]{PCL[/system/framework/org.apache.http.legacy.jar*3847030748]#PCL[/system_ext/framework/androidx.window.extensions.jar*95845483]#PCL[/system_ext/framework/androidx.window.sidecar.jar*1866104632]})
10-21 17:13:28.040   767  1118 D TelephonyManager: requestModemActivityInfo: Sending result to app: ModemActivityInfo{ mTimestamp=92768659 mSleepTimeMs=1932 mIdleTimeMs=644 mActivityStatsTechSpecificInfo=[{mRat=UNKNOWN,mFrequencyRange=UNKNOWN,mTxTimeMs[]=[46, 138, 276, 368, 414],mRxTimeMs=414}]}
10-21 17:13:28.046 12209 12209 D nativeloader: Load libicu_jni.so using APEX ns com_android_art for caller /apex/com.android.art/javalib/core-oj.jar: ok
10-21 17:13:28.046 12209 12209 D app_process: u_setTimeZoneFilesDirectory("/apex/com.android.tzdata/etc/tz/versioned/9/icu") succeeded. 
10-21 17:13:28.046 12209 12209 D app_process: I18n APEX ICU file found: /apex/com.android.i18n/etc/icu/icudt76l.dat
10-21 17:13:28.049   767   952 I serviceDiscovery: [MdnsDiscoveryManager] Unregistering listener for serviceType:_googlecast._tcp.local
10-21 17:13:28.051   767   857 I WifiService: releaseMulticastLock uid=10146 lockTag=MdnsServiceBrowserImpl
10-21 17:13:28.052   767   857 V WifiPermissionsUtil: deviceOwner:null
10-21 17:13:28.053   767   952 I serviceDiscovery: [MdnsDiscoveryManager] Unregistering listener for serviceType:_googlecast._tcp.local
10-21 17:13:28.054 12209 12209 D nativeloader: Load libjavacore.so using APEX ns com_android_art for caller /apex/com.android.art/javalib/core-oj.jar: ok
10-21 17:13:28.054   767   952 I serviceDiscovery: [MdnsSocketProvider] Stop monitoring sockets.
10-21 17:13:28.054   767   952 I TetheringManager: unregisterTetheringEventCallback caller:android
10-21 17:13:28.058 12209 12209 D nativeloader: Load libopenjdk.so using APEX ns com_android_art for caller /apex/com.android.art/javalib/core-oj.jar: ok
10-21 17:13:28.062 12209 12209 I app_process: Priority-to-niceness mapping: 19, 16, 13, 10, 0, -2, -4, -5, -6, -8
10-21 17:13:28.062 12209 12209 W app_process: Unexpected CPU variant for x86: x86_64.
10-21 17:13:28.062 12209 12209 W app_process: Known variants: atom, sandybridge, silvermont, goldmont, goldmont-plus, goldmont-without-sha-xsaves, tremont, kabylake, alderlake, default
10-21 17:13:28.071  1154  1327 E ProcfsParsingUtils: failed to read /sys/class/net/wlan0/mtu
10-21 17:13:28.071  1154  1327 E ProcfsParsingUtils: java.nio.file.AccessDeniedException: /sys/class/net/wlan0/mtu
10-21 17:13:28.071  1154  1327 E ProcfsParsingUtils: 	at sun.nio.fs.UnixFileSystemProvider.newByteChannel(UnixFileSystemProvider.java:220)
10-21 17:13:28.071  1154  1327 E ProcfsParsingUtils: 	at java.nio.file.Files.newByteChannel(Files.java:371)
10-21 17:13:28.071  1154  1327 E ProcfsParsingUtils: 	at java.nio.file.Files.newByteChannel(Files.java:422)
10-21 17:13:28.071  1154  1327 E ProcfsParsingUtils: 	at java.nio.file.spi.FileSystemProvider.newInputStream(FileSystemProvider.java:420)
10-21 17:13:28.071  1154  1327 E ProcfsParsingUtils: 	at java.nio.file.Files.newInputStream(Files.java:156)
10-21 17:13:28.071  1154  1327 E ProcfsParsingUtils: 	at java.nio.file.Files.newBufferedReader(Files.java:2844)
10-21 17:13:28.071  1154  1327 E ProcfsParsingUtils: 	at com.android.networkstack.com.android.net.module.util.ProcfsParsingUtils.readFile(ProcfsParsingUtils.java:75)
10-21 17:13:28.071  1154  1327 E ProcfsParsingUtils: 	at com.android.networkstack.com.android.net.module.util.ProcfsParsingUtils.getInterfaceMtu(ProcfsParsingUtils.java:350)
10-21 17:13:28.071  1154  1327 E ProcfsParsingUtils: 	at com.android.networkstack.android.net.apf.ApfFilter$Dependencies.getInterfaceMtu(ApfFilter.java:818)
10-21 17:13:28.071  1154  1327 E ProcfsParsingUtils: 	at com.android.networkstack.android.net.apf.ApfFilter.installNewProgram(ApfFilter.java:3898)
10-21 17:13:28.071  1154  1327 E ProcfsParsingUtils: 	at com.android.networkstack.android.net.apf.ApfFilter.setMulticastFilter(ApfFilter.java:4184)
10-21 17:13:28.071  1154  1327 E ProcfsParsingUtils: 	at com.android.networkstack.android.net.ip.IpClient$RunningState.processMessage(IpClient.java:3894)
10-21 17:13:28.071  1154  1327 E ProcfsParsingUtils: 	at com.android.networkstack.com.android.internal.util.StateMachine$SmHandler.processMsg(StateMachine.java:1007)
10-21 17:13:28.071  1154  1327 E ProcfsParsingUtils: 	at com.android.networkstack.com.android.internal.util.StateMachine$SmHandler.handleMessage(StateMachine.java:820)
10-21 17:13:28.071  1154  1327 E ProcfsParsingUtils: 	at android.os.Handler.dispatchMessage(Handler.java:132)
10-21 17:13:28.071  1154  1327 E ProcfsParsingUtils: 	at android.os.Looper.dispatchMessage(Looper.java:333)
10-21 17:13:28.071  1154  1327 E ProcfsParsingUtils: 	at android.os.Looper.loopOnce(Looper.java:263)
10-21 17:13:28.071  1154  1327 E ProcfsParsingUtils: 	at android.os.Looper.loop(Looper.java:367)
10-21 17:13:28.071  1154  1327 E ProcfsParsingUtils: 	at android.os.HandlerThread.run(HandlerThread.java:139)
10-21 17:13:28.074  1154  1327 D IpClient.wlan0: set max DTIM multiplier to 2
10-21 17:13:28.077   520   596 I netd    : tetherGetStats() -> {[]} <0.58ms>
10-21 17:13:28.085   520   596 I netd    : tetherGetStats() -> {[]} <0.48ms>
10-21 17:13:28.087   767   819 E BluetoothPowerStatsCollector: Cannot acquire BluetoothActivityEnergyInfo
10-21 17:13:28.087   767   819 E BluetoothPowerStatsCollector: java.util.concurrent.ExecutionException: java.lang.RuntimeException: error: 11
10-21 17:13:28.087   767   819 E BluetoothPowerStatsCollector: 	at java.util.concurrent.CompletableFuture.reportGet(CompletableFuture.java:372)
10-21 17:13:28.087   767   819 E BluetoothPowerStatsCollector: 	at java.util.concurrent.CompletableFuture.get(CompletableFuture.java:2072)
10-21 17:13:28.087   767   819 E BluetoothPowerStatsCollector: 	at com.android.server.power.stats.BluetoothPowerStatsCollector.collectBluetoothActivityInfo(BluetoothPowerStatsCollector.java:191)
10-21 17:13:28.087   767   819 E BluetoothPowerStatsCollector: 	at com.android.server.power.stats.BluetoothPowerStatsCollector.collectStats(BluetoothPowerStatsCollector.java:155)
10-21 17:13:28.087   767   819 E BluetoothPowerStatsCollector: 	at com.android.server.power.stats.PowerStatsCollector.collectAndDeliverStats(PowerStatsCollector.java:196)
10-21 17:13:28.087   767   819 E BluetoothPowerStatsCollector: 	at com.android.server.power.stats.PowerStatsCollector.lambda$forceSchedule$1(PowerStatsCollector.java:185)
10-21 17:13:28.087   767   819 E BluetoothPowerStatsCollector: 	at com.android.server.power.stats.PowerStatsCollector.$r8$lambda$S8t6eDCBuELjdSNvyveTMprEzE0(PowerStatsCollector.java:0)
10-21 17:13:28.087   767   819 E BluetoothPowerStatsCollector: 	at com.android.server.power.stats.PowerStatsCollector$$ExternalSyntheticLambda0.run(R8$$SyntheticClass:0)
10-21 17:13:28.087   767   819 E BluetoothPowerStatsCollector: 	at android.os.Handler.handleCallback(Handler.java:1070)
10-21 17:13:28.087   767   819 E BluetoothPowerStatsCollector: 	at android.os.Handler.dispatchMessage(Handler.java:125)
10-21 17:13:28.087   767   819 E BluetoothPowerStatsCollector: 	at android.os.Looper.dispatchMessage(Looper.java:333)
10-21 17:13:28.087   767   819 E BluetoothPowerStatsCollector: 	at android.os.Looper.loopOnce(Looper.java:263)
10-21 17:13:28.087   767   819 E BluetoothPowerStatsCollector: 	at android.os.Looper.loop(Looper.java:367)
10-21 17:13:28.087   767   819 E BluetoothPowerStatsCollector: 	at android.os.HandlerThread.run(HandlerThread.java:139)
10-21 17:13:28.087   767   819 E BluetoothPowerStatsCollector: Caused by: java.lang.RuntimeException: error: 11
10-21 17:13:28.087   767   819 E BluetoothPowerStatsCollector: 	at com.android.server.power.stats.BluetoothPowerStatsCollector$1.onBluetoothActivityEnergyInfoError(BluetoothPowerStatsCollector.java:180)
10-21 17:13:28.087   767   819 E BluetoothPowerStatsCollector: 	at android.bluetooth.BluetoothAdapter$OnBluetoothActivityEnergyInfoProxy.lambda$onBluetoothActivityEnergyInfoAvailable$0(BluetoothAdapter.java:1010)
10-21 17:13:28.087   767   819 E BluetoothPowerStatsCollector: 	at android.bluetooth.BluetoothAdapter$OnBluetoothActivityEnergyInfoProxy.$r8$lambda$ks_hN9Vo_x2Jp1k5f-s67WiAd4A(Unknown Source:0)
10-21 17:13:28.087   767   819 E BluetoothPowerStatsCollector: 	at android.bluetooth.BluetoothAdapter$OnBluetoothActivityEnergyInfoProxy$$ExternalSyntheticLambda0.run(D8$$SyntheticClass:0)
10-21 17:13:28.087   767   819 E BluetoothPowerStatsCollector: 	at android.bluetooth.BluetoothUtils.lambda$executeFromBinder$0(BluetoothUtils.java:346)
10-21 17:13:28.087   767   819 E BluetoothPowerStatsCollector: 	at android.bluetooth.BluetoothUtils$$ExternalSyntheticLambda1.run(D8$$SyntheticClass:0)
10-21 17:13:28.087   767   819 E BluetoothPowerStatsCollector: 	at com.android.server.SystemServerInitThreadPool$$ExternalSyntheticLambda0.execute(R8$$SyntheticClass:0)
10-21 17:13:28.087   767   819 E BluetoothPowerStatsCollector: 	at android.bluetooth.BluetoothUtils.executeFromBinder(BluetoothUtils.java:346)
10-21 17:13:28.087   767   819 E BluetoothPowerStatsCollector: 	at android.bluetooth.BluetoothAdapter$OnBluetoothActivityEnergyInfoProxy.onBluetoothActivityEnergyInfoAvailable(BluetoothAdapter.java:1008)
10-21 17:13:28.087   767   819 E BluetoothPowerStatsCollector: 	at android.bluetooth.IBluetoothActivityEnergyInfoListener$Stub.onTransact(IBluetoothActivityEnergyInfoListener.java:98)
10-21 17:13:28.087   767   819 E BluetoothPowerStatsCollector: 	at android.os.Binder.execTransactInternal(Binder.java:1478)
10-21 17:13:28.087   767   819 E BluetoothPowerStatsCollector: 	at android.os.Binder.execTransact(Binder.java:1418)
10-21 17:13:28.068  1154  1154 W IpClient.wlan0: type=1400 audit(0.0:158): avc:  denied  { search } for  name="net" dev="sysfs" ino=4782 scontext=u:r:network_stack:s0 tcontext=u:object_r:sysfs_net:s0 tclass=dir permissive=0
10-21 17:13:28.106  1379  2297 I FontLog : Received query Noto Color Emoji Compat, URI content://com.google.android.gms.fonts [CONTEXT service_id=132 ]
10-21 17:13:28.107  1379  2297 I FontLog : Query [Noto Color Emoji Compat] resolved to {Noto Color Emoji Compat, wdth 100.0, wght 400, ital 0.0, bestEffort false}, isVf false} [CONTEXT service_id=132 ]
10-21 17:13:28.108   767  1152 D TelephonyManager: requestModemActivityInfo: Sending result to app: ModemActivityInfo{ mTimestamp=92768725 mSleepTimeMs=1974 mIdleTimeMs=658 mActivityStatsTechSpecificInfo=[{mRat=UNKNOWN,mFrequencyRange=UNKNOWN,mTxTimeMs[]=[47, 141, 282, 376, 423],mRxTimeMs=423}]}
10-21 17:13:28.116   767   941 D WifiVendorHal: installPacketFilter filter length 1682
10-21 17:13:28.119   767   941 D WifiClientModeImpl[21111:wlan0]:  ClientModeImpl$ConnectableState screen=on len=1682
10-21 17:13:28.121   520   596 I netd    : tetherGetStats() -> {[]} <0.32ms>
10-21 17:13:28.126   767   941 E WifiStaIfaceAidlImpl: setDtimMultiplier failed with service-specific exception: android.os.ServiceSpecificException:  (code 4)
10-21 17:13:28.126   767   941 D WifiClientModeImpl: Set maximum DTIM Multiplier to 2 FAIL
10-21 17:13:28.126   767   941 D WifiClientModeImpl[21111:wlan0]:  ClientModeImpl$ConnectableState screen=on maximum multiplier=2
10-21 17:13:28.136   520   596 I netd    : tetherGetStats() -> {[]} <0.43ms>
10-21 17:13:28.136  1379  2297 I FontLog : Fetch {Noto Color Emoji Compat, wdth 100.0, wght 400, ital 0.0, bestEffort false}, isVf false} end status Status{statusCode=SUCCESS, resolution=null} [CONTEXT service_id=132 ]
10-21 17:13:28.144   767   819 E BluetoothPowerStatsCollector: Cannot acquire BluetoothActivityEnergyInfo
10-21 17:13:28.144   767   819 E BluetoothPowerStatsCollector: java.util.concurrent.ExecutionException: java.lang.RuntimeException: error: 11
10-21 17:13:28.144   767   819 E BluetoothPowerStatsCollector: 	at java.util.concurrent.CompletableFuture.reportGet(CompletableFuture.java:372)
10-21 17:13:28.144   767   819 E BluetoothPowerStatsCollector: 	at java.util.concurrent.CompletableFuture.get(CompletableFuture.java:2072)
10-21 17:13:28.144   767   819 E BluetoothPowerStatsCollector: 	at com.android.server.power.stats.BluetoothPowerStatsCollector.collectBluetoothActivityInfo(BluetoothPowerStatsCollector.java:191)
10-21 17:13:28.144   767   819 E BluetoothPowerStatsCollector: 	at com.android.server.power.stats.BluetoothPowerStatsCollector.collectStats(BluetoothPowerStatsCollector.java:155)
10-21 17:13:28.144   767   819 E BluetoothPowerStatsCollector: 	at com.android.server.power.stats.PowerStatsCollector.collectAndDeliverStats(PowerStatsCollector.java:196)
10-21 17:13:28.144   767   819 E BluetoothPowerStatsCollector: 	at com.android.server.power.stats.PowerStatsCollector.lambda$forceSchedule$1(PowerStatsCollector.java:185)
10-21 17:13:28.144   767   819 E BluetoothPowerStatsCollector: 	at com.android.server.power.stats.PowerStatsCollector.$r8$lambda$S8t6eDCBuELjdSNvyveTMprEzE0(PowerStatsCollector.java:0)
10-21 17:13:28.144   767   819 E BluetoothPowerStatsCollector: 	at com.android.server.power.stats.PowerStatsCollector$$ExternalSyntheticLambda0.run(R8$$SyntheticClass:0)
10-21 17:13:28.144   767   819 E BluetoothPowerStatsCollector: 	at android.os.Handler.handleCallback(Handler.java:1070)
10-21 17:13:28.144   767   819 E BluetoothPowerStatsCollector: 	at android.os.Handler.dispatchMessage(Handler.java:125)
10-21 17:13:28.144   767   819 E BluetoothPowerStatsCollector: 	at android.os.Looper.dispatchMessage(Looper.java:333)
10-21 17:13:28.144   767   819 E BluetoothPowerStatsCollector: 	at android.os.Looper.loopOnce(Looper.java:263)
10-21 17:13:28.144   767   819 E BluetoothPowerStatsCollector: 	at android.os.Looper.loop(Looper.java:367)
10-21 17:13:28.144   767   819 E BluetoothPowerStatsCollector: 	at android.os.HandlerThread.run(HandlerThread.java:139)
10-21 17:13:28.144   767   819 E BluetoothPowerStatsCollector: Caused by: java.lang.RuntimeException: error: 11
10-21 17:13:28.144   767   819 E BluetoothPowerStatsCollector: 	at com.android.server.power.stats.BluetoothPowerStatsCollector$1.onBluetoothActivityEnergyInfoError(BluetoothPowerStatsCollector.java:180)
10-21 17:13:28.144   767   819 E BluetoothPowerStatsCollector: 	at android.bluetooth.BluetoothAdapter$OnBluetoothActivityEnergyInfoProxy.lambda$onBluetoothActivityEnergyInfoAvailable$0(BluetoothAdapter.java:1010)
10-21 17:13:28.144   767   819 E BluetoothPowerStatsCollector: 	at android.bluetooth.BluetoothAdapter$OnBluetoothActivityEnergyInfoProxy.$r8$lambda$ks_hN9Vo_x2Jp1k5f-s67WiAd4A(Unknown Source:0)
10-21 17:13:28.144   767   819 E BluetoothPowerStatsCollector: 	at android.bluetooth.BluetoothAdapter$OnBluetoothActivityEnergyInfoProxy$$ExternalSyntheticLambda0.run(D8$$SyntheticClass:0)
10-21 17:13:28.144   767   819 E BluetoothPowerStatsCollector: 	at android.bluetooth.BluetoothUtils.lambda$executeFromBinder$0(BluetoothUtils.java:346)
10-21 17:13:28.144   767   819 E BluetoothPowerStatsCollector: 	at android.bluetooth.BluetoothUtils$$ExternalSyntheticLambda1.run(D8$$SyntheticClass:0)
10-21 17:13:28.144   767   819 E BluetoothPowerStatsCollector: 	at com.android.server.SystemServerInitThreadPool$$ExternalSyntheticLambda0.execute(R8$$SyntheticClass:0)
10-21 17:13:28.144   767   819 E BluetoothPowerStatsCollector: 	at android.bluetooth.BluetoothUtils.executeFromBinder(BluetoothUtils.java:346)
10-21 17:13:28.144   767   819 E BluetoothPowerStatsCollector: 	at android.bluetooth.BluetoothAdapter$OnBluetoothActivityEnergyInfoProxy.onBluetoothActivityEnergyInfoAvailable(BluetoothAdapter.java:1008)
10-21 17:13:28.144   767   819 E BluetoothPowerStatsCollector: 	at android.bluetooth.IBluetoothActivityEnergyInfoListener$Stub.onTransact(IBluetoothActivityEnergyInfoListener.java:98)
10-21 17:13:28.144   767   819 E BluetoothPowerStatsCollector: 	at android.os.Binder.execTransactInternal(Binder.java:1478)
10-21 17:13:28.144   767   819 E BluetoothPowerStatsCollector: 	at android.os.Binder.execTransact(Binder.java:1418)
10-21 17:13:28.148 12209 12209 D nativeloader: Load libframework-connectivity-tiramisu-jni.so using APEX ns com_android_tethering for caller /apex/com.android.tethering/javalib/framework-connectivity-t.jar: ok
10-21 17:13:28.148 12209 12209 D AndroidRuntime: Calling main entry com.android.commands.monkey.Monkey
10-21 17:13:28.153 12209 12209 D nativeloader: Load /system/lib64/libmonkey_jni.so using ns default for caller /system/framework/monkey.jar in same partition (is_bridged=0): ok
10-21 17:13:28.153 12209 12209 W Monkey  : args: [-p, com.google.android.youtube, -c, android.intent.category.LAUNCHER, 1]
10-21 17:13:28.154  1379  2297 I FontLog : Pulling font file for id = 50, cache size = 10 [CONTEXT service_id=132 ]
10-21 17:13:28.165 12029 12078 W JobInfo : Requested important-while-foreground flag for job331 is ignored and takes no effect
10-21 17:13:28.167 12209 12209 I AconfigPackage: android.media.swcodec.flags is mapped to com.android.media.swcodec
10-21 17:13:28.167   767  1118 I AppWidgetServiceImpl: getInstalledProvidersForProfiles() 0
10-21 17:13:28.167 12209 12209 I AconfigPackage: com.android.permission.flags is mapped to com.android.permission
10-21 17:13:28.167 12209 12209 I AconfigPackage: com.android.permissioncontroller.flags is mapped to com.android.permission
10-21 17:13:28.167 12209 12209 I AconfigPackage: com.android.icu is mapped to com.android.i18n
10-21 17:13:28.168 12209 12209 I AconfigPackage: com.android.appsearch.flags is mapped to com.android.appsearch
10-21 17:13:28.169 12209 12209 I AconfigPackage: android.uprobestats.mainline.flags is mapped to com.android.uprobestats
10-21 17:13:28.169 12209 12209 I AconfigPackage: com.android.crashrecovery.flags is mapped to com.android.crashrecovery
10-21 17:13:28.169 12209 12209 I AconfigPackage: android.provider.flags is mapped to com.android.configinfrastructure
10-21 17:13:28.169 12209 12209 I AconfigPackage: com.android.server.deviceconfig is mapped to com.android.configinfrastructure
10-21 17:13:28.169   767  2053 I AppWidgetServiceImpl: notifyProviderInheritance() 0
10-21 17:13:28.170 12209 12209 I AconfigPackage: com.android.compos.flags is mapped to com.android.compos
10-21 17:13:28.171 12209 12209 I AconfigPackage: com.android.art.flags is mapped to com.android.art
10-21 17:13:28.171 12209 12209 I AconfigPackage: com.android.art.rw.flags is mapped to com.android.art
10-21 17:13:28.171 12209 12209 I AconfigPackage: com.android.libcore is mapped to com.android.art
10-21 17:13:28.171 12209 12209 I AconfigPackage: com.android.telephony.flags is mapped to com.android.telephonycore
10-21 17:13:28.172 12209 12209 I AconfigPackage: com.android.media.extractor.flags is mapped to com.android.media
10-21 17:13:28.172 12209 12209 I AconfigPackage: com.android.media.mainline.flags is mapped to com.android.media
10-21 17:13:28.172 12209 12209 I AconfigPackage: com.android.wifi.flags is mapped to com.android.wifi
10-21 17:13:28.172 12209 12209 I AconfigPackage: com.android.org.conscrypt.flags is mapped to com.android.conscrypt
10-21 17:13:28.172 12209 12209 I AconfigPackage: com.android.org.conscrypt.net.flags is mapped to com.android.conscrypt
10-21 17:13:28.173   767  1000 D BackgroundInstallControlService: Package event received: 0
10-21 17:13:28.175 12209 12209 I AconfigPackage: com.android.healthfitness.flags is mapped to com.android.healthfitness
10-21 17:13:28.176 12209 12209 I AconfigPackage: com.android.ipsec.flags is mapped to com.android.ipsec
10-21 17:13:28.177 12209 12209 I AconfigPackage: com.android.nfc.module.flags is mapped to com.android.nfcservices
10-21 17:13:28.178 12209 12209 I AconfigPackage: com.android.adservices.ondevicepersonalization.flags is mapped to com.android.ondevicepersonalization
10-21 17:13:28.178 12209 12209 I AconfigPackage: com.android.adbd.flags is mapped to com.android.adbd
10-21 17:13:28.179 12209 12209 I AconfigPackage: com.android.bluetooth.flags is mapped to com.android.bt
10-21 17:13:28.179 12209 12209 I AconfigPackage: com.android.devicelock.flags is mapped to com.android.devicelock
10-21 17:13:28.180 12209 12209 I AconfigPackage: android.os.profiling is mapped to com.android.profiling
10-21 17:13:28.180 12209 12209 I AconfigPackage: android.os.profiling.anomaly.flags is mapped to com.android.profiling
10-21 17:13:28.180 12209 12209 I AconfigPackage: com.android.os.statsd.flags is mapped to com.android.os.statsd
10-21 17:13:28.180 12209 12209 I AconfigPackage: com.android.rkpd.flags is mapped to com.android.rkpd
10-21 17:13:28.180 12209 12209 I AconfigPackage: com.android.cellbroadcastreceiver.flags is mapped to com.android.cellbroadcast
10-21 17:13:28.181 12209 12209 I AconfigPackage: com.android.adservices.flags is mapped to com.android.adservices
10-21 17:13:28.181 12209 12209 I AconfigPackage: com.android.sdksandbox.flags is mapped to com.android.adservices
10-21 17:13:28.181 12209 12209 I AconfigPackage: com.android.uwb.flags is mapped to com.android.uwb
10-21 17:13:28.181 12209 12209 I AconfigPackage: com.android.ranging.flags is mapped to com.android.uwb
10-21 17:13:28.181 12209 12209 I AconfigPackage: android.graphics.pdf.flags is mapped to com.android.mediaprovider
10-21 17:13:28.181 12209 12209 I AconfigPackage: com.android.providers.media.flags is mapped to com.android.mediaprovider
10-21 17:13:28.181 12209 12209 I AconfigPackage: android.graphics.pdf.flags.readonly is mapped to com.android.mediaprovider
10-21 17:13:28.181 12209 12209 I AconfigPackage: com.android.net.ct.flags is mapped to com.android.tethering
10-21 17:13:28.181 12209 12209 I AconfigPackage: com.android.tethering.mainline.beta is mapped to com.android.tethering
10-21 17:13:28.181 12209 12209 I AconfigPackage: com.android.net.flags is mapped to com.android.tethering
10-21 17:13:28.181 12209 12209 I AconfigPackage: com.android.nearby.flags is mapped to com.android.tethering
10-21 17:13:28.181 12209 12209 I AconfigPackage: android.net.vcn is mapped to com.android.tethering
10-21 17:13:28.181 12209 12209 I AconfigPackage: com.android.tethering.beta.test is mapped to com.android.tethering
10-21 17:13:28.181 12209 12209 I AconfigPackage: android.net.http is mapped to com.android.tethering
10-21 17:13:28.181 12209 12209 I AconfigPackage: com.android.net.thread.flags is mapped to com.android.tethering
10-21 17:13:28.182 12209 12209 I AconfigPackage: com.android.system.virtualmachine.flags is mapped to com.android.virt
10-21 17:13:28.182 12209 12209 E FeatureFlagsImplExport: android.os.flagging.AconfigStorageReadException: ERROR_PACKAGE_NOT_FOUND: package android.xr cannot be found on the device
10-21 17:13:28.187  1379 12234 I DiscoveryManager: Filter criteria(233637DE) scannerFlags(0)
10-21 17:13:28.188  1379 12234 W DatabaseProcessor: processLocalDevices: failed to get the network info with non-null networkId.
10-21 17:13:28.189  1379  1379 I CastMediaRouteProvider: Published 0 routes
10-21 17:13:28.197 12209 12209 W Monkey  :  arg: "-p"
10-21 17:13:28.197 12209 12209 W Monkey  :  arg: "com.google.android.youtube"
10-21 17:13:28.197 12209 12209 W Monkey  :  arg: "-c"
10-21 17:13:28.197 12209 12209 W Monkey  :  arg: "android.intent.category.LAUNCHER"
10-21 17:13:28.197 12209 12209 W Monkey  :  arg: "1"
10-21 17:13:28.197 12209 12209 W Monkey  : data="com.google.android.youtube"
10-21 17:13:28.197 12209 12209 W Monkey  : data="android.intent.category.LAUNCHER"
10-21 17:13:28.231     0     0 I input   : Monkey touch as /devices/virtual/input/input26
10-21 17:13:28.204   767   857 I WifiService: getConnectionInfo uid=10172
10-21 17:13:28.204  1154  1154 W IpClient.wlan0: type=1400 audit(0.0:159): avc:  denied  { search } for  name="net" dev="sysfs" ino=4782 scontext=u:r:network_stack:s0 tcontext=u:object_r:sysfs_net:s0 tclass=dir permissive=0
10-21 17:13:28.207   767  1152 I WifiService: acquireMulticastLock uid=10146 lockTag=MdnsServiceBrowserImpl
10-21 17:13:28.207  1154  1327 E ProcfsParsingUtils: failed to read /sys/class/net/wlan0/mtu
10-21 17:13:28.207  1154  1327 E ProcfsParsingUtils: java.nio.file.AccessDeniedException: /sys/class/net/wlan0/mtu
10-21 17:13:28.207  1154  1327 E ProcfsParsingUtils: 	at sun.nio.fs.UnixFileSystemProvider.newByteChannel(UnixFileSystemProvider.java:220)
10-21 17:13:28.207  1154  1327 E ProcfsParsingUtils: 	at java.nio.file.Files.newByteChannel(Files.java:371)
10-21 17:13:28.207  1154  1327 E ProcfsParsingUtils: 	at java.nio.file.Files.newByteChannel(Files.java:422)
10-21 17:13:28.207  1154  1327 E ProcfsParsingUtils: 	at java.nio.file.spi.FileSystemProvider.newInputStream(FileSystemProvider.java:420)
10-21 17:13:28.207  1154  1327 E ProcfsParsingUtils: 	at java.nio.file.Files.newInputStream(Files.java:156)
10-21 17:13:28.207  1154  1327 E ProcfsParsingUtils: 	at java.nio.file.Files.newBufferedReader(Files.java:2844)
10-21 17:13:28.207  1154  1327 E ProcfsParsingUtils: 	at com.android.networkstack.com.android.net.module.util.ProcfsParsingUtils.readFile(ProcfsParsingUtils.java:75)
10-21 17:13:28.207  1154  1327 E ProcfsParsingUtils: 	at com.android.networkstack.com.android.net.module.util.ProcfsParsingUtils.getInterfaceMtu(ProcfsParsingUtils.java:350)
10-21 17:13:28.207  1154  1327 E ProcfsParsingUtils: 	at com.android.networkstack.android.net.apf.ApfFilter$Dependencies.getInterfaceMtu(ApfFilter.java:818)
10-21 17:13:28.207  1154  1327 E ProcfsParsingUtils: 	at com.android.networkstack.android.net.apf.ApfFilter.installNewProgram(ApfFilter.java:3898)
10-21 17:13:28.207  1154  1327 E ProcfsParsingUtils: 	at com.android.networkstack.android.net.apf.ApfFilter.setMulticastFilter(ApfFilter.java:4184)
10-21 17:13:28.207  1154  1327 E ProcfsParsingUtils: 	at com.android.networkstack.android.net.ip.IpClient$RunningState.processMessage(IpClient.java:3894)
10-21 17:13:28.207  1154  1327 E ProcfsParsingUtils: 	at com.android.networkstack.com.android.internal.util.StateMachine$SmHandler.processMsg(StateMachine.java:1007)
10-21 17:13:28.207  1154  1327 E ProcfsParsingUtils: 	at com.android.networkstack.com.android.internal.util.StateMachine$SmHandler.handleMessage(StateMachine.java:820)
10-21 17:13:28.207  1154  1327 E ProcfsParsingUtils: 	at android.os.Handler.dispatchMessage(Handler.java:132)
10-21 17:13:28.207  1154  1327 E ProcfsParsingUtils: 	at android.os.Looper.dispatchMessage(Looper.java:333)
10-21 17:13:28.207  1154  1327 E ProcfsParsingUtils: 	at android.os.Looper.loopOnce(Looper.java:263)
10-21 17:13:28.207  1154  1327 E ProcfsParsingUtils: 	at android.os.Looper.loop(Looper.java:367)
10-21 17:13:28.207  1154  1327 E ProcfsParsingUtils: 	at android.os.HandlerThread.run(HandlerThread.java:139)
10-21 17:13:28.208   767   857 V WifiPermissionsUtil: checkCallersLocationPermission(com.google.android.youtube): uid 10172 doesn't have permission android.permission.ACCESS_FINE_LOCATION
10-21 17:13:28.208   767   857 V WifiPermissionsUtil: enforceCanAccessScanResults(pkg=com.google.android.youtube, uid=10172): canCallingUidAccessLocation=false, canAppPackageUseLocation=false
10-21 17:13:28.209   767   952 I serviceDiscovery: [MdnsSocketProvider] Start monitoring sockets.
10-21 17:13:28.210  1154  1327 D IpClient.wlan0: set max DTIM multiplier to 1
10-21 17:13:28.211   767   857 V WifiService: Keeping REDACT_FOR_ACCESS_FINE_LOCATION:java.lang.SecurityException: UID 10172 has no location permission
10-21 17:13:28.211   767   898 D EventHub: No input device configuration file found for device 'Monkey touch'.
10-21 17:13:28.211   767   941 D WifiVendorHal: installPacketFilter filter length 1597
10-21 17:13:28.212   767   898 I EventHub: usingClockIoctl=true
10-21 17:13:28.212   767   898 I EventHub: New device: id=26, fd=689, path='/dev/input/event14', name='Monkey touch', classes=TOUCH | TOUCH_MT, configuration='', keyLayout='', keyCharacterMap='', builtinKeyboard=false, 
10-21 17:13:28.212   767   941 D WifiClientModeImpl[21111:wlan0]:  ClientModeImpl$ConnectableState screen=on len=1597
10-21 17:13:28.213   767   941 E WifiStaIfaceAidlImpl: setDtimMultiplier failed with service-specific exception: android.os.ServiceSpecificException:  (code 4)
10-21 17:13:28.213   767   941 D WifiClientModeImpl: Set maximum DTIM Multiplier to 1 FAIL
10-21 17:13:28.213   767   941 D WifiClientModeImpl[21111:wlan0]:  ClientModeImpl$ConnectableState screen=on maximum multiplier=1
10-21 17:13:28.218   767   952 I TetheringManager: registerTetheringEventCallback caller:android
10-21 17:13:28.219   767   952 I serviceDiscovery: [MdnsDiscoveryManager] Registering listener for serviceType: _googlecast._tcp.local
10-21 17:13:28.219   767   952 I serviceDiscovery: [MdnsDiscoveryManager] Registering listener for serviceType: _googlecast._tcp.local
10-21 17:13:28.224   767   898 I InputReader: Device reconfigured: id=26, name='Monkey touch', size 1080x2400, orientation Rotation0, mode DIRECT, display id 0
10-21 17:13:28.224   767   898 I InputReader: Device added: id=26, eventHubId=26, name='Monkey touch', descriptor='e1fe28b90f915c7d1febbd52c1ef84b3c4cbed9f',sources=TOUCHSCREEN
10-21 17:13:28.230   767  1152 I WifiService: getConnectionInfo uid=10172
10-21 17:13:28.230   767  1152 V WifiPermissionsUtil: checkCallersLocationPermission(com.google.android.youtube): uid 10172 doesn't have permission android.permission.ACCESS_FINE_LOCATION
10-21 17:13:28.230   767  1152 V WifiPermissionsUtil: enforceCanAccessScanResults(pkg=com.google.android.youtube, uid=10172): canCallingUidAccessLocation=false, canAppPackageUseLocation=false
10-21 17:13:28.230   767  1152 V WifiService: Keeping REDACT_FOR_ACCESS_FINE_LOCATION:java.lang.SecurityException: UID 10172 has no location permission
10-21 17:13:28.230   767   949 D ConnectivityService: NetReassign [no changes] [c 2] [a 4] [i 5]
10-21 17:13:28.239  1379  2453 I FontLog : Pulling font file for id = 50, cache size = 10 [CONTEXT service_id=132 ]
10-21 17:13:28.243   767   802 D WindowManager: Direct invocation of sendNewConfiguration: Display{#0 state=ON size=1080x2400 ROTATION_0}
10-21 17:13:28.247 12029 12068 W YouTube : Empty persistent device token received from InnerTube.
10-21 17:13:28.252   767   802 W libbinder.IPCThreadState: Sending oneway calls to frozen process.
10-21 17:13:28.257   767   949 D ConnectivityService: NetReassign [no changes] [c 0] [a 1] [i 2]
10-21 17:13:28.262 12029 12227 E android.youtube: No package ID 6a found for resource ID 0x6a0b000f.
10-21 17:13:28.263 12029 12227 I FA      : App measurement initialized, version: 140000
10-21 17:13:28.263 12029 12227 I FA      : To enable debug logging run: adb shell setprop log.tag.FA VERBOSE
10-21 17:13:28.263 12029 12227 I FA      : To enable faster debug mode event logging run:
10-21 17:13:28.263 12029 12227 I FA      :   adb shell setprop debug.firebase.analytics.app com.google.android.youtube
10-21 17:13:28.264   767  1967 W ActivityManager: registerReceiverWithFeature: no app for null
10-21 17:13:28.283 12029 12094 D StrictMode: StrictMode policy violation; ~duration=162 ms: android.os.strictmode.DiskReadViolation
10-21 17:13:28.283 12029 12094 D StrictMode: 	at android.os.StrictMode$AndroidBlockGuardPolicy.onReadFromDisk(StrictMode.java:1766)
10-21 17:13:28.283 12029 12094 D StrictMode: 	at java.io.UnixFileSystem.getBooleanAttributes(UnixFileSystem.java:306)
10-21 17:13:28.283 12029 12094 D StrictMode: 	at java.io.File.isDirectory(File.java:859)
10-21 17:13:28.283 12029 12094 D StrictMode: 	at cdsr.i(:com.google.android.gms@253931038@25.39.31 (260800-813878953):266)
10-21 17:13:28.283 12029 12094 D StrictMode: 	at cdsh.g(:com.google.android.gms@253931038@25.39.31 (260800-813878953):1)
10-21 17:13:28.283 12029 12094 D StrictMode: 	at cdsr.h(:com.google.android.gms@253931038@25.39.31 (260800-813878953):1)
10-21 17:13:28.283 12029 12094 D StrictMode: 	at cdsh.c(:com.google.android.gms@253931038@25.39.31 (260800-813878953):2)
10-21 17:13:28.283 12029 12094 D StrictMode: 	at cdsr.c(:com.google.android.gms@253931038@25.39.31 (260800-813878953):1)
10-21 17:13:28.283 12029 12094 D StrictMode: 	at cdsh.e(:com.google.android.gms@253931038@25.39.31 (260800-813878953):10)
10-21 17:13:28.283 12029 12094 D StrictMode: 	at cdsr.e(:com.google.android.gms@253931038@25.39.31 (260800-813878953):1)
10-21 17:13:28.283 12029 12094 D StrictMode: 	at cdsh.b(:com.google.android.gms@253931038@25.39.31 (260800-813878953):3)
10-21 17:13:28.283 12029 12094 D StrictMode: 	at cdsr.b(:com.google.android.gms@253931038@25.39.31 (260800-813878953):1)
10-21 17:13:28.283 12029 12094 D StrictMode: 	at bsol.b(:com.google.android.gms@253931038@25.39.31 (260800-813878953):81)
10-21 17:13:28.283 12029 12094 D StrictMode: 	at bsol.n(:com.google.android.gms@253931038@25.39.31 (260800-813878953):1)
10-21 17:13:28.283 12029 12094 D StrictMode: 	at bspi.f(:com.google.android.gms@253931038@25.39.31 (260800-813878953):202)
10-21 17:13:28.283 12029 12094 D StrictMode: 	at bspi.b(:com.google.android.gms@253931038@25.39.31 (260800-813878953):460)
10-21 17:13:28.283 12029 12094 D StrictMode: 	at bspl.query(:com.google.android.gms@253931038@25.39.31 (260800-813878953):129)
10-21 17:13:28.283 12029 12094 D StrictMode: 	at awmu.query(:com.google.android.gms@253931038@25.39.31 (260800-813878953):3)
10-21 17:13:28.283 12029 12094 D StrictMode: 	at android.content.ContentProvider.query(ContentProvider.java:1641)
10-21 17:13:28.283 12029 12094 D StrictMode: 	at xns.superQuery(:com.google.android.gms@253931038@25.39.31 (260800-813878953):2)
10-21 17:13:28.283 12029 12094 D StrictMode: 	at com.google.android.chimera.ContentProvider.query(:com.google.android.gms@253931038@25.39.31 (260800-813878953):2)
10-21 17:13:28.283 12029 12094 D StrictMode: 	at awmu.query(:com.google.android.gms@253931038@25.39.31 (260800-813878953):13)
10-21 17:13:28.283 12029 12094 D StrictMode: 	at android.content.ContentProvider.query(ContentProvider.java:1737)
10-21 17:13:28.283 12029 12094 D StrictMode: 	at xns.superQuery(:com.google.android.gms@253931038@25.39.31 (260800-813878953):1)
10-21 17:13:28.283 12029 12094 D StrictMode: 	at com.google.android.chimera.ContentProvider.query(:com.google.android.gms@253931038@25.39.31 (260800-813878953):1)
10-21 17:13:28.283 12029 12094 D StrictMode: 	at xns.query(:com.google.android.gms@253931038@25.39.31 (260800-813878953):2)
10-21 17:13:28.283 12029 12094 D StrictMode: 	at android.content.ContentProvider$Transport.query(ContentProvider.java:296)
10-21 17:13:28.283 12029 12094 D StrictMode: 	at android.content.ContentProviderNative.onTransact(ContentProviderNative.java:107)
10-21 17:13:28.283 12029 12094 D StrictMode: 	at android.os.Binder.execTransactInternal(Binder.java:1473)
10-21 17:13:28.283 12029 12094 D StrictMode: 	at android.os.Binder.execTransact(Binder.java:1418)
10-21 17:13:28.283 12029 12094 D StrictMode: # via Binder call with stack:
10-21 17:13:28.283 12029 12094 D StrictMode: 	at android.os.StrictMode.readAndHandleBinderCallViolations(StrictMode.java:2771)
10-21 17:13:28.283 12029 12094 D StrictMode: 	at android.os.Parcel.readExceptionCode(Parcel.java:3317)
10-21 17:13:28.283 12029 12094 D StrictMode: 	at android.database.DatabaseUtils.readExceptionFromParcel(DatabaseUtils.java:150)
10-21 17:13:28.283 12029 12094 D StrictMode: 	at android.content.ContentProviderProxy.query(ContentProviderNative.java:495)
10-21 17:13:28.283 12029 12094 D StrictMode: 	at android.content.ContentProviderClient.query(ContentProviderClient.java:196)
10-21 17:13:28.283 12029 12094 D StrictMode: 	at android.content.ContentProviderClient.query(ContentProviderClient.java:178)
10-21 17:13:28.283 12029 12094 D StrictMode: 	at axa.a(PG:288)
10-21 17:13:28.283 12029 12094 D StrictMode: 	at auz.i(PG:11)
10-21 17:13:28.283 12029 12094 D StrictMode: 	at bes.a(PG:15)
10-21 17:13:28.283 12029 12094 D StrictMode: 	at apo.run(PG:312)
10-21 17:13:28.283 12029 12094 D StrictMode: 	at android.os.Handler.handleCallback(Handler.java:1070)
10-21 17:13:28.283 12029 12094 D StrictMode: 	at android.os.Handler.dispatchMessage(Handler.java:125)
10-21 17:13:28.283 12029 12094 D StrictMode: 	at android.os.Looper.dispatchMessage(Looper.java:333)
10-21 17:13:28.283 12029 12094 D StrictMode: 	at android.os.Looper.loopOnce(Looper.java:263)
10-21 17:13:28.283 12029 12094 D StrictMode: 	at android.os.Looper.loop(Looper.java:367)
10-21 17:13:28.283 12029 12094 D StrictMode: 	at qxg.run(PG:13)
10-21 17:13:28.283 12029 12094 D StrictMode: 	at qxk.run(PG:620)
10-21 17:13:28.283 12029 12094 D StrictMode: 	at java.lang.Thread.run(Thread.java:1563)
10-21 17:13:28.283 12029 12094 D StrictMode: 	at qyo.run(PG:63)
10-21 17:13:28.294 12029 12094 D StrictMode: StrictMode policy violation; ~duration=161 ms: android.os.strictmode.DiskReadViolation
10-21 17:13:28.294 12029 12094 D StrictMode: 	at android.os.StrictMode$AndroidBlockGuardPolicy.onReadFromDisk(StrictMode.java:1766)
10-21 17:13:28.294 12029 12094 D StrictMode: 	at libcore.io.BlockGuardOs.access(BlockGuardOs.java:74)
10-21 17:13:28.294 12029 12094 D StrictMode: 	at libcore.io.ForwardingOs.access(ForwardingOs.java:129)
10-21 17:13:28.294 12029 12094 D StrictMode: 	at android.app.AndroidForwardingOs.access(AndroidForwardingOs.java:111)
10-21 17:13:28.294 12029 12094 D StrictMode: 	at java.io.UnixFileSystem.checkAccess(UnixFileSystem.java:337)
10-21 17:13:28.294 12029 12094 D StrictMode: 	at java.io.File.exists(File.java:829)
10-21 17:13:28.294 12029 12094 D StrictMode: 	at bsol.n(:com.google.android.gms@253931038@25.39.31 (260800-813878953):5)
10-21 17:13:28.294 12029 12094 D StrictMode: 	at bspi.f(:com.google.android.gms@253931038@25.39.31 (260800-813878953):202)
10-21 17:13:28.294 12029 12094 D StrictMode: 	at bspi.b(:com.google.android.gms@253931038@25.39.31 (260800-813878953):460)
10-21 17:13:28.294 12029 12094 D StrictMode: 	at bspl.query(:com.google.android.gms@253931038@25.39.31 (260800-813878953):129)
10-21 17:13:28.294 12029 12094 D StrictMode: 	at awmu.query(:com.google.android.gms@253931038@25.39.31 (260800-813878953):3)
10-21 17:13:28.294 12029 12094 D StrictMode: 	at android.content.ContentProvider.query(ContentProvider.java:1641)
10-21 17:13:28.294 12029 12094 D StrictMode: 	at xns.superQuery(:com.google.android.gms@253931038@25.39.31 (260800-813878953):2)
10-21 17:13:28.294 12029 12094 D StrictMode: 	at com.google.android.chimera.ContentProvider.query(:com.google.android.gms@253931038@25.39.31 (260800-813878953):2)
10-21 17:13:28.294 12029 12094 D StrictMode: 	at awmu.query(:com.google.android.gms@253931038@25.39.31 (260800-813878953):13)
10-21 17:13:28.294 12029 12094 D StrictMode: 	at android.content.ContentProvider.query(ContentProvider.java:1737)
10-21 17:13:28.294 12029 12094 D StrictMode: 	at xns.superQuery(:com.google.android.gms@253931038@25.39.31 (260800-813878953):1)
10-21 17:13:28.294 12029 12094 D StrictMode: 	at com.google.android.chimera.ContentProvider.query(:com.google.android.gms@253931038@25.39.31 (260800-813878953):1)
10-21 17:13:28.294 12029 12094 D StrictMode: 	at xns.query(:com.google.android.gms@253931038@25.39.31 (260800-813878953):2)
10-21 17:13:28.294 12029 12094 D StrictMode: 	at android.content.ContentProvider$Transport.query(ContentProvider.java:296)
10-21 17:13:28.294 12029 12094 D StrictMode: 	at android.content.ContentProviderNative.onTransact(ContentProviderNative.java:107)
10-21 17:13:28.294 12029 12094 D StrictMode: 	at android.os.Binder.execTransactInternal(Binder.java:1473)
10-21 17:13:28.294 12029 12094 D StrictMode: 	at android.os.Binder.execTransact(Binder.java:1418)
10-21 17:13:28.294 12029 12094 D StrictMode: # via Binder call with stack:
10-21 17:13:28.294 12029 12094 D StrictMode: 	at android.os.StrictMode.readAndHandleBinderCallViolations(StrictMode.java:2771)
10-21 17:13:28.294 12029 12094 D StrictMode: 	at android.os.Parcel.readExceptionCode(Parcel.java:3317)
10-21 17:13:28.294 12029 12094 D StrictMode: 	at android.database.DatabaseUtils.readExceptionFromParcel(DatabaseUtils.java:150)
10-21 17:13:28.294 12029 12094 D StrictMode: 	at android.content.ContentProviderProxy.query(ContentProviderNative.java:495)
10-21 17:13:28.294 12029 12094 D StrictMode: 	at android.content.ContentProviderClient.query(ContentProviderClient.java:196)
10-21 17:13:28.294 12029 12094 D StrictMode: 	at android.content.ContentProviderClient.query(ContentProviderClient.java:178)
10-21 17:13:28.294 12029 12094 D StrictMode: 	at axa.a(PG:288)
10-21 17:13:28.294 12029 12094 D StrictMode: 	at auz.i(PG:11)
10-21 17:13:28.294 12029 12094 D StrictMode: 	at bes.a(PG:15)
10-21 17:13:28.294 12029 12094 D StrictMode: 	at apo.run(PG:312)
10-21 17:13:28.294 12029 12094 D StrictMode: 	at android.os.Handler.handleCallback(Handler.java:1070)
10-21 17:13:28.294 12029 12094 D StrictMode: 	at android.os.Handler.dispatchMessage(Handler.java:125)
10-21 17:13:28.294 12029 12094 D StrictMode: 	at android.os.Looper.dispatchMessage(Looper.java:333)
10-21 17:13:28.294 12029 12094 D StrictMode: 	at android.os.Looper.loopOnce(Looper.java:263)
10-21 17:13:28.294 12029 12094 D StrictMode: 	at android.os.Looper.loop(Looper.java:367)
10-21 17:13:28.294 12029 12094 D StrictMode: 	at qxg.run(PG:13)
10-21 17:13:28.294 12029 12094 D StrictMode: 	at qxk.run(PG:620)
10-21 17:13:28.294 12029 12094 D StrictMode: 	at java.lang.Thread.run(Thread.java:1563)
10-21 17:13:28.294 12029 12094 D StrictMode: 	at qyo.run(PG:63)
10-21 17:13:28.300 12029 12094 D StrictMode: StrictMode policy violation; ~duration=152 ms: android.os.strictmode.DiskReadViolation
10-21 17:13:28.300 12029 12094 D StrictMode: 	at android.os.StrictMode$AndroidBlockGuardPolicy.onReadFromDisk(StrictMode.java:1766)
10-21 17:13:28.300 12029 12094 D StrictMode: 	at java.io.UnixFileSystem.getBooleanAttributes(UnixFileSystem.java:306)
10-21 17:13:28.300 12029 12094 D StrictMode: 	at java.io.File.isDirectory(File.java:859)
10-21 17:13:28.300 12029 12094 D StrictMode: 	at bsol.n(:com.google.android.gms@253931038@25.39.31 (260800-813878953):13)
10-21 17:13:28.300 12029 12094 D StrictMode: 	at bspi.f(:com.google.android.gms@253931038@25.39.31 (260800-813878953):202)
10-21 17:13:28.300 12029 12094 D StrictMode: 	at bspi.b(:com.google.android.gms@253931038@25.39.31 (260800-813878953):460)
10-21 17:13:28.300 12029 12094 D StrictMode: 	at bspl.query(:com.google.android.gms@253931038@25.39.31 (260800-813878953):129)
10-21 17:13:28.300 12029 12094 D StrictMode: 	at awmu.query(:com.google.android.gms@253931038@25.39.31 (260800-813878953):3)
10-21 17:13:28.300 12029 12094 D StrictMode: 	at android.content.ContentProvider.query(ContentProvider.java:1641)
10-21 17:13:28.300 12029 12094 D StrictMode: 	at xns.superQuery(:com.google.android.gms@253931038@25.39.31 (260800-813878953):2)
10-21 17:13:28.300 12029 12094 D StrictMode: 	at com.google.android.chimera.ContentProvider.query(:com.google.android.gms@253931038@25.39.31 (260800-813878953):2)
10-21 17:13:28.300 12029 12094 D StrictMode: 	at awmu.query(:com.google.android.gms@253931038@25.39.31 (260800-813878953):13)
10-21 17:13:28.300 12029 12094 D StrictMode: 	at android.content.ContentProvider.query(ContentProvider.java:1737)
10-21 17:13:28.300 12029 12094 D StrictMode: 	at xns.superQuery(:com.google.android.gms@253931038@25.39.31 (260800-813878953):1)
10-21 17:13:28.300 12029 12094 D StrictMode: 	at com.google.android.chimera.ContentProvider.query(:com.google.android.gms@253931038@25.39.31 (260800-813878953):1)
10-21 17:13:28.300 12029 12094 D StrictMode: 	at xns.query(:com.google.android.gms@253931038@25.39.31 (260800-813878953):2)
10-21 17:13:28.300 12029 12094 D StrictMode: 	at android.content.ContentProvider$Transport.query(ContentProvider.java:296)
10-21 17:13:28.300 12029 12094 D StrictMode: 	at android.content.ContentProviderNative.onTransact(ContentProviderNative.java:107)
10-21 17:13:28.300 12029 12094 D StrictMode: 	at android.os.Binder.execTransactInternal(Binder.java:1473)
10-21 17:13:28.300 12029 12094 D StrictMode: 	at android.os.Binder.execTransact(Binder.java:1418)
10-21 17:13:28.300 12029 12094 D StrictMode: # via Binder call with stack:
10-21 17:13:28.300 12029 12094 D StrictMode: 	at android.os.StrictMode.readAndHandleBinderCallViolations(StrictMode.java:2771)
10-21 17:13:28.300 12029 12094 D StrictMode: 	at android.os.Parcel.readExceptionCode(Parcel.java:3317)
10-21 17:13:28.300 12029 12094 D StrictMode: 	at android.database.DatabaseUtils.readExceptionFromParcel(DatabaseUtils.java:150)
10-21 17:13:28.300 12029 12094 D StrictMode: 	at android.content.ContentProviderProxy.query(ContentProviderNative.java:495)
10-21 17:13:28.300 12029 12094 D StrictMode: 	at android.content.ContentProviderClient.query(ContentProviderClient.java:196)
10-21 17:13:28.300 12029 12094 D StrictMode: 	at android.content.ContentProviderClient.query(ContentProviderClient.java:178)
10-21 17:13:28.300 12029 12094 D StrictMode: 	at axa.a(PG:288)
10-21 17:13:28.300 12029 12094 D StrictMode: 	at auz.i(PG:11)
10-21 17:13:28.300 12029 12094 D StrictMode: 	at bes.a(PG:15)
10-21 17:13:28.300 12029 12094 D StrictMode: 	at apo.run(PG:312)
10-21 17:13:28.300 12029 12094 D StrictMode: 	at android.os.Handler.handleCallback(Handler.java:1070)
10-21 17:13:28.300 12029 12094 D StrictMode: 	at android.os.Handler.dispatchMessage(Handler.java:125)
10-21 17:13:28.300 12029 12094 D StrictMode: 	at android.os.Looper.dispatchMessage(Looper.java:333)
10-21 17:13:28.300 12029 12094 D StrictMode: 	at android.os.Looper.loopOnce(Looper.java:263)
10-21 17:13:28.300 12029 12094 D StrictMode: 	at android.os.Looper.loop(Looper.java:367)
10-21 17:13:28.300 12029 12094 D StrictMode: 	at qxg.run(PG:13)
10-21 17:13:28.300 12029 12094 D StrictMode: 	at qxk.run(PG:620)
10-21 17:13:28.300 12029 12094 D StrictMode: 	at java.lang.Thread.run(Thread.java:1563)
10-21 17:13:28.300 12029 12094 D StrictMode: 	at qyo.run(PG:63)
10-21 17:13:28.301   767  1967 W ActivityTaskManager: callingPackage for (uid=0, pid=12209) has no WPC
10-21 17:13:28.304 12029 12094 D StrictMode: StrictMode policy violation; ~duration=127 ms: android.os.strictmode.DiskReadViolation
10-21 17:13:28.304 12029 12094 D StrictMode: 	at android.os.StrictMode$AndroidBlockGuardPolicy.onReadFromDisk(StrictMode.java:1766)
10-21 17:13:28.304 12029 12094 D StrictMode: 	at sun.nio.ch.FileDispatcherImpl.size(FileDispatcherImpl.java:102)
10-21 17:13:28.304 12029 12094 D StrictMode: 	at sun.nio.ch.FileChannelImpl.size(FileChannelImpl.java:365)
10-21 17:13:28.304 12029 12094 D StrictMode: 	at android.graphics.fonts.Font$Builder.<init>(Font.java:171)
10-21 17:13:28.304 12029 12094 D StrictMode: 	at android.graphics.fonts.Font$Builder.<init>(Font.java:157)
10-21 17:13:28.304 12029 12094 D StrictMode: 	at awg.h(PG:21)
10-21 17:13:28.304 12029 12094 D StrictMode: 	at awg.a(PG:6)
10-21 17:13:28.304 12029 12094 D StrictMode: 	at awc.a(PG:3)
10-21 17:13:28.304 12029 12094 D StrictMode: 	at auz.g(PG:2)
10-21 17:13:28.304 12029 12094 D StrictMode: 	at bes.a(PG:171)
10-21 17:13:28.304 12029 12094 D StrictMode: 	at apo.run(PG:312)
10-21 17:13:28.304 12029 12094 D StrictMode: 	at android.os.Handler.handleCallback(Handler.java:1070)
10-21 17:13:28.304 12029 12094 D StrictMode: 	at android.os.Handler.dispatchMessage(Handler.java:125)
10-21 17:13:28.304 12029 12094 D StrictMode: 	at android.os.Looper.dispatchMessage(Looper.java:333)
10-21 17:13:28.304 12029 12094 D StrictMode: 	at android.os.Looper.loopOnce(Looper.java:263)
10-21 17:13:28.304 12029 12094 D StrictMode: 	at android.os.Looper.loop(Looper.java:367)
10-21 17:13:28.304 12029 12094 D StrictMode: 	at qxg.run(PG:13)
10-21 17:13:28.304 12029 12094 D StrictMode: 	at qxk.run(PG:620)
10-21 17:13:28.304 12029 12094 D StrictMode: 	at java.lang.Thread.run(Thread.java:1563)
10-21 17:13:28.304 12029 12094 D StrictMode: 	at qyo.run(PG:63)
10-21 17:13:28.304 12029 12094 D StrictMode: StrictMode policy violation; ~duration=127 ms: android.os.strictmode.DiskReadViolation
10-21 17:13:28.304 12029 12094 D StrictMode: 	at android.os.StrictMode$AndroidBlockGuardPolicy.onReadFromDisk(StrictMode.java:1766)
10-21 17:13:28.304 12029 12094 D StrictMode: 	at sun.nio.ch.FileDispatcherImpl.size(FileDispatcherImpl.java:102)
10-21 17:13:28.304 12029 12094 D StrictMode: 	at sun.nio.ch.FileChannelImpl.map(FileChannelImpl.java:955)
10-21 17:13:28.304 12029 12094 D StrictMode: 	at android.graphics.fonts.Font$Builder.<init>(Font.java:172)
10-21 17:13:28.304 12029 12094 D StrictMode: 	at android.graphics.fonts.Font$Builder.<init>(Font.java:157)
10-21 17:13:28.304 12029 12094 D StrictMode: 	at awg.h(PG:21)
10-21 17:13:28.304 12029 12094 D StrictMode: 	at awg.a(PG:6)
10-21 17:13:28.304 12029 12094 D StrictMode: 	at awc.a(PG:3)
10-21 17:13:28.304 12029 12094 D StrictMode: 	at auz.g(PG:2)
10-21 17:13:28.304 12029 12094 D StrictMode: 	at bes.a(PG:171)
10-21 17:13:28.304 12029 12094 D StrictMode: 	at apo.run(PG:312)
10-21 17:13:28.304 12029 12094 D StrictMode: 	at android.os.Handler.handleCallback(Handler.java:1070)
10-21 17:13:28.304 12029 12094 D StrictMode: 	at android.os.Handler.dispatchMessage(Handler.java:125)
10-21 17:13:28.304 12029 12094 D StrictMode: 	at android.os.Looper.dispatchMessage(Looper.java:333)
10-21 17:13:28.304 12029 12094 D StrictMode: 	at android.os.Looper.loopOnce(Looper.java:263)
10-21 17:13:28.304 12029 12094 D StrictMode: 	at android.os.Looper.loop(Looper.java:367)
10-21 17:13:28.304 12029 12094 D StrictMode: 	at qxg.run(PG:13)
10-21 17:13:28.304 12029 12094 D StrictMode: 	at qxk.run(PG:620)
10-21 17:13:28.304 12029 12094 D StrictMode: 	at java.lang.Thread.run(Thread.java:1563)
10-21 17:13:28.304 12029 12094 D StrictMode: 	at qyo.run(PG:63)
10-21 17:13:28.304 12029 12094 D StrictMode: StrictMode policy violation; ~duration=127 ms: android.os.strictmode.DiskReadViolation
10-21 17:13:28.304 12029 12094 D StrictMode: 	at android.os.StrictMode$AndroidBlockGuardPolicy.onReadFromDisk(StrictMode.java:1766)
10-21 17:13:28.304 12029 12094 D StrictMode: 	at sun.nio.ch.FileChannelImpl.map(FileChannelImpl.java:992)
10-21 17:13:28.304 12029 12094 D StrictMode: 	at android.graphics.fonts.Font$Builder.<init>(Font.java:172)
10-21 17:13:28.304 12029 12094 D StrictMode: 	at android.graphics.fonts.Font$Builder.<init>(Font.java:157)
10-21 17:13:28.304 12029 12094 D StrictMode: 	at awg.h(PG:21)
10-21 17:13:28.304 12029 12094 D StrictMode: 	at awg.a(PG:6)
10-21 17:13:28.304 12029 12094 D StrictMode: 	at awc.a(PG:3)
10-21 17:13:28.304 12029 12094 D StrictMode: 	at auz.g(PG:2)
10-21 17:13:28.304 12029 12094 D StrictMode: 	at bes.a(PG:171)
10-21 17:13:28.304 12029 12094 D StrictMode: 	at apo.run(PG:312)
10-21 17:13:28.304 12029 12094 D StrictMode: 	at android.os.Handler.handleCallback(Handler.java:1070)
10-21 17:13:28.304 12029 12094 D StrictMode: 	at android.os.Handler.dispatchMessage(Handler.java:125)
10-21 17:13:28.304 12029 12094 D StrictMode: 	at android.os.Looper.dispatchMessage(Looper.java:333)
10-21 17:13:28.304 12029 12094 D StrictMode: 	at android.os.Looper.loopOnce(Looper.java:263)
10-21 17:13:28.304 12029 12094 D StrictMode: 	at android.os.Looper.loop(Looper.java:367)
10-21 17:13:28.304 12029 12094 D StrictMode: 	at qxg.run(PG:13)
10-21 17:13:28.304 12029 12094 D StrictMode: 	at qxk.run(PG:620)
10-21 17:13:28.304 12029 12094 D StrictMode: 	at java.lang.Thread.run(Thread.java:1563)
10-21 17:13:28.304 12029 12094 D StrictMode: 	at qyo.run(PG:63)
10-21 17:13:28.304 12029 12094 D StrictMode: StrictMode policy violation; ~duration=40 ms: android.os.strictmode.DiskReadViolation
10-21 17:13:28.304 12029 12094 D StrictMode: 	at android.os.StrictMode$AndroidBlockGuardPolicy.onReadFromDisk(StrictMode.java:1766)
10-21 17:13:28.304 12029 12094 D StrictMode: 	at sun.nio.ch.FileDispatcherImpl.size(FileDispatcherImpl.java:102)
10-21 17:13:28.304 12029 12094 D StrictMode: 	at sun.nio.ch.FileChannelImpl.size(FileChannelImpl.java:365)
10-21 17:13:28.304 12029 12094 D StrictMode: 	at aus.h(PG:28)
10-21 17:13:28.304 12029 12094 D StrictMode: 	at bes.a(PG:179)
10-21 17:13:28.304 12029 12094 D StrictMode: 	at apo.run(PG:312)
10-21 17:13:28.304 12029 12094 D StrictMode: 	at android.os.Handler.handleCallback(Handler.java:1070)
10-21 17:13:28.304 12029 12094 D StrictMode: 	at android.os.Handler.dispatchMessage(Handler.java:125)
10-21 17:13:28.304 12029 12094 D StrictMode: 	at android.os.Looper.dispatchMessage(Looper.java:333)
10-21 17:13:28.304 12029 12094 D StrictMode: 	at android.os.Looper.loopOnce(Looper.java:263)
10-21 17:13:28.304 12029 12094 D StrictMode: 	at android.os.Looper.loop(Looper.java:367)
10-21 17:13:28.304 12029 12094 D StrictMode: 	at qxg.run(PG:13)
10-21 17:13:28.304 12029 12094 D StrictMode: 	at qxk.run(PG:620)
10-21 17:13:28.304 12029 12094 D StrictMode: 	at java.lang.Thread.run(Thread.java:1563)
10-21 17:13:28.304 12029 12094 D StrictMode: 	at qyo.run(PG:63)
10-21 17:13:28.304 12029 12094 D StrictMode: StrictMode policy violation; ~duration=40 ms: android.os.strictmode.DiskReadViolation
10-21 17:13:28.304 12029 12094 D StrictMode: 	at android.os.StrictMode$AndroidBlockGuardPolicy.onReadFromDisk(StrictMode.java:1766)
10-21 17:13:28.304 12029 12094 D StrictMode: 	at sun.nio.ch.FileDispatcherImpl.size(FileDispatcherImpl.java:102)
10-21 17:13:28.304 12029 12094 D StrictMode: 	at sun.nio.ch.FileChannelImpl.map(FileChannelImpl.java:955)
10-21 17:13:28.304 12029 12094 D StrictMode: 	at aus.h(PG:36)
10-21 17:13:28.304 12029 12094 D StrictMode: 	at bes.a(PG:179)
10-21 17:13:28.304 12029 12094 D StrictMode: 	at apo.run(PG:312)
10-21 17:13:28.304 12029 12094 D StrictMode: 	at android.os.Handler.handleCallback(Handler.java:1070)
10-21 17:13:28.304 12029 12094 D StrictMode: 	at android.os.Handler.dispatchMessage(Handler.java:125)
10-21 17:13:28.304 12029 12094 D StrictMode: 	at android.os.Looper.dispatchMessage(Looper.java:333)
10-21 17:13:28.304 12029 12094 D StrictMode: 	at android.os.Looper.loopOnce(Looper.java:263)
10-21 17:13:28.304 12029 12094 D StrictMode: 	at android.os.Looper.loop(Looper.java:367)
10-21 17:13:28.304 12029 12094 D StrictMode: 	at qxg.run(PG:13)
10-21 17:13:28.304 12029 12094 D StrictMode: 	at qxk.run(PG:620)
10-21 17:13:28.304 12029 12094 D StrictMode: 	at java.lang.Thread.run(Thread.java:1563)
10-21 17:13:28.304 12029 12094 D StrictMode: 	at qyo.run(PG:63)
10-21 17:13:28.305 12029 12094 D StrictMode: StrictMode policy violation; ~duration=40 ms: android.os.strictmode.DiskReadViolation
10-21 17:13:28.305 12029 12094 D StrictMode: 	at android.os.StrictMode$AndroidBlockGuardPolicy.onReadFromDisk(StrictMode.java:1766)
10-21 17:13:28.305 12029 12094 D StrictMode: 	at sun.nio.ch.FileChannelImpl.map(FileChannelImpl.java:992)
10-21 17:13:28.305 12029 12094 D StrictMode: 	at aus.h(PG:36)
10-21 17:13:28.305 12029 12094 D StrictMode: 	at bes.a(PG:179)
10-21 17:13:28.305 12029 12094 D StrictMode: 	at apo.run(PG:312)
10-21 17:13:28.305 12029 12094 D StrictMode: 	at android.os.Handler.handleCallback(Handler.java:1070)
10-21 17:13:28.305 12029 12094 D StrictMode: 	at android.os.Handler.dispatchMessage(Handler.java:125)
10-21 17:13:28.305 12029 12094 D StrictMode: 	at android.os.Looper.dispatchMessage(Looper.java:333)
10-21 17:13:28.305 12029 12094 D StrictMode: 	at android.os.Looper.loopOnce(Looper.java:263)
10-21 17:13:28.305 12029 12094 D StrictMode: 	at android.os.Looper.loop(Looper.java:367)
10-21 17:13:28.305 12029 12094 D StrictMode: 	at qxg.run(PG:13)
10-21 17:13:28.305 12029 12094 D StrictMode: 	at qxk.run(PG:620)
10-21 17:13:28.305 12029 12094 D StrictMode: 	at java.lang.Thread.run(Thread.java:1563)
10-21 17:13:28.305 12029 12094 D StrictMode: 	at qyo.run(PG:63)
10-21 17:13:28.305   767  1967 V WindowManager: DesktopModeLaunchParamsModifier: phase= 0 task=null activity=null display-area-from-current-params=null display-area-from-default-fallback=DefaultTaskDisplayArea@155435942 display-id=0 task-display-area-windowing-mode=1 suggested-display-area=DefaultTaskDisplayArea@155435942 task null, skipping
10-21 17:13:28.305   767  1967 V WindowManager: TaskLaunchParamsModifier:phase=0 task=null activity=null display-area-from-current-params=null display-area-from-default-fallback=DefaultTaskDisplayArea@155435942 display-id=0 task-display-area-windowing-mode=1 suggested-display-area=DefaultTaskDisplayArea@155435942
10-21 17:13:28.314   767  1967 V GrammaticalInflectionUtils: AttributionSource: AttributionSource { uid = 10172, packageName = null, attributionTag = null, token = android.os.Binder@b9d83fb, deviceId = 0, next = null } does not have READ_SYSTEM_GRAMMATICAL_GENDER permission.
10-21 17:13:28.319   767  1967 V WindowManager: DesktopModeLaunchParamsModifier: phase= 0 task=null activity=ActivityRecord{244008751 u0 com.google.android.youtube/.app.honeycomb.Shell$HomeActivity display-area-from-current-params=null display-area-for-record=DefaultTaskDisplayArea@155435942 display-id=0 task-display-area-windowing-mode=1 suggested-display-area=DefaultTaskDisplayArea@155435942 task null, skipping
10-21 17:13:28.319   767  1967 V WindowManager: TaskLaunchParamsModifier:phase=0 task=null activity=ActivityRecord{244008751 u0 com.google.android.youtube/.app.honeycomb.Shell$HomeActivity t-1} display-area-from-current-params=null display-area-for-record=DefaultTaskDisplayArea@155435942 display-id=0 task-display-area-windowing-mode=1 suggested-display-area=DefaultTaskDisplayArea@155435942
10-21 17:13:28.319   767  1967 V WindowManager: DesktopModeLaunchParamsModifier: phase= 3 task=Task{5e5918d #43 type=standard A=10172:com.google.android.youtube} activity=ActivityRecord{244008751 u0 com.google.android.youtube/.app.honeycomb.Shell$HomeActivity t-1} display-from-task=0 display-id=0 task-display-area-windowing-mode=1 suggested-display-area=DefaultTaskDisplayArea@155435942 not entering desktop mode, skipping
10-21 17:13:28.320   767  1967 V WindowManager: TaskLaunchParamsModifier:phase=3 task=Task{5e5918d #43 type=standard A=10172:com.google.android.youtube} activity=ActivityRecord{244008751 u0 com.google.android.youtube/.app.honeycomb.Shell$HomeActivity t-1} display-from-task=0 display-id=0 task-display-area-windowing-mode=1 suggested-display-area=DefaultTaskDisplayArea@155435942 inherit-from-task=fullscreen non-freeform-task-display-area display-area=DefaultTaskDisplayArea@155435942 skip-bounds-fullscreen
10-21 17:13:28.325   767  1967 V WindowManager: DesktopModeLaunchParamsModifier: phase= 3 task=Task{5e5918d #43 type=standard A=10172:com.google.android.youtube} activity=ActivityRecord{244008751 u0 com.google.android.youtube/.app.honeycomb.Shell$HomeActivity t-1} display-from-task=0 display-id=0 task-display-area-windowing-mode=1 suggested-display-area=DefaultTaskDisplayArea@155435942 not entering desktop mode, skipping
10-21 17:13:28.325   767  1967 V WindowManager: TaskLaunchParamsModifier:phase=3 task=Task{5e5918d #43 type=standard A=10172:com.google.android.youtube} activity=ActivityRecord{244008751 u0 com.google.android.youtube/.app.honeycomb.Shell$HomeActivity t-1} display-from-task=0 display-id=0 task-display-area-windowing-mode=1 suggested-display-area=DefaultTaskDisplayArea@155435942 inherit-from-task=fullscreen non-freeform-task-display-area display-area=DefaultTaskDisplayArea@155435942 skip-bounds-fullscreen
10-21 17:13:28.331   767  1967 I ActivityTaskManager: START u0 {act=android.intent.action.MAIN cat=[android.intent.category.LAUNCHER] flg=0x10200000 cmp=com.google.android.youtube/.app.honeycomb.Shell$HomeActivity} with LAUNCH_SINGLE_TOP from uid 0 (BAL_ALLOW_ALLOWLISTED_UID) result code=2
10-21 17:13:28.331 12209 12209 I Monkey  : Events injected: 1
10-21 17:13:28.338   582   764 I libbinder.BpBinder: onLastStrongRef automatically unlinking death recipients for descriptor: '(not cached)'
10-21 17:13:28.339  1055  1178 V WindowManagerShell: Transition requested (#23): android.os.BinderProxy@424a186 TransitionRequestInfo { type = OPEN, triggerTask = TaskInfo{userId=0 taskId=43 effectiveUid=10172 displayId=0 isRunning=true baseIntent=Intent { act=android.intent.action.MAIN cat=[android.intent.category.LAUNCHER] flg=0x10200000 cmp=com.google.android.youtube/.app.honeycomb.Shell$HomeActivity } baseActivity=ComponentInfo{com.google.android.youtube/com.google.android.apps.youtube.app.watchwhile.MainActivity} topActivity=ComponentInfo{com.google.android.youtube/com.google.android.apps.youtube.app.watchwhile.MainActivity} origActivity=ComponentInfo{com.google.android.youtube/com.google.android.youtube.app.honeycomb.Shell$HomeActivity} realActivity=ComponentInfo{com.google.android.youtube/com.google.android.apps.youtube.app.watchwhile.MainActivity} numActivities=1 lastActiveTime=92766396 supportsMultiWindow=true resizeMode=2 isResizeable=true minWidth=-1 minHeight=-1 defaultMinSize=220 token=WCT{android.os.BinderProxy@916245} topActivityType=1 pictureInPictureParams=null shouldDockBigOverlays=false launchIntoPipHostTaskId=-1 lastParentTaskIdBeforePip=-1 displayCutoutSafeInsets=Rect(0, 0 - 0, 0) topActivityInfo=ActivityInfo{2d8f274 com.google.android.youtube.app.honeycomb.Shell$HomeActivity} launchCookies=[] positionInParent=Point(0, 0) parentTaskId=-1 isFocused=false isVisible=false isVisibleRequested=false isTopActivityNoDisplay=false isSleeping=false locusId=null displayAreaFeatureId=1 isTopActivityTransparent=false isActivityStackTransparent=false lastNonFullscreenBounds=null capturedLink=null capturedLinkTimestamp=0 requestedVisibleTypes=503 topActivityRequestOpenInBrowserEducationTimestamp=0 appCompatTaskInfo=AppCompatTaskInfo { topActivityInSizeCompat=false isLeafTask= true eligibleForLetterboxEducation= false isLetterboxEducationEnabled= true isLetterboxDoubleTapEnabled= false eligibleForUserAspectRatioButton= false topActivityBoundsLetterboxed= false isFromLetterboxDoubleTap= false topActivityLetterboxVerticalPosition= -1 topActivityLetterboxHorizontalPosition= -1 topActivityLetterboxWidth=-1 topActivityLetterboxHeight=-1 topActivityAppBounds=Rect(0, 0 - 1080, 2400) isUserFullscreenOverrideEnabled=false isSystemFullscreenOverrideEnabled=false hasMinAspectRatioOverride=false topActivityLetterboxBounds=null cameraCompatTaskInfo=CameraCompatTaskInfo { cameraCompatMode=inactiveundefined} topNonResizableActivityAspectRatio=-1.0} topActivityMainWindowFrame=null isAppBubble=false}, pipChange = null, remoteTransition = null, displayChange = null, requestedLocation = null, userChange = null, flags = 0, debugId = 23 }
10-21 17:13:28.342   521 12152 W statsd  : StatsPullerManager: Unknown tagId 10115
10-21 17:13:28.345  1055  1178 D ShellSplitScreen: logExit: no-op, mLoggerSessionId is null
10-21 17:13:28.348   767  1000 D BackgroundInstallControlService: Package event received: 0
10-21 17:13:28.357   767  1000 D BackgroundInstallControlService: Package event received: 0
10-21 17:13:28.361 12029 12068 W YouTube : Empty persistent device token received from InnerTube.
10-21 17:13:28.362   767  1000 D BackgroundInstallControlService: Package event received: 0
10-21 17:13:28.365   767  1000 D BackgroundInstallControlService: Package event received: 0
10-21 17:13:28.365   767  1000 D BackgroundInstallControlService: Package event received: 0
10-21 17:13:28.377  1055  1178 W Looper  : Slow dispatch took 44ms wmshell.main app=com.android.systemui main=false group=FOREGROUND h=android.os.Handler c=com.android.wm.shell.transition.Transitions$ShellTransitionImpl$$ExternalSyntheticLambda3@9f6c39d m=0
10-21 17:13:28.378  1055  1178 W Looper  : Slow delivery took 44ms wmshell.main app=com.android.systemui main=false group=FOREGROUND h=android.os.Handler c=android.window.TaskOrganizer$1$$ExternalSyntheticLambda3@6195012 m=0
10-21 17:13:28.379  1643  1643 D BoundBrokerSvc: onBind: Intent { act=com.google.android.gms.measurement.START xflg=0x4 pkg=com.google.android.gms }
10-21 17:13:28.379  1643  1643 D BoundBrokerSvc: Loading bound service for intent: Intent { act=com.google.android.gms.measurement.START xflg=0x4 pkg=com.google.android.gms }
10-21 17:13:28.383 12029 12029 D ViewRootImpl: Skipping stats log for color mode
10-21 17:13:28.386  1055  1178 D WindowManagerShell: onActivityRestartAttempt: topActivity=ComponentInfo{com.google.android.youtube/com.google.android.apps.youtube.app.watchwhile.MainActivity}, wasVisible=false
10-21 17:13:28.387 12209 12209 I Monkey  : ## Network stats: elapsed time=98ms (0ms mobile, 0ms wifi, 98ms not connected)
10-21 17:13:28.390  1197  1197 D b/417220811: invalidateLoadedTasks - previous requestLoadId: -1
10-21 17:13:28.390 12209 12209 I app_process: System.exit called, status: 0
10-21 17:13:28.390 12209 12209 I AndroidRuntime: VM exiting with result code 0.
10-21 17:13:28.423  1055  1285 V SnapshotDrawerUtils: Drawing snapshot surface sizeMismatch=true
10-21 17:13:28.443   521 12152 W statsd  : StatsPullerManager: Unknown tagId 10126
10-21 17:13:28.446   767   898 I EventHub: Removing device Monkey touch due to epoll hang-up event.
10-21 17:13:28.446   767   898 I EventHub: Removed device: path=/dev/input/event14 name=Monkey touch id=26 fd=689 classes=TOUCH | TOUCH_MT
10-21 17:13:28.456   521 12152 W statsd  : StatsPullerManager: Unknown tagId 10129
10-21 17:13:28.457   767  1967 D FileUtils: Rounded bytes from 2061942784 to 4000000000
10-21 17:13:28.458   521 12152 W statsd  : StatsPullerManager: Unknown tagId 10131
10-21 17:13:28.459   521 12152 W statsd  : StatsPullerManager: Unknown tagId 10132
10-21 17:13:28.459   521 12152 W statsd  : StatsPullerManager: Unknown tagId 10133
10-21 17:13:28.459   521 12152 W statsd  : StatsPullerManager: Unknown tagId 10134
10-21 17:13:28.459   521 12152 W statsd  : StatsPullerManager: Unknown tagId 10135
10-21 17:13:28.459   521 12152 W statsd  : StatsPullerManager: Unknown tagId 10136
10-21 17:13:28.459   521 12152 W statsd  : StatsPullerManager: Unknown tagId 10137
10-21 17:13:28.459   521 12152 W statsd  : StatsPullerManager: Unknown tagId 10138
10-21 17:13:28.459   521 12152 W statsd  : StatsPullerManager: Unknown tagId 10139
10-21 17:13:28.459   521 12152 W statsd  : StatsPullerManager: Unknown tagId 10140
10-21 17:13:28.459   521 12152 W statsd  : StatsPullerManager: Unknown tagId 10141
10-21 17:13:28.459   521 12152 W statsd  : StatsPullerManager: Unknown tagId 10142
10-21 17:13:28.459   521 12152 W statsd  : StatsPullerManager: Unknown tagId 10143
10-21 17:13:28.459   521 12152 W statsd  : StatsPullerManager: Unknown tagId 10144
10-21 17:13:28.459   521 12152 W statsd  : StatsPullerManager: Unknown tagId 10145
10-21 17:13:28.459   521 12152 W statsd  : StatsPullerManager: Unknown tagId 10146
10-21 17:13:28.459   521 12152 W statsd  : StatsPullerManager: Unknown tagId 10147
10-21 17:13:28.459   521 12152 W statsd  : StatsPullerManager: Unknown tagId 10149
10-21 17:13:28.472   767   898 I InputReader: Device removed: id=26, eventHubId=26, name='Monkey touch', descriptor='e1fe28b90f915c7d1febbd52c1ef84b3c4cbed9f', sources=TOUCHSCREEN
10-21 17:13:28.479  1055  1178 W Looper  : Drained
10-21 17:13:28.481  1197  1197 D b/417220811: invalidateLoadedTasks - previous requestLoadId: -1
10-21 17:13:28.484  1055  1814 V WindowManagerShell: onTransitionReady(transaction=3294239917965)
10-21 17:13:28.485  1055  1178 V WindowManagerShell: onTransitionReady (#23) android.os.BinderProxy@424a186: {id=23 t=OPEN f=0x0 trk=0 r=[0@Point(0, 0)] c=[
10-21 17:13:28.485  1055  1178 V WindowManagerShell:         {m=TO_FRONT f=MOVE_TO_TOP leash=Surface(name=Task=43#122)/@0x680fc99 sb=Rect(0, 0 - 1080, 2400) eb=Rect(0, 0 - 1080, 2400) epz=Point(1080, 2400) d=0 taskParent=-1 winMode=1 userId=0},
10-21 17:13:28.485  1055  1178 V WindowManagerShell:         {m=TO_BACK f=NONE leash=Surface(name=Task=44#139)/@0x9385b5e sb=Rect(0, 0 - 1080, 2400) eb=Rect(0, 0 - 1080, 2400) epz=Point(1080, 2400) d=0 taskParent=-1 winMode=1 userId=0}
10-21 17:13:28.485  1055  1178 V WindowManagerShell:     ]}
10-21 17:13:28.491   767   898 I EventHub: Removing device '/dev/input/event14' due to inotify event
10-21 17:13:28.508  1055  1178 V WindowManagerShell: Playing animation for (#23) android.os.BinderProxy@424a186@0
10-21 17:13:28.508  1055  1178 V ShellRecents: RecentsTransitionHandler.startAnimation: no controller found
10-21 17:13:28.508  1055  1178 V WindowManagerShell: Transition doesn't have explicit remote, search filters for match for {id=23 t=OPEN f=0x0 trk=0 r=[0@Point(0, 0)] c=[{m=TO_FRONT f=MOVE_TO_TOP leash=Surface(name=Task=43#122)/@0x680fc99 sb=Rect(0, 0 - 1080, 2400) eb=Rect(0, 0 - 1080, 2400) epz=Point(1080, 2400) d=0 taskParent=-1 winMode=1 userId=0},{m=TO_BACK f=NONE leash=Surface(name=Task=44#139)/@0x9385b5e sb=Rect(0, 0 - 1080, 2400) eb=Rect(0, 0 - 1080, 2400) epz=Point(1080, 2400) d=0 taskParent=-1 winMode=1 userId=0}]}
10-21 17:13:28.509  1055  1178 V WindowManagerShell:  Checking filter Pair{{types=[] flags=0x0] notFlags=0x0 checks=[{atype=undefined independent=true modes=[CLOSE,TO_BACK] flags=IN_TASK_WITH_EMBEDDED_ACTIVITY mustBeTask=false order=ANY topActivity=null launchCookie=null taskFragmentToken=android.os.BinderProxy@ec792c6 windowingMode=undefined}]} RemoteTransition { remoteTransition = android.window.IRemoteTransition$Stub$Proxy@4d60287, appThread = android.app.IApplicationThread$Stub$Proxy@f4e65b4, debugName = overlayBackTransition }}
10-21 17:13:28.509  1055  1178 V WindowManagerShell:  Checking filter Pair{{types=[] flags=0x0] notFlags=0x0 checks=[{atype=dream independent=true modes=[OPEN,TO_FRONT] flags=NONE mustBeTask=false order=ANY topActivity=null launchCookie=null windowingMode=undefined},{atype=home independent=true modes=[CLOSE,TO_BACK] flags=NONE mustBeTask=false order=ANY topActivity=null launchCookie=null windowingMode=undefined}]} RemoteTransition { remoteTransition = android.window.IRemoteTransition$Stub$Proxy@49655dd, appThread = android.app.IApplicationThread$Stub$Proxy@81a1552, debugName = LauncherToDream }}
10-21 17:13:28.509  1055  1178 V WindowManagerShell:  Checking filter Pair{{types=[] flags=0x0] notFlags=0x100 checks=[{atype=home independent=true modes=[OPEN,TO_FRONT] flags=NONE mustBeTask=false order=TOP topActivity=ComponentInfo{com.google.android.apps.nexuslauncher/com.google.android.apps.nexuslauncher.NexusLauncherActivity} launchCookie=null windowingMode=undefined},{atype=standard independent=true modes=[CLOSE,TO_BACK] flags=NONE mustBeTask=false order=ANY topActivity=null launchCookie=null windowingMode=undefined},{NOT atype=undefined independent=true modes=[] flags=NONE mustBeTask=true order=ANY topActivity=null launchCookie=null customAnim=true windowingMode=undefined}]} RemoteTransition { remoteTransition = android.window.IRemoteTransition$Stub$Proxy@5064023, appThread = android.app.IApplicationThread$Stub$Proxy@9462920, debugName = QuickstepLaunchHome }}
10-21 17:13:28.509  1055  1178 V WindowManagerShell:  Delegate animation for (#23) to null
10-21 17:13:28.509  1055  1178 V WindowManagerShell: start default transition animation, info = {id=23 t=OPEN f=0x0 trk=0 r=[0@Point(0, 0)] c=[{m=TO_FRONT f=MOVE_TO_TOP leash=Surface(name=Task=43#122)/@0x680fc99 sb=Rect(0, 0 - 1080, 2400) eb=Rect(0, 0 - 1080, 2400) epz=Point(1080, 2400) d=0 taskParent=-1 winMode=1 userId=0},{m=TO_BACK f=NONE leash=Surface(name=Task=44#139)/@0x9385b5e sb=Rect(0, 0 - 1080, 2400) eb=Rect(0, 0 - 1080, 2400) epz=Point(1080, 2400) d=0 taskParent=-1 winMode=1 userId=0}]}
10-21 17:13:28.519   521 12152 W statsd  : StatsPullerManager: Unknown tagId 10153
10-21 17:13:28.519   521 12152 W statsd  : StatsPullerManager: Unknown tagId 10154
10-21 17:13:28.519   521 12152 W statsd  : StatsPullerManager: Unknown tagId 10155
10-21 17:13:28.522  1055  1178 V WindowManagerShell: loadAnimation: anim=android.view.animation.AnimationSet@6c1c0c animAttr=0x9 type=OPEN isEntrance=false
10-21 17:13:28.529  1055  1178 V WindowManagerShell: loadAnimation: anim=android.view.animation.AnimationSet@bdbc955 animAttr=0x8 type=OPEN isEntrance=true
10-21 17:13:28.531   767   802 D WindowManager: Direct invocation of sendNewConfiguration: Display{#0 state=ON size=1080x2400 ROTATION_0}
10-21 17:13:28.534   767   799 V WindowManager: Sent Transition (#23) createdAt=10-21 17:13:28.317 via request=TransitionRequestInfo { type = OPEN, triggerTask = TaskInfo{userId=0 taskId=43 effectiveUid=10172 displayId=0 isRunning=true baseIntent=Intent { act=android.intent.action.MAIN cat=[android.intent.category.LAUNCHER] flg=0x10200000 cmp=com.google.android.youtube/.app.honeycomb.Shell$HomeActivity } baseActivity=ComponentInfo{com.google.android.youtube/com.google.android.apps.youtube.app.watchwhile.MainActivity} topActivity=ComponentInfo{com.google.android.youtube/com.google.android.apps.youtube.app.watchwhile.MainActivity} origActivity=ComponentInfo{com.google.android.youtube/com.google.android.youtube.app.honeycomb.Shell$HomeActivity} realActivity=ComponentInfo{com.google.android.youtube/com.google.android.apps.youtube.app.watchwhile.MainActivity} numActivities=1 lastActiveTime=92766396 supportsMultiWindow=true resizeMode=2 isResizeable=true minWidth=-1 minHeight=-1 defaultMinSize=220 token=WCT{RemoteToken{da27fa Task{5e5918d #43 type=standard A=10172:com.google.android.youtube}}} topActivityType=1 pictureInPictureParams=null shouldDockBigOverlays=false launchIntoPipHostTaskId=-1 lastParentTaskIdBeforePip=-1 displayCutoutSafeInsets=Rect(0, 0 - 0, 0) topActivityInfo=ActivityInfo{a6d61ab com.google.android.youtube.app.honeycomb.Shell$HomeActivity} launchCookies=[] positionInParent=Point(0, 0) parentTaskId=-1 isFocused=false isVisible=false isVisibleRequested=false isTopActivityNoDisplay=false isSleeping=false locusId=null displayAreaFeatureId=1 isTopActivityTransparent=false isActivityStackTransparent=false lastNonFullscreenBounds=null capturedLink=null capturedLinkTimestamp=0 requestedVisibleTypes=503 topActivityRequestOpenInBrowserEducationTimestamp=0 appCompatTaskInfo=AppCompatTaskInfo { topActivityInSizeCompat=false isLeafTask= true eligibleForLetterboxEducation= false isLetterboxEducationEnabled= true isLetterboxDoubleTapEnabled= false eligibleForUserAspectRatioButton= false topActivityBoundsLetterboxed= false isFromLetterboxDoubleTap= false topActivityLetterboxVerticalPosition= -1 topActivityLetterboxHorizontalPosition= -1 topActivityLetterboxWidth=-1 topActivityLetterboxHeight=-1 topActivityAppBounds=Rect(0, 0 - 1080, 2400) isUserFullscreenOverrideEnabled=false isSystemFullscreenOverrideEnabled=false hasMinAspectRatioOverride=false topActivityLetterboxBounds=null cameraCompatTaskInfo=CameraCompatTaskInfo { cameraCompatMode=inactiveundefined} topNonResizableActivityAspectRatio=-1.0} topActivityMainWindowFrame=null isAppBubble=false}, pipChange = null, remoteTransition = null, displayChange = null, requestedLocation = null, userChange = null, flags = 0, debugId = 23 }
10-21 17:13:28.534   767   799 V WindowManager:     startWCT=WindowContainerTransaction { changes= {} hops= [] errorCallbackToken=null taskFragmentOrganizer=null }
10-21 17:13:28.534   767   799 V WindowManager:     info={id=23 t=OPEN f=0x0 trk=0 r=[0@Point(0, 0)] c=[
10-21 17:13:28.534   767   799 V WindowManager:         {WCT{RemoteToken{da27fa Task{5e5918d #43 type=standard A=10172:com.google.android.youtube}}} m=TO_FRONT f=MOVE_TO_TOP leash=Surface(name=Task=43#122)/@0xf4c41ec sb=Rect(0, 0 - 1080, 2400) eb=Rect(0, 0 - 1080, 2400) epz=Point(1080, 2400) d=0 taskParent=-1 winMode=1 userId=0},
10-21 17:13:28.534   767   799 V WindowManager:         {WCT{RemoteToken{dfe757c Task{128f37 #44 type=standard A=10163:com.google.android.deskclock}}} m=TO_BACK f=NONE leash=Surface(name=Task=44#139)/@0xac53784 sb=Rect(0, 0 - 1080, 2400) eb=Rect(0, 0 - 1080, 2400) epz=Point(1080, 2400) d=0 taskParent=-1 winMode=1 userId=0}
10-21 17:13:28.534   767   799 V WindowManager:     ]}
10-21 17:13:28.536   767   802 W libbinder.IPCThreadState: Sending oneway calls to frozen process.
10-21 17:13:28.536  1197  1197 D TouchInteractionService: disposeEventHandlers: Reason: Initializing input monitor due to: onTrackpadConnected() instance=177253505
10-21 17:13:28.537  1055  1178 V WindowManagerShell:  animated by com.android.wm.shell.transition.DefaultTransitionHandler@48ec040
10-21 17:13:28.537  1055  1178 W Looper  : Slow dispatch took 53ms wmshell.main app=com.android.systemui main=false group=FOREGROUND h=android.os.Handler c=com.android.wm.shell.transition.Transitions$TransitionPlayerImpl$$ExternalSyntheticLambda1@71e7836 m=0
10-21 17:13:28.539  1197  1197 D InputMonitorCompat: Input event receiver for monitor (swipe-up-disp0) disposed
10-21 17:13:28.539   767   897 W InputDispatcher: channel '[Gesture Monitor] swipe-up' ~ Consumer closed input channel or an error occurred.  events=0x9
10-21 17:13:28.539   767   897 E InputDispatcher: channel '[Gesture Monitor] swipe-up' ~ Channel is unrecoverably broken and will be disposed!
10-21 17:13:28.540  1197  1197 D InputMonitorCompat: Input monitor (swipe-up-disp0) disposed
10-21 17:13:28.543  1055  1055 D NavigationModeController: getCurrentUserContext: contextUser=0 currentUser=0
10-21 17:13:28.560   767   935 D SafetyCenterPullAtom: Pulling and writing atoms…
10-21 17:13:28.562  1197  1197 D InputMonitorCompat: Input monitor (swipe-up-disp0) created
10-21 17:13:28.562  1197  1197 D InputMonitorCompat: Input event receiver for monitor (swipe-up-disp0) created
10-21 17:13:28.573   767   802 W PermissionService: getPermissionFlags: Unknown user -1
10-21 17:13:28.573   767   802 W PermissionService: getPermissionFlags: Unknown user -1
10-21 17:13:28.607 12029 12029 W WindowOnBackDispatcher: OnBackInvokedCallback is not enabled for the application.
10-21 17:13:28.607 12029 12029 W WindowOnBackDispatcher: Set 'android:enableOnBackInvokedCallback="true"' in the application manifest.
10-21 17:13:28.651   521 12152 W statsd  : StatsPullerManager: Unknown tagId 10157
10-21 17:13:28.651   521 12152 W statsd  : StatsPullerManager: Unknown tagId 10158
10-21 17:13:28.664 12029 12033 I android.youtube: Background concurrent mark compact GC freed 2145KB AllocSpace bytes, 21(484KB) LOS objects, 49% free, 14MB/29MB, paused 4.798ms,3.523ms total 291.228ms
10-21 17:13:28.675   521 12152 W statsd  : StatsPullerManager: Unknown tagId 10162
10-21 17:13:28.676   767   949 D ConnectivitySampleMetricsHelper: Sampling data for atom : 10163
10-21 17:13:28.690   521 12152 W statsd  : StatsPullerManager: Unknown tagId 10164
10-21 17:13:28.692   521 12152 W statsd  : StatsPullerManager: Unknown tagId 10168
10-21 17:13:28.692   521 12152 W statsd  : StatsPullerManager: Unknown tagId 10169
10-21 17:13:28.692   521 12152 W statsd  : StatsPullerManager: Unknown tagId 10170
10-21 17:13:28.708   521 12152 W statsd  : StatsPullerManager: Unknown tagId 10174
10-21 17:13:28.719   521 12152 W statsd  : StatsPullerManager: Unknown tagId 10176
10-21 17:13:28.728   521 12152 W statsd  : StatsPullerManager: Unknown tagId 10199
10-21 17:13:28.741   521 12152 W statsd  : StatsPullerManager: Unknown tagId 10192
10-21 17:13:28.778 12029 12136 E YouTube : There was an error
10-21 17:13:28.778 12029 12136 E YouTube : yvs
10-21 17:13:28.778 12029 12136 E YouTube : 	at dzw.run(PG:578)
10-21 17:13:28.778 12029 12136 E YouTube : 	at amvv.run(PG:21)
10-21 17:13:28.778 12029 12136 E YouTube : 	at qxs.run(PG:7)
10-21 17:13:28.778 12029 12136 E YouTube : 	at anzd.run(PG:50)
10-21 17:13:28.778 12029 12136 E YouTube : 	at qzi.run(PG:561)
10-21 17:13:28.778 12029 12136 E YouTube : 	at qxk.run(PG:620)
10-21 17:13:28.778 12029 12136 E YouTube : 	at java.lang.Thread.run(Thread.java:1563)
10-21 17:13:28.778 12029 12136 E YouTube : 	at qyo.run(PG:63)
10-21 17:13:28.852  1730  2423 W AiAiEcho: LyftNotificationParser Ridesharing ETA not enabled
10-21 17:13:28.853  1730  2423 I AiAiEcho: SmartspaceNotificationPredictor no parser can handle this notification or notification is invalid
10-21 17:13:28.972  1730  1730 W AiAiVC  : Unexpected capture event type: 11
10-21 17:13:29.015  1055  1256 W Looper  : Slow dispatch took 34ms wmshell.anim app=com.android.systemui main=false group=FOREGROUND h=android.view.Choreographer$FrameHandler c=android.view.Choreographer$FrameDisplayEventReceiver@43c5758 m=0
10-21 17:13:29.052   521 12152 W statsd  : StatsPullerManager: Unknown tagId 10191
10-21 17:13:29.063   767  2053 W JobScheduler: Job didn't exist in JobStore: 7d41257 {androidx.work.systemjobscheduler} #u0a172/331 #IdentityStoreBackfillTask#@androidx.work.systemjobscheduler@com.google.android.youtube/androidx.work.impl.background.systemjob.SystemJobService
10-21 17:13:29.069  1055  1178 V WindowManagerShell: Transition animation finished (aborted=false), notifying core (#23) android.os.BinderProxy@424a186@0
10-21 17:13:29.074   767   799 V WindowManager: Finish Transition (#23): created at 10-21 17:13:28.317 collect-started=0.076ms request-sent=11.755ms started=57.602ms ready=57.588ms sent=153.881ms commit=74.561ms finished=754.802ms
10-21 17:13:29.075  1055  1178 V WindowManagerShell: Track 0 became idle
10-21 17:13:29.076  1055  1178 V WindowManagerShell: All active transition animations finished
10-21 17:13:29.080   521 12152 W statsd  : StatsPullerManager: Unknown tagId 10226
10-21 17:13:29.080   521 12152 W statsd  : StatsPullerManager: Unknown tagId 10221
10-21 17:13:29.080   521 12152 W statsd  : StatsPullerManager: Unknown tagId 10222
10-21 17:13:29.081   521 12152 W statsd  : StatsPullerManager: Unknown tagId 10224
10-21 17:13:29.081   521 12152 W statsd  : StatsPullerManager: Unknown tagId 10180
10-21 17:13:29.081   521 12152 W statsd  : StatsPullerManager: Unknown tagId 10207
10-21 17:13:29.081   521 12152 W statsd  : StatsPullerManager: Unknown tagId 10177
10-21 17:13:29.081   521 12152 W statsd  : StatsPullerManager: Unknown tagId 10178
10-21 17:13:29.081   521 12152 W statsd  : StatsPullerManager: Unknown tagId 10179
10-21 17:13:29.081   521 12152 W statsd  : StatsPullerManager: Unknown tagId 10182
10-21 17:13:29.081   521 12152 W statsd  : StatsPullerManager: Unknown tagId 10183
10-21 17:13:29.081   521 12152 W statsd  : StatsPullerManager: Unknown tagId 10184
10-21 17:13:29.081   521 12152 W statsd  : StatsPullerManager: Unknown tagId 10185
10-21 17:13:29.081   521 12152 W statsd  : StatsPullerManager: Unknown tagId 10186
10-21 17:13:29.081   521 12152 W statsd  : StatsPullerManager: Unknown tagId 10187
10-21 17:13:29.081   521 12152 W statsd  : StatsPullerManager: Unknown tagId 10211
10-21 17:13:29.081   521 12152 W statsd  : StatsPullerManager: Unknown tagId 10212
10-21 17:13:29.081   521 12152 W statsd  : StatsPullerManager: Unknown tagId 10213
10-21 17:13:29.081   521 12152 W statsd  : StatsPullerManager: Unknown tagId 10214
10-21 17:13:29.081   521 12152 W statsd  : StatsPullerManager: Unknown tagId 10215
10-21 17:13:29.081   521 12152 W statsd  : StatsPullerManager: Unknown tagId 10219
10-21 17:13:29.114   767   857 I UwbServiceImpl: getUwbActivityEnergyInfoAsync uid=1000
10-21 17:13:29.120   767   906 I ImeTracker: com.google.android.youtube:e76b378d: onRequestHide at ORIGIN_SERVER reason HIDE_UNSPECIFIED_WINDOW fromUser false
10-21 17:13:29.123   767  1041 W System.err: java.lang.IllegalStateException: Uwb is not enabled
10-21 17:13:29.163   767  2053 I ImeTracker: system_server:f7ea136f: onRequestHide at ORIGIN_SERVER reason IME_REQUESTED_CHANGED_LISTENER fromUser false
10-21 17:13:29.163  1589  1589 I GoogleInputMethodService: GoogleInputMethodService.onFinishInput():1984 
10-21 17:13:29.164 12169 12169 D VRI[DeskClock]: visibilityChanged oldVisibility=true newVisibility=false
10-21 17:13:29.173  1643 12247 D AdvertisingIdClient: AdvertisingIdClient already created.
10-21 17:13:29.173  1643 12247 D AdvertisingIdClient: AdvertisingIdClient is not bounded. Starting to bind it...
10-21 17:13:29.208   767   802 I ImeTracker: system_server:f7ea136f: onCancelled at PHASE_SERVER_SHOULD_HIDE
10-21 17:13:29.209  1589  1589 I Module  : DeviceLockedStatusModuleProvider$Module.updateDeviceLockedStatus():100 repeatCheckTimes = 0, locked = false
10-21 17:13:29.218  1589  1589 I GoogleInputMethodService: GoogleInputMethodService.onStartInput():1248 onStartInput(EditorInfo{EditorInfo{packageName=com.google.android.youtube, inputType=0, inputTypeString=NULL, enableLearning=false, autoCorrection=false, autoComplete=false, imeOptions=0, privateImeOptions=null, actionName=UNSPECIFIED, actionLabel=null, initialSelStart=-1, initialSelEnd=-1, initialCapsMode=0, label=null, fieldId=0, fieldName=null, extras=null, hintText=null, hintLocales=[]}}, false)
10-21 17:13:29.224  1589  1589 I Module  : DeviceLockedStatusModuleProvider$Module.updateDeviceLockedStatus():100 repeatCheckTimes = 1, locked = false
10-21 17:13:29.225   767  2053 W PackageConfigPersister: App-specific configuration not found for packageName: com.google.android.youtube and userId: 0
10-21 17:13:29.308   767  1041 W System.err: 	at com.android.server.uwb.UwbServiceCore.getSpecificationInfo(UwbServiceCore.java:674)
10-21 17:13:29.310   767  1041 W System.err: 	at com.android.server.uwb.UwbServiceCore.getUwbActivityEnergyInfo(UwbServiceCore.java:1567)
10-21 17:13:29.310   767  1041 W System.err: 	at com.android.server.uwb.UwbServiceCore.invokeUwbActivityEnergyInfoListener(UwbServiceCore.java:1558)
10-21 17:13:29.310   767  1041 W System.err: 	at com.android.server.uwb.UwbServiceCore.-$$Nest$minvokeUwbActivityEnergyInfoListener(UwbServiceCore.java:0)
10-21 17:13:29.310   767  1041 W System.err: 	at com.android.server.uwb.UwbServiceCore$UwbTask.handleMessage(UwbServiceCore.java:1255)
10-21 17:13:29.310   767  1041 W System.err: 	at android.os.Handler.dispatchMessage(Handler.java:132)
10-21 17:13:29.310   767  1041 W System.err: 	at android.os.Looper.dispatchMessage(Looper.java:333)
10-21 17:13:29.310   767  1041 W System.err: 	at android.os.Looper.loopOnce(Looper.java:263)
10-21 17:13:29.310   767  1041 W System.err: 	at android.os.Looper.loop(Looper.java:367)
10-21 17:13:29.310   767  1041 W System.err: 	at android.os.HandlerThread.run(HandlerThread.java:139)
10-21 17:13:29.315   521 12152 W statsd  : StatsPullerManager: Unknown tagId 10196
10-21 17:13:29.315   521 12152 W statsd  : StatsPullerManager: Unknown tagId 10197
10-21 17:13:29.315   521 12152 W statsd  : StatsPullerManager: Unknown tagId 10206
10-21 17:13:29.315   521 12152 W statsd  : StatsPullerManager: Unknown tagId 10225
10-21 17:13:29.315   521 12152 W statsd  : StatsPullerManager: Unknown tagId 10227
10-21 17:13:29.315   521 12152 W statsd  : StatsPullerManager: Unknown tagId 10190
10-21 17:13:29.319  1643 12247 D AdvertisingIdClient: AdvertisingIdClient is bounded
10-21 17:13:29.324  1643 12247 I AdvertisingIdClient: shouldSendLog -1
10-21 17:13:29.325  1643 12247 I AdvertisingIdClient: GetInfoInternal elapse 151ms
10-21 17:13:29.329  1379  1379 D BoundBrokerSvc: onRebind: Intent { act=com.google.android.gms.common.telemetry.service.START dat=chimera-action:/... xflg=0x4 cmp=com.google.android.gms/.chimera.PersistentApiService }
10-21 17:13:29.337 12029 12029 D InsetsController: hide(ime())
10-21 17:13:29.337 12029 12029 I ImeTracker: com.google.android.youtube:e76b378d: onCancelled at PHASE_CLIENT_ALREADY_HIDDEN
10-21 17:13:29.339  1643  1643 I AdvertisingIdClient: getting error as 17: API: ClientTelemetry.API is not available on this device. Connection failed with: ConnectionResult{statusCode=API_DISABLED, resolution=null, message=null, clientMethodKey=null}
10-21 17:13:29.359   767  1029 W ImageReader_JNI: Unable to acquire a buffer item, very likely client tried to acquire more than maxImages buffers
10-21 17:13:29.399   767  1837 E TaskPersister: File error accessing recents directory (directory doesn't exist?).
10-21 17:13:29.403 12169 12169 I AlarmClock: Fold: Stopped watching com.android.deskclock.DeskClock for fold changes
10-21 17:13:29.405 12169 12169 V AppLifecycleTracker: App transition to background
10-21 17:13:29.421 12169 12169 V AppLifecycleTracker: App foreground state unchanged: inForeground ? false
10-21 17:13:29.422  1730  1730 W AiAiVC  : Unexpected capture event type: 11
10-21 17:13:29.424   767  1000 D BackgroundInstallControlService: Package event received: 0
10-21 17:13:29.452 12169 12190 V BatteryMetricServiceImp: log start: StatsRecord:
10-21 17:13:29.452 12169 12190 V BatteryMetricServiceImp:   elapsed: 92766945
10-21 17:13:29.452 12169 12190 V BatteryMetricServiceImp:   current: 1761038006325
10-21 17:13:29.452 12169 12190 V BatteryMetricServiceImp:   Primes version: 528623823
10-21 17:13:29.452 12169 12190 V BatteryMetricServiceImp:   version name #: -2067195652
10-21 17:13:29.452 12169 12190 V BatteryMetricServiceImp:   customName: null
10-21 17:13:29.452 12169 12190 V BatteryMetricServiceImp: 
10-21 17:13:29.452 12169 12190 V BatteryMetricServiceImp: end: StatsRecord:
10-21 17:13:29.452 12169 12190 V BatteryMetricServiceImp:   elapsed: 92770036
10-21 17:13:29.452 12169 12190 V BatteryMetricServiceImp:   current: 1761038009417
10-21 17:13:29.452 12169 12190 V BatteryMetricServiceImp:   Primes version: 528623823
10-21 17:13:29.452 12169 12190 V BatteryMetricServiceImp:   version name #: -2067195652
10-21 17:13:29.452 12169 12190 V BatteryMetricServiceImp:   customName: null
10-21 17:13:29.452 12169 12190 V BatteryMetricServiceImp: 
10-21 17:13:29.574 12169 12185 D DeferrableExecutor: DeferrableExecutor unblocked after onResume
10-21 17:13:29.577 12169 12190 V ClearcutMetricSnapshotT: Sending Primes trace: # hhg@c2ba8a6b
10-21 17:13:29.578 12169 12190 V ClearcutMetricSnapshotT: KjcKHGNvbS5nb29nbGUuYW5kcm9pZC5kZXNrY2xvY2sSDzcuNSAoNTYzMTM3OTk2KRgBIM/RiPwBggFQCZu0daK8HdaLGAIyQwjygZ4sGNcBINoBKJgDSLcKWABiFAoJRGVza0Nsb2NrEM0DGJwFIOcFcAB4TKABtwqoAY8KsAECuAG3CsABjwrIAQG6AQoI0MfyARDgnPMC8gECGAI=
10-21 17:13:29.580 12169 12185 V ClearcutMetricSnapshotT: Sending Primes unknown: # hhg@73f13c4f
10-21 17:13:29.580 12169 12185 V ClearcutMetricSnapshotT: KjcKHGNvbS5nb29nbGUuYW5kcm9pZC5kZXNrY2xvY2sSDzcuNSAoNTYzMTM3OTk2KRgBIM/RiPwBugEKCNDH8gEQ4JzzAvIBAhgCggIMEggIBggECAUIAxgB
10-21 17:13:29.609 12169 12178 V ClearcutMetricXmitter: Transmission is done.
10-21 17:13:29.609 12169 12244 V ClearcutMetricXmitter: Transmission is done.
10-21 17:13:29.671 12250 12250 D AndroidRuntime: >>>>>> START com.android.internal.os.RuntimeInit uid 0 <<<<<<
10-21 17:13:29.683 12250 12250 I AndroidRuntime: Using default boot image
10-21 17:13:29.683 12250 12250 I AndroidRuntime: Leaving lock profiling enabled
10-21 17:13:29.686 12250 12250 I app_process: Core platform API reporting enabled by runtime option
10-21 17:13:29.686 12250 12250 I app_process: Using CollectorTypeCMC GC.
10-21 17:13:29.797 12250 12250 D nativeloader: InitDefaultPublicLibraries for_preload=1: libandroid.so:libaaudio.so:libamidi.so:libbinder_ndk.so:libc.so:libcamera2ndk.so:libdl.so:libEGL.so:libGLESv1_CM.so:libGLESv2.so:libGLESv3.so:libicu.so:libicui18n.so:libicuuc.so:libjnigraphics.so:liblog.so:libmediandk.so:libm.so:libnativehelper.so:libnativewindow.so:libOpenMAXAL.so:libOpenSLES.so:libRS.so:libstdc++.so:libsync.so:libvulkan.so:libwebviewchromium_plat_support.so:libz.so
10-21 17:13:29.821 12250 12250 D nativeloader: Load libicu_jni.so using APEX ns com_android_art for caller /apex/com.android.art/javalib/core-oj.jar: ok
10-21 17:13:29.821 12250 12250 D app_process: u_setTimeZoneFilesDirectory("/apex/com.android.tzdata/etc/tz/versioned/9/icu") succeeded. 
10-21 17:13:29.821 12250 12250 D app_process: I18n APEX ICU file found: /apex/com.android.i18n/etc/icu/icudt76l.dat
10-21 17:13:29.824 12250 12250 D nativeloader: Load libjavacore.so using APEX ns com_android_art for caller /apex/com.android.art/javalib/core-oj.jar: ok
10-21 17:13:29.826 12250 12250 D nativeloader: Load libopenjdk.so using APEX ns com_android_art for caller /apex/com.android.art/javalib/core-oj.jar: ok
10-21 17:13:29.828 12250 12250 I app_process: Priority-to-niceness mapping: 19, 16, 13, 10, 0, -2, -4, -5, -6, -8
10-21 17:13:29.828 12250 12250 W app_process: Unexpected CPU variant for x86: x86_64.
10-21 17:13:29.828 12250 12250 W app_process: Known variants: atom, sandybridge, silvermont, goldmont, goldmont-plus, goldmont-without-sha-xsaves, tremont, kabylake, alderlake, default
10-21 17:13:29.882 12250 12250 D nativeloader: Load libframework-connectivity-tiramisu-jni.so using APEX ns com_android_tethering for caller /apex/com.android.tethering/javalib/framework-connectivity-t.jar: ok
10-21 17:13:29.882 12250 12250 D AndroidRuntime: Calling main entry com.android.commands.monkey.Monkey
10-21 17:13:29.883 12250 12250 D nativeloader: Load /system/lib64/libmonkey_jni.so using ns default for caller /system/framework/monkey.jar in same partition (is_bridged=0): ok
10-21 17:13:29.883 12250 12250 W Monkey  : args: [-p, com.google.android.dialer, -c, android.intent.category.LAUNCHER, 1]
10-21 17:13:29.889 12250 12250 I AconfigPackage: android.media.swcodec.flags is mapped to com.android.media.swcodec
10-21 17:13:29.889 12250 12250 I AconfigPackage: com.android.permission.flags is mapped to com.android.permission
10-21 17:13:29.889 12250 12250 I AconfigPackage: com.android.permissioncontroller.flags is mapped to com.android.permission
10-21 17:13:29.889 12250 12250 I AconfigPackage: com.android.icu is mapped to com.android.i18n
10-21 17:13:29.890 12250 12250 I AconfigPackage: com.android.appsearch.flags is mapped to com.android.appsearch
10-21 17:13:29.890 12250 12250 I AconfigPackage: android.uprobestats.mainline.flags is mapped to com.android.uprobestats
10-21 17:13:29.890 12250 12250 I AconfigPackage: com.android.crashrecovery.flags is mapped to com.android.crashrecovery
10-21 17:13:29.891 12250 12250 I AconfigPackage: android.provider.flags is mapped to com.android.configinfrastructure
10-21 17:13:29.891 12250 12250 I AconfigPackage: com.android.server.deviceconfig is mapped to com.android.configinfrastructure
10-21 17:13:29.891 12250 12250 I AconfigPackage: com.android.compos.flags is mapped to com.android.compos
10-21 17:13:29.891 12250 12250 I AconfigPackage: com.android.art.flags is mapped to com.android.art
10-21 17:13:29.891 12250 12250 I AconfigPackage: com.android.art.rw.flags is mapped to com.android.art
10-21 17:13:29.891 12250 12250 I AconfigPackage: com.android.libcore is mapped to com.android.art
10-21 17:13:29.892 12250 12250 I AconfigPackage: com.android.telephony.flags is mapped to com.android.telephonycore
10-21 17:13:29.892 12250 12250 I AconfigPackage: com.android.media.extractor.flags is mapped to com.android.media
10-21 17:13:29.892 12250 12250 I AconfigPackage: com.android.media.mainline.flags is mapped to com.android.media
10-21 17:13:29.892 12250 12250 I AconfigPackage: com.android.wifi.flags is mapped to com.android.wifi
10-21 17:13:29.892 12250 12250 I AconfigPackage: com.android.org.conscrypt.flags is mapped to com.android.conscrypt
10-21 17:13:29.892 12250 12250 I AconfigPackage: com.android.org.conscrypt.net.flags is mapped to com.android.conscrypt
10-21 17:13:29.892 12250 12250 I AconfigPackage: com.android.healthfitness.flags is mapped to com.android.healthfitness
10-21 17:13:29.893 12250 12250 I AconfigPackage: com.android.ipsec.flags is mapped to com.android.ipsec
10-21 17:13:29.893 12250 12250 I AconfigPackage: com.android.nfc.module.flags is mapped to com.android.nfcservices
10-21 17:13:29.893 12250 12250 I AconfigPackage: com.android.adservices.ondevicepersonalization.flags is mapped to com.android.ondevicepersonalization
10-21 17:13:29.893 12250 12250 I AconfigPackage: com.android.adbd.flags is mapped to com.android.adbd
10-21 17:13:29.894 12250 12250 I AconfigPackage: com.android.bluetooth.flags is mapped to com.android.bt
10-21 17:13:29.894 12250 12250 I AconfigPackage: com.android.devicelock.flags is mapped to com.android.devicelock
10-21 17:13:29.894 12250 12250 I AconfigPackage: android.os.profiling is mapped to com.android.profiling
10-21 17:13:29.894 12250 12250 I AconfigPackage: android.os.profiling.anomaly.flags is mapped to com.android.profiling
10-21 17:13:29.894 12250 12250 I AconfigPackage: com.android.os.statsd.flags is mapped to com.android.os.statsd
10-21 17:13:29.895 12250 12250 I AconfigPackage: com.android.rkpd.flags is mapped to com.android.rkpd
10-21 17:13:29.895 12250 12250 I AconfigPackage: com.android.cellbroadcastreceiver.flags is mapped to com.android.cellbroadcast
10-21 17:13:29.895 12250 12250 I AconfigPackage: com.android.adservices.flags is mapped to com.android.adservices
10-21 17:13:29.895 12250 12250 I AconfigPackage: com.android.sdksandbox.flags is mapped to com.android.adservices
10-21 17:13:29.895 12250 12250 I AconfigPackage: com.android.uwb.flags is mapped to com.android.uwb
10-21 17:13:29.895 12250 12250 I AconfigPackage: com.android.ranging.flags is mapped to com.android.uwb
10-21 17:13:29.896 12250 12250 I AconfigPackage: android.graphics.pdf.flags is mapped to com.android.mediaprovider
10-21 17:13:29.896 12250 12250 I AconfigPackage: com.android.providers.media.flags is mapped to com.android.mediaprovider
10-21 17:13:29.896 12250 12250 I AconfigPackage: android.graphics.pdf.flags.readonly is mapped to com.android.mediaprovider
10-21 17:13:29.896 12250 12250 I AconfigPackage: com.android.net.ct.flags is mapped to com.android.tethering
10-21 17:13:29.896 12250 12250 I AconfigPackage: com.android.tethering.mainline.beta is mapped to com.android.tethering
10-21 17:13:29.896 12250 12250 I AconfigPackage: com.android.net.flags is mapped to com.android.tethering
10-21 17:13:29.896 12250 12250 I AconfigPackage: com.android.nearby.flags is mapped to com.android.tethering
10-21 17:13:29.896 12250 12250 I AconfigPackage: android.net.vcn is mapped to com.android.tethering
10-21 17:13:29.896 12250 12250 I AconfigPackage: com.android.tethering.beta.test is mapped to com.android.tethering
10-21 17:13:29.896 12250 12250 I AconfigPackage: android.net.http is mapped to com.android.tethering
10-21 17:13:29.896 12250 12250 I AconfigPackage: com.android.net.thread.flags is mapped to com.android.tethering
10-21 17:13:29.896 12250 12250 I AconfigPackage: com.android.system.virtualmachine.flags is mapped to com.android.virt
10-21 17:13:29.896 12250 12250 E FeatureFlagsImplExport: android.os.flagging.AconfigStorageReadException: ERROR_PACKAGE_NOT_FOUND: package android.xr cannot be found on the device
10-21 17:13:29.902 12250 12250 W Monkey  :  arg: "-p"
10-21 17:13:29.902 12250 12250 W Monkey  :  arg: "com.google.android.dialer"
10-21 17:13:29.902 12250 12250 W Monkey  :  arg: "-c"
10-21 17:13:29.902 12250 12250 W Monkey  :  arg: "android.intent.category.LAUNCHER"
10-21 17:13:29.902 12250 12250 W Monkey  :  arg: "1"
10-21 17:13:29.902 12250 12250 W Monkey  : data="com.google.android.dialer"
10-21 17:13:29.902 12250 12250 W Monkey  : data="android.intent.category.LAUNCHER"
10-21 17:13:29.903   767   898 D EventHub: No input device configuration file found for device 'Monkey touch'.
10-21 17:13:29.942     0     0 I input   : Monkey touch as /devices/virtual/input/input27
10-21 17:13:29.905   767   898 I EventHub: usingClockIoctl=true
10-21 17:13:29.905   767   898 I EventHub: New device: id=27, fd=664, path='/dev/input/event14', name='Monkey touch', classes=TOUCH | TOUCH_MT, configuration='', keyLayout='', keyCharacterMap='', builtinKeyboard=false, 
10-21 17:13:29.910   767   898 I InputReader: Device reconfigured: id=27, name='Monkey touch', size 1080x2400, orientation Rotation0, mode DIRECT, display id 0
10-21 17:13:29.911   767   898 I InputReader: Device added: id=27, eventHubId=27, name='Monkey touch', descriptor='e1fe28b90f915c7d1febbd52c1ef84b3c4cbed9f',sources=TOUCHSCREEN
10-21 17:13:29.919   767   802 D WindowManager: Direct invocation of sendNewConfiguration: Display{#0 state=ON size=1080x2400 ROTATION_0}
10-21 17:13:29.923   767   802 W libbinder.IPCThreadState: Sending oneway calls to frozen process.
10-21 17:13:29.931   767  2053 W ActivityManager: registerReceiverWithFeature: no app for null
10-21 17:13:29.941   767  2053 W ActivityTaskManager: callingPackage for (uid=0, pid=12250) has no WPC
10-21 17:13:29.942   767  2053 V WindowManager: DesktopModeLaunchParamsModifier: phase= 0 task=null activity=null display-area-from-current-params=null display-area-from-default-fallback=DefaultTaskDisplayArea@155435942 display-id=0 task-display-area-windowing-mode=1 suggested-display-area=DefaultTaskDisplayArea@155435942 task null, skipping
10-21 17:13:29.942   767  2053 V WindowManager: TaskLaunchParamsModifier:phase=0 task=null activity=null display-area-from-current-params=null display-area-from-default-fallback=DefaultTaskDisplayArea@155435942 display-id=0 task-display-area-windowing-mode=1 suggested-display-area=DefaultTaskDisplayArea@155435942
10-21 17:13:29.945   767  2053 V WindowManager: DesktopModeLaunchParamsModifier: phase= 0 task=null activity=ActivityRecord{126603270 u0 com.google.android.dialer/.extensions.GoogleDialtactsActivity display-area-from-current-params=null display-area-for-record=DefaultTaskDisplayArea@155435942 display-id=0 task-display-area-windowing-mode=1 suggested-display-area=DefaultTaskDisplayArea@155435942 task null, skipping
10-21 17:13:29.945   767  2053 V WindowManager: TaskLaunchParamsModifier:phase=0 task=null activity=ActivityRecord{126603270 u0 com.google.android.dialer/.extensions.GoogleDialtactsActivity t-1} display-area-from-current-params=null display-area-for-record=DefaultTaskDisplayArea@155435942 display-id=0 task-display-area-windowing-mode=1 suggested-display-area=DefaultTaskDisplayArea@155435942
10-21 17:13:29.945   767  2053 V WindowManager: DesktopModeLaunchParamsModifier: phase= 3 task=Task{50f79c0 #45 type=standard A=10137:com.google.android.dialer} activity=ActivityRecord{126603270 u0 com.google.android.dialer/.extensions.GoogleDialtactsActivity t-1} display-from-task=0 display-id=0 task-display-area-windowing-mode=1 suggested-display-area=DefaultTaskDisplayArea@155435942 not entering desktop mode, skipping
10-21 17:13:29.945   767  2053 V WindowManager: TaskLaunchParamsModifier:phase=3 task=Task{50f79c0 #45 type=standard A=10137:com.google.android.dialer} activity=ActivityRecord{126603270 u0 com.google.android.dialer/.extensions.GoogleDialtactsActivity t-1} display-from-task=0 display-id=0 task-display-area-windowing-mode=1 suggested-display-area=DefaultTaskDisplayArea@155435942 inherit-from-task=fullscreen non-freeform-task-display-area display-area=DefaultTaskDisplayArea@155435942 skip-bounds-fullscreen
10-21 17:13:29.946   767  2053 V WindowManager: DesktopModeLaunchParamsModifier: phase= 3 task=Task{50f79c0 #45 type=standard A=10137:com.google.android.dialer} activity=ActivityRecord{126603270 u0 com.google.android.dialer/.extensions.GoogleDialtactsActivity t-1} display-from-task=0 display-id=0 task-display-area-windowing-mode=1 suggested-display-area=DefaultTaskDisplayArea@155435942 not entering desktop mode, skipping
10-21 17:13:29.946   767  2053 V WindowManager: TaskLaunchParamsModifier:phase=3 task=Task{50f79c0 #45 type=standard A=10137:com.google.android.dialer} activity=ActivityRecord{126603270 u0 com.google.android.dialer/.extensions.GoogleDialtactsActivity t-1} display-from-task=0 display-id=0 task-display-area-windowing-mode=1 suggested-display-area=DefaultTaskDisplayArea@155435942 inherit-from-task=fullscreen non-freeform-task-display-area display-area=DefaultTaskDisplayArea@155435942 skip-bounds-fullscreen
10-21 17:13:29.947   582   657 I libbinder.BpBinder: onLastStrongRef automatically unlinking death recipients for descriptor: '(not cached)'
10-21 17:13:29.949   767  2053 I ActivityTaskManager: START u0 {act=android.intent.action.MAIN cat=[android.intent.category.LAUNCHER] flg=0x10200000 cmp=com.google.android.dialer/.extensions.GoogleDialtactsActivity} with LAUNCH_SINGLE_TASK from uid 0 (BAL_ALLOW_ALLOWLISTED_UID) result code=2
10-21 17:13:29.949  1055  1178 V WindowManagerShell: Transition requested (#24): android.os.BinderProxy@101a541 TransitionRequestInfo { type = OPEN, triggerTask = TaskInfo{userId=0 taskId=45 effectiveUid=10137 displayId=0 isRunning=true baseIntent=Intent { act=android.intent.action.MAIN cat=[android.intent.category.LAUNCHER] flg=0x10200000 cmp=com.google.android.dialer/.extensions.GoogleDialtactsActivity } baseActivity=ComponentInfo{com.google.android.dialer/com.android.dialer.main.impl.MainActivity} topActivity=ComponentInfo{com.google.android.dialer/com.android.dialer.main.impl.MainActivity} origActivity=ComponentInfo{com.google.android.dialer/com.google.android.dialer.extensions.GoogleDialtactsActivity} realActivity=ComponentInfo{com.google.android.dialer/com.android.dialer.main.impl.MainActivity} numActivities=1 lastActiveTime=92720652 supportsMultiWindow=true resizeMode=2 isResizeable=true minWidth=-1 minHeight=-1 defaultMinSize=220 token=WCT{android.os.BinderProxy@823a8c6} topActivityType=1 pictureInPictureParams=null shouldDockBigOverlays=false launchIntoPipHostTaskId=-1 lastParentTaskIdBeforePip=-1 displayCutoutSafeInsets=Rect(0, 0 - 0, 0) topActivityInfo=ActivityInfo{f535ae6 com.google.android.dialer.extensions.GoogleDialtactsActivity} launchCookies=[] positionInParent=Point(0, 0) parentTaskId=-1 isFocused=false isVisible=false isVisibleRequested=false isTopActivityNoDisplay=false isSleeping=false locusId=null displayAreaFeatureId=1 isTopActivityTransparent=false isActivityStackTransparent=false lastNonFullscreenBounds=null capturedLink=null capturedLinkTimestamp=0 requestedVisibleTypes=503 topActivityRequestOpenInBrowserEducationTimestamp=0 appCompatTaskInfo=AppCompatTaskInfo { topActivityInSizeCompat=false isLeafTask= true eligibleForLetterboxEducation= false isLetterboxEducationEnabled= true isLetterboxDoubleTapEnabled= false eligibleForUserAspectRatioButton= false topActivityBoundsLetterboxed= false isFromLetterboxDoubleTap= false topActivityLetterboxVerticalPosition= -1 topActivityLetterboxHorizontalPosition= -1 topActivityLetterboxWidth=-1 topActivityLetterboxHeight=-1 topActivityAppBounds=Rect(0, 0 - 1080, 2400) isUserFullscreenOverrideEnabled=false isSystemFullscreenOverrideEnabled=false hasMinAspectRatioOverride=false topActivityLetterboxBounds=null cameraCompatTaskInfo=CameraCompatTaskInfo { cameraCompatMode=inactiveundefined} topNonResizableActivityAspectRatio=-1.0} topActivityMainWindowFrame=null isAppBubble=false}, pipChange = null, remoteTransition = null, displayChange = null, requestedLocation = null, userChange = null, flags = 0, debugId = 24 }
10-21 17:13:29.949  1055  1178 D ShellSplitScreen: logExit: no-op, mLoggerSessionId is null
10-21 17:13:29.950 12250 12250 I Monkey  : Events injected: 1
10-21 17:13:29.953  1055  1285 V SnapshotDrawerUtils: Drawing snapshot surface sizeMismatch=true
10-21 17:13:29.958  1055  1178 D WindowManagerShell: onActivityRestartAttempt: topActivity=ComponentInfo{com.google.android.dialer/com.android.dialer.main.impl.MainActivity}, wasVisible=false
10-21 17:13:29.958  1197  1197 D b/417220811: invalidateLoadedTasks - previous requestLoadId: -1
10-21 17:13:29.958 12250 12250 I Monkey  : ## Network stats: elapsed time=21ms (0ms mobile, 0ms wifi, 21ms not connected)
10-21 17:13:29.959 12250 12250 I app_process: System.exit called, status: 0
10-21 17:13:29.959 12250 12250 I AndroidRuntime: VM exiting with result code 0.
10-21 17:13:29.961 12029 12227 I FA      : Tag Manager is not found and thus will not be used
10-21 17:13:29.971   767   898 I EventHub: Removing device Monkey touch due to epoll hang-up event.
10-21 17:13:29.971   767   898 I EventHub: Removed device: path=/dev/input/event14 name=Monkey touch id=27 fd=664 classes=TOUCH | TOUCH_MT
10-21 17:13:29.972   767  1152 D ActivityManager: quick sync unfreeze 11311 for 1
10-21 17:13:29.976   767  1000 D BackgroundInstallControlService: Package event received: 0
10-21 17:13:29.988   767   802 D ActivityManager: sync unfroze 11311 com.google.android.dialer for 1
10-21 17:13:29.993   767  1000 D BackgroundInstallControlService: Package event received: 0
10-21 17:13:29.994   767  1000 D BackgroundInstallControlService: Package event received: 0
10-21 17:13:29.994   767  1000 D BackgroundInstallControlService: Package event received: 0
10-21 17:13:29.996 11311 11311 D ViewRootImpl: Skipping stats log for color mode
10-21 17:13:29.996   767   898 I InputReader: Device removed: id=27, eventHubId=27, name='Monkey touch', descriptor='e1fe28b90f915c7d1febbd52c1ef84b3c4cbed9f', sources=TOUCHSCREEN
10-21 17:13:30.006   767   898 I EventHub: Removing device '/dev/input/event14' due to inotify event
10-21 17:13:30.013  1055  1078 V WindowManagerShell: onTransitionReady(transaction=3294239918040)
10-21 17:13:30.016  1055  1178 V WindowManagerShell: onTransitionReady (#24) android.os.BinderProxy@101a541: {id=24 t=OPEN f=0x0 trk=0 r=[0@Point(0, 0)] c=[
10-21 17:13:30.016  1055  1178 V WindowManagerShell:         {m=TO_FRONT f=MOVE_TO_TOP leash=Surface(name=Task=45#167)/@0x602547d sb=Rect(0, 0 - 1080, 2400) eb=Rect(0, 0 - 1080, 2400) epz=Point(1080, 2400) d=0 taskParent=-1 winMode=1 userId=0},
10-21 17:13:30.016  1055  1178 V WindowManagerShell:         {m=TO_BACK f=NONE leash=Surface(name=Task=43#122)/@0xa6a3f72 sb=Rect(0, 0 - 1080, 2400) eb=Rect(0, 0 - 1080, 2400) epz=Point(1080, 2400) d=0 taskParent=-1 winMode=1 userId=0}
10-21 17:13:30.016  1055  1178 V WindowManagerShell:     ]}
10-21 17:13:30.016  1055  1178 V WindowManagerShell: Playing animation for (#24) android.os.BinderProxy@101a541@0
10-21 17:13:30.016  1055  1178 V ShellRecents: RecentsTransitionHandler.startAnimation: no controller found
10-21 17:13:30.016  1055  1178 V WindowManagerShell: Transition doesn't have explicit remote, search filters for match for {id=24 t=OPEN f=0x0 trk=0 r=[0@Point(0, 0)] c=[{m=TO_FRONT f=MOVE_TO_TOP leash=Surface(name=Task=45#167)/@0x602547d sb=Rect(0, 0 - 1080, 2400) eb=Rect(0, 0 - 1080, 2400) epz=Point(1080, 2400) d=0 taskParent=-1 winMode=1 userId=0},{m=TO_BACK f=NONE leash=Surface(name=Task=43#122)/@0xa6a3f72 sb=Rect(0, 0 - 1080, 2400) eb=Rect(0, 0 - 1080, 2400) epz=Point(1080, 2400) d=0 taskParent=-1 winMode=1 userId=0}]}
10-21 17:13:30.016  1055  1178 V WindowManagerShell:  Checking filter Pair{{types=[] flags=0x0] notFlags=0x0 checks=[{atype=undefined independent=true modes=[CLOSE,TO_BACK] flags=IN_TASK_WITH_EMBEDDED_ACTIVITY mustBeTask=false order=ANY topActivity=null launchCookie=null taskFragmentToken=android.os.BinderProxy@ec792c6 windowingMode=undefined}]} RemoteTransition { remoteTransition = android.window.IRemoteTransition$Stub$Proxy@4d60287, appThread = android.app.IApplicationThread$Stub$Proxy@f4e65b4, debugName = overlayBackTransition }}
10-21 17:13:30.016  1055  1178 V WindowManagerShell:  Checking filter Pair{{types=[] flags=0x0] notFlags=0x0 checks=[{atype=dream independent=true modes=[OPEN,TO_FRONT] flags=NONE mustBeTask=false order=ANY topActivity=null launchCookie=null windowingMode=undefined},{atype=home independent=true modes=[CLOSE,TO_BACK] flags=NONE mustBeTask=false order=ANY topActivity=null launchCookie=null windowingMode=undefined}]} RemoteTransition { remoteTransition = android.window.IRemoteTransition$Stub$Proxy@49655dd, appThread = android.app.IApplicationThread$Stub$Proxy@81a1552, debugName = LauncherToDream }}
10-21 17:13:30.016  1055  1178 V WindowManagerShell:  Checking filter Pair{{types=[] flags=0x0] notFlags=0x100 checks=[{atype=home independent=true modes=[OPEN,TO_FRONT] flags=NONE mustBeTask=false order=TOP topActivity=ComponentInfo{com.google.android.apps.nexuslauncher/com.google.android.apps.nexuslauncher.NexusLauncherActivity} launchCookie=null windowingMode=undefined},{atype=standard independent=true modes=[CLOSE,TO_BACK] flags=NONE mustBeTask=false order=ANY topActivity=null launchCookie=null windowingMode=undefined},{NOT atype=undefined independent=true modes=[] flags=NONE mustBeTask=true order=ANY topActivity=null launchCookie=null customAnim=true windowingMode=undefined}]} RemoteTransition { remoteTransition = android.window.IRemoteTransition$Stub$Proxy@5064023, appThread = android.app.IApplicationThread$Stub$Proxy@9462920, debugName = QuickstepLaunchHome }}
10-21 17:13:30.016  1055  1178 V WindowManagerShell:  Delegate animation for (#24) to null
10-21 17:13:30.016  1055  1178 V WindowManagerShell: start default transition animation, info = {id=24 t=OPEN f=0x0 trk=0 r=[0@Point(0, 0)] c=[{m=TO_FRONT f=MOVE_TO_TOP leash=Surface(name=Task=45#167)/@0x602547d sb=Rect(0, 0 - 1080, 2400) eb=Rect(0, 0 - 1080, 2400) epz=Point(1080, 2400) d=0 taskParent=-1 winMode=1 userId=0},{m=TO_BACK f=NONE leash=Surface(name=Task=43#122)/@0xa6a3f72 sb=Rect(0, 0 - 1080, 2400) eb=Rect(0, 0 - 1080, 2400) epz=Point(1080, 2400) d=0 taskParent=-1 winMode=1 userId=0}]}
10-21 17:13:30.017  1055  1178 V WindowManagerShell: loadAnimation: anim=android.view.animation.AnimationSet@dbeb040 animAttr=0x9 type=OPEN isEntrance=false
10-21 17:13:30.017  1055  1178 V WindowManagerShell: loadAnimation: anim=android.view.animation.AnimationSet@564bb79 animAttr=0x8 type=OPEN isEntrance=true
10-21 17:13:30.022  1055  1178 V WindowManagerShell:  animated by com.android.wm.shell.transition.DefaultTransitionHandler@48ec040
10-21 17:13:30.030   520   596 I netd    : tetherGetStats() -> {[]} <18.30ms>
10-21 17:13:30.036   767   802 D WindowManager: Direct invocation of sendNewConfiguration: Display{#0 state=ON size=1080x2400 ROTATION_0}
10-21 17:13:30.037   767   802 W libbinder.IPCThreadState: Sending oneway calls to frozen process.
10-21 17:13:30.040  1197  1197 D TouchInteractionService: disposeEventHandlers: Reason: Initializing input monitor due to: onTrackpadConnected() instance=177253505
10-21 17:13:30.040  1197  1197 D InputMonitorCompat: Input event receiver for monitor (swipe-up-disp0) disposed
10-21 17:13:30.040  1197  1197 D InputMonitorCompat: Input monitor (swipe-up-disp0) disposed
10-21 17:13:30.040   767   897 W InputDispatcher: channel '[Gesture Monitor] swipe-up' ~ Consumer closed input channel or an error occurred.  events=0x9
10-21 17:13:30.040   767   897 E InputDispatcher: channel '[Gesture Monitor] swipe-up' ~ Channel is unrecoverably broken and will be disposed!
10-21 17:13:30.042   767   802 W PermissionService: getPermissionFlags: Unknown user -1
10-21 17:13:30.042   767   802 W PermissionService: getPermissionFlags: Unknown user -1
10-21 17:13:30.045  1055  1055 D NavigationModeController: getCurrentUserContext: contextUser=0 currentUser=0
10-21 17:13:30.054   767   799 V WindowManager: Sent Transition (#24) createdAt=10-21 17:13:29.944 via request=TransitionRequestInfo { type = OPEN, triggerTask = TaskInfo{userId=0 taskId=45 effectiveUid=10137 displayId=0 isRunning=true baseIntent=Intent { act=android.intent.action.MAIN cat=[android.intent.category.LAUNCHER] flg=0x10200000 cmp=com.google.android.dialer/.extensions.GoogleDialtactsActivity } baseActivity=ComponentInfo{com.google.android.dialer/com.android.dialer.main.impl.MainActivity} topActivity=ComponentInfo{com.google.android.dialer/com.android.dialer.main.impl.MainActivity} origActivity=ComponentInfo{com.google.android.dialer/com.google.android.dialer.extensions.GoogleDialtactsActivity} realActivity=ComponentInfo{com.google.android.dialer/com.android.dialer.main.impl.MainActivity} numActivities=1 lastActiveTime=92720652 supportsMultiWindow=true resizeMode=2 isResizeable=true minWidth=-1 minHeight=-1 defaultMinSize=220 token=WCT{RemoteToken{97c1008 Task{50f79c0 #45 type=standard A=10137:com.google.android.dialer}}} topActivityType=1 pictureInPictureParams=null shouldDockBigOverlays=false launchIntoPipHostTaskId=-1 lastParentTaskIdBeforePip=-1 displayCutoutSafeInsets=Rect(0, 0 - 0, 0) topActivityInfo=ActivityInfo{4e573a1 com.google.android.dialer.extensions.GoogleDialtactsActivity} launchCookies=[] positionInParent=Point(0, 0) parentTaskId=-1 isFocused=false isVisible=false isVisibleRequested=false isTopActivityNoDisplay=false isSleeping=false locusId=null displayAreaFeatureId=1 isTopActivityTransparent=false isActivityStackTransparent=false lastNonFullscreenBounds=null capturedLink=null capturedLinkTimestamp=0 requestedVisibleTypes=503 topActivityRequestOpenInBrowserEducationTimestamp=0 appCompatTaskInfo=AppCompatTaskInfo { topActivityInSizeCompat=false isLeafTask= true eligibleForLetterboxEducation= false isLetterboxEducationEnabled= true isLetterboxDoubleTapEnabled= false eligibleForUserAspectRatioButton= false topActivityBoundsLetterboxed= false isFromLetterboxDoubleTap= false topActivityLetterboxVerticalPosition= -1 topActivityLetterboxHorizontalPosition= -1 topActivityLetterboxWidth=-1 topActivityLetterboxHeight=-1 topActivityAppBounds=Rect(0, 0 - 1080, 2400) isUserFullscreenOverrideEnabled=false isSystemFullscreenOverrideEnabled=false hasMinAspectRatioOverride=false topActivityLetterboxBounds=null cameraCompatTaskInfo=CameraCompatTaskInfo { cameraCompatMode=inactiveundefined} topNonResizableActivityAspectRatio=-1.0} topActivityMainWindowFrame=null isAppBubble=false}, pipChange = null, remoteTransition = null, displayChange = null, requestedLocation = null, userChange = null, flags = 0, debugId = 24 }
10-21 17:13:30.054   767   799 V WindowManager:     startWCT=WindowContainerTransaction { changes= {} hops= [] errorCallbackToken=null taskFragmentOrganizer=null }
10-21 17:13:30.054   767   799 V WindowManager:     info={id=24 t=OPEN f=0x0 trk=0 r=[0@Point(0, 0)] c=[
10-21 17:13:30.054   767   799 V WindowManager:         {WCT{RemoteToken{97c1008 Task{50f79c0 #45 type=standard A=10137:com.google.android.dialer}}} m=TO_FRONT f=MOVE_TO_TOP leash=Surface(name=Task=45#167)/@0xc832069 sb=Rect(0, 0 - 1080, 2400) eb=Rect(0, 0 - 1080, 2400) epz=Point(1080, 2400) d=0 taskParent=-1 winMode=1 userId=0},
10-21 17:13:30.054   767   799 V WindowManager:         {WCT{RemoteToken{da27fa Task{5e5918d #43 type=standard A=10172:com.google.android.youtube}}} m=TO_BACK f=NONE leash=Surface(name=Task=43#122)/@0xf4c41ec sb=Rect(0, 0 - 1080, 2400) eb=Rect(0, 0 - 1080, 2400) epz=Point(1080, 2400) d=0 taskParent=-1 winMode=1 userId=0}
10-21 17:13:30.054   767   799 V WindowManager:     ]}
10-21 17:13:30.057  1197  1197 D InputMonitorCompat: Input monitor (swipe-up-disp0) created
10-21 17:13:30.057  1197  1197 D InputMonitorCompat: Input event receiver for monitor (swipe-up-disp0) created
10-21 17:13:30.060 11311 11311 I DialerWindowLayoutProviderImpl: com.android.dialer.windowlayout.impl.WindowLayoutProviderImpl.updateWindowLayout:71 enter
10-21 17:13:30.097  1197  1197 D b/417220811: invalidateLoadedTasks - previous requestLoadId: -1
10-21 17:13:30.100 11311 11311 I DialerWindowLayoutProviderImpl: com.android.dialer.windowlayout.impl.WindowLayoutProviderImpl.updateWindowLayout:82 windowLayout set to # sag@838931
10-21 17:13:30.120 11311 11311 I DialerMainFragmentIntentListener: com.android.dialer.modernizedmain.impl.service.MainFragmentIntentListener.handleIntent:37 enter
10-21 17:13:30.121 11311 11311 I DialerModernizedMainActivityPeerDelegate: com.android.dialer.modernizedmain.impl.ui.ModernizedMainActivityPeerDelegate.onResume:226 registered GrowthKit and HaTS callbacks
10-21 17:13:30.122 11311 11311 I DialerModernizedMainFragmentPeer: com.android.dialer.modernizedmain.impl.ui.ModernizedMainFragmentPeer.onResume:423 enter
10-21 17:13:30.122 11311 11342 I DialerAnnotatedCallLogRefreshStarterImpl: com.android.dialer.calllog.refresh.impl.AnnotatedCallLogRefreshStarterImpl.refreshWithDirtyCheck:41 refreshWithDirtyCheck
10-21 17:13:30.123 11311 11333 I DialerAnnotatedCallLogRefreshRequestRegulator: com.android.dialer.calllog.refresh.impl.AnnotatedCallLogRefreshRequestRegulator.throttleInternalSequentially:105 throttle sequentially
10-21 17:13:30.123 11311 11342 I DialerDialerDatabaseHelper: com.android.dialer.database.DialerDatabaseHelper.updateSmartDialDatabase:790 forceUpdate
10-21 17:13:30.123 11311 11333 I DialerAnnotatedCallLogRefreshRequestRegulator: com.android.dialer.calllog.refresh.impl.AnnotatedCallLogRefreshRequestRegulator.throttleInternalSequentially:136 start refreshing, checkDirty=true
10-21 17:13:30.123 11311 11342 I DialerDialerDatabaseHelper: com.android.dialer.database.DialerDatabaseHelper.updateSmartDialDatabase:805 last updated at 1761037958194
10-21 17:13:30.123 11311 11333 I DialerRefreshAnnotatedCallLogWorker: com.android.dialer.calllog.refresh.impl.RefreshAnnotatedCallLogWorker.refresh:155 submitting serialized refresh request
10-21 17:13:30.124 11311 11332 I DialerRttConfigurationLoaderImpl: com.android.dialer.rtt.settings.impl.configuration.RttConfigurationLoaderImpl.load:73 Load RTT configuration without optimizing
10-21 17:13:30.125 11311 11311 I DialerAndroidxActivityEmbeddingApi: com.android.dialer.largescreensupport.activityembedding.AndroidxActivityEmbeddingApi$splitInfoList$$inlined$map$1$2.emit:29 splitInfoList: []
10-21 17:13:30.125 11311 11343 I DialerSystemCallLogDataSource: com.android.dialer.calllog.datasources.systemcalllog.SystemCallLogDataSource.isDirty:174 no max timestamp processed
10-21 17:13:30.125 11311 11311 I DialerCallLogFragmentPeer: com.android.dialer.calllog.ui.CallLogFragmentPeer.onResume:649 isHidden = false
10-21 17:13:30.126 11311 11333 I DialerRefreshAnnotatedCallLogWorker: com.android.dialer.calllog.refresh.impl.RefreshAnnotatedCallLogWorker.checkDirtyAndRebuildIfNecessary:183 isDirty: true
10-21 17:13:30.126 11311 11333 I DialerRefreshAnnotatedCallLogWorker: com.android.dialer.calllog.refresh.impl.RefreshAnnotatedCallLogWorker.rebuild:217 filling systemCallLogDataSource
10-21 17:13:30.126 11311 11333 I DialerSystemCallLogDataSource: com.android.dialer.calllog.datasources.systemcalllog.SystemCallLogDataSource.fill:254 found 0 existing annotated call log ids
10-21 17:13:30.128 11311 11311 I DialerCallLogFragmentPeer: com.android.dialer.calllog.ui.CallLogFragmentPeer.startUpdateTimer:1360 start update timer
10-21 17:13:30.128 11311 11311 I DialerCallLogFragmentDataService: com.android.dialer.calllog.dataservice.CallLogFragmentDataService.forceRefreshUi:98 forceRefreshUi
10-21 17:13:30.130 11311 11332 W DialerPostCallDao: com.android.dialer.postcall.impl.storage.PostCallDao.isPostCall:82 received null call connect time, returning false [CONTEXT disable_client_error_logging=true ]
10-21 17:13:30.137   767  2032 D ActivityManager: sync unfroze 11351 android.process.acore for 7
10-21 17:13:30.140   767  1000 D BackgroundInstallControlService: Package event received: 0
10-21 17:13:30.141   767  1000 D BackgroundInstallControlService: Package event received: 0
10-21 17:13:30.142   767  1000 D BackgroundInstallControlService: Package event received: 0
10-21 17:13:30.143   767  1000 D BackgroundInstallControlService: Package event received: 0
10-21 17:13:30.151 11311 11340 I GFXSTREAM: [eglDisplay.cpp(297)] Opening libGLESv1_CM_emulation.so
10-21 17:13:30.155 11311 11340 I GFXSTREAM: [eglDisplay.cpp(297)] Opening libGLESv2_emulation.so
10-21 17:13:30.168 11351 11358 W d.process.acore: Suspending all threads took: 27.286ms
10-21 17:13:30.187 11311 11340 W HWUI    : Failed to initialize 101010-2 format, error = EGL_SUCCESS
10-21 17:13:30.211 11311 11334 I DialerSystemCallLogDataSource: com.android.dialer.calllog.datasources.systemcalllog.SystemCallLogDataSource.handleInsertsAndUpdatesInternal:464 no results for CALL_IN_DIRECT_BOOT_MODE
10-21 17:13:30.229   767  1153 W ActivityManager: Unable to start service Intent { act=com.google.android.apps.tachyon.services.CLIENT_API xflg=0x4 pkg=com.google.android.apps.tachyon } U=0: not found
10-21 17:13:30.229 11311 11336 I DialerRttDeviceCompatibility: com.android.dialer.rtt.settings.impl.configuration.RttDeviceCompatibility.isIgnoreRttModeFlagSet:72 RTT carrier config ignore_rtt_mode_setting_bool is enabled.
10-21 17:13:30.233 11311 11336 I DialerRttDeviceCompatibility: com.android.dialer.rtt.settings.impl.configuration.RttDeviceCompatibility.isDeviceSupported:54 [RTT] isDeviceSupported: false
10-21 17:13:30.235 11311 11343 I DialerSystemCallLogDataSource: com.android.dialer.calllog.datasources.systemcalllog.SystemCallLogDataSource.handleInsertsAndUpdatesInternal:464 no results for REGULAR_CALL
10-21 17:13:30.238 11311 11332 I DialerRttConfigurationLoaderImpl: com.android.dialer.rtt.settings.impl.configuration.RttConfigurationLoaderImpl.internalLoad:91 Is device supported for RTT: false
10-21 17:13:30.248 11311 11343 I DialerSystemCallLogDataSource: com.android.dialer.calllog.datasources.systemcalllog.SystemCallLogDataSource.handleDeletes:750 found 0 call log entries to remove
10-21 17:13:30.251 11311 11342 I DialerDialerDatabaseHelper: com.android.dialer.database.DialerDatabaseHelper.updateSmartDialDatabase:813 Finished removing deleted and corrupted contacts.
10-21 17:13:30.256 11311 11342 I DialerDialerDatabaseHelper: com.android.dialer.database.DialerDatabaseHelper.updateSmartDialDatabase:845 Finished removing entries belonging to updated contacts.
10-21 17:13:30.264 11311 11333 I DialerRefreshAnnotatedCallLogWorker: com.android.dialer.calllog.refresh.impl.RefreshAnnotatedCallLogWorker.rebuild:233 filling CallLogChangeBroadcaster
10-21 17:13:30.269 11311 11333 I DialerRefreshAnnotatedCallLogWorker: com.android.dialer.calllog.refresh.impl.RefreshAnnotatedCallLogWorker.rebuild:233 filling PhoneLookupDataSource
10-21 17:13:30.270 11311 11334 I DialerSystemBlockedNumberPhoneLookupContributor: com.android.dialer.phonelookup.blockednumber.SystemBlockedNumberPhoneLookupContributor.getMostRecentInfo:106 getMostRecentInfo
10-21 17:13:30.283 11311 11333 I DialerDataStoreReverseLookupSettings: com.android.dialer.reverselookup.settings.DataStoreReverseLookupSettings.isAapmEnabledByUser:185 Darpa is present
10-21 17:13:30.287 11311 11334 I DialerLegacyCountryDetector: com.android.dialer.location.LegacyCountryDetector.getCurrentCountryIso:98 returning Redacted-2-chars
10-21 17:13:30.306  1730  2423 W AiAiEcho: LyftNotificationParser Ridesharing ETA not enabled
10-21 17:13:30.306  1730  2423 I AiAiEcho: SmartspaceNotificationPredictor no parser can handle this notification or notification is invalid
10-21 17:13:30.328 11311 11342 I DialerDialerDatabaseHelper: com.android.dialer.database.DialerDatabaseHelper.updateSmartDialDatabase:873 Finished building the smart dial table.
10-21 17:13:30.412 11311 11342 I DialerDialerDatabaseHelper: com.android.dialer.database.DialerDatabaseHelper.updateSmartDialDatabase:895 Finished querying the smart dial table for contact names.
10-21 17:13:30.412 11311 11342 I DialerDialerDatabaseHelper: com.android.dialer.database.DialerDatabaseHelper.updateSmartDialDatabase:950 Finished recreating index.
10-21 17:13:30.412 11311 11333 I DialerFixedDialingNumberPhoneLookupContributor: com.android.dialer.fixeddialingnumber.impl.phonelookup.FixedDialingNumberPhoneLookupContributor.getFdnListFromUri:242 empty cursor
10-21 17:13:30.413 11311 11342 I DialerDialerDatabaseHelper: com.android.dialer.database.DialerDatabaseHelper.updateSmartDialDatabase:956 Finished updating index stats.
10-21 17:13:30.413 11311 11342 I DialerDialerDatabaseHelper: com.android.dialer.database.DialerDatabaseHelper.updateSmartDialDatabase:962 broadcasting smart dial update
10-21 17:13:30.417 11311 11332 I DialerRefreshAnnotatedCallLogWorker: com.android.dialer.calllog.refresh.impl.RefreshAnnotatedCallLogWorker.rebuild:233 filling VoicemailDataSource
10-21 17:13:30.417 11311 11333 I DialerRefreshAnnotatedCallLogWorker: com.android.dialer.calllog.refresh.impl.RefreshAnnotatedCallLogWorker.rebuild:233 filling SpamCallDataSource
10-21 17:13:30.417 11311 11333 I DialerSpamCallDataSource: com.android.dialer.spam.calllog.SpamCallDataSource.fill:93 fill
10-21 17:13:30.418 11311 11333 I DialerSpamCallDataSource: com.android.dialer.spam.calllog.SpamCallDataSource.handleInserts:99 handleInserts
10-21 17:13:30.421 11311 11328 I DialerCompositeSpam: com.android.dialer.spam.composite.CompositeSpam.batchDeleteCallSpamStatus:265 deleted 0 rows
10-21 17:13:30.422 11311 11333 I DialerRefreshAnnotatedCallLogWorker: com.android.dialer.calllog.refresh.impl.RefreshAnnotatedCallLogWorker.rebuild:233 filling CallingNetworksDataSource
10-21 17:13:30.422 11311 11332 I DialerCallingNetworksStorage: com.android.dialer.callingnetworks.impl.CallingNetworksStorage.deleteAllMatching:306 Nothing to delete
10-21 17:13:30.441 11311 11333 I DialerRefreshAnnotatedCallLogWorker: com.android.dialer.calllog.refresh.impl.RefreshAnnotatedCallLogWorker.rebuild:233 filling CallRecordingDataSource
10-21 17:13:30.441 11311 11333 I DialerCallRecordingDataSource: com.android.dialer.callrecording.impl.calllog.CallRecordingDataSource.fill:109 enter
10-21 17:13:30.441 11311 11333 I DialerCallRecordingDataSource: com.android.dialer.callrecording.impl.calllog.CallRecordingDataSource.handleInsertsAndUpdatesFromAnnotatedCallLog:124 enter
10-21 17:13:30.442 11311 11333 I DialerCallRecordingDataSourceStatusService: com.android.dialer.callrecording.impl.calllog.CallRecordingDataSourceStatusService.getTimestampOfLastSyncedCallRecordingInfoMillis:100 lastSyncedCallRecordingInfoTimestamp 0
10-21 17:13:30.442 11311 11342 I DialerCallRecordingDataSource: com.android.dialer.callrecording.impl.calllog.CallRecordingDataSource.getAnnotatedCallLogIdsToCallRecordingInfoMap:364 lastSyncedCallRecordingInfoTimestamp 0
10-21 17:13:30.459 11311 11332 I DialerCallRecordingDataSource: com.android.dialer.callrecording.impl.calllog.CallRecordingDataSource.handleDeletesFromAnnotatedCallLog:148 enter
10-21 17:13:30.459 11311 11332 I DialerCallRecordingInfoStorageAsyncSqlite: com.android.dialer.callrecording.impl.storage.CallRecordingInfoStorageAsyncSqlite.deleteCallLogInitiated:501 enter
10-21 17:13:30.459 11311 11332 I DialerCallRecordingDataSource: com.android.dialer.callrecording.impl.calllog.CallRecordingDataSource.addDeleteUpdatesFromCallRecordingInitiatedDeletes:192 enter
10-21 17:13:30.463 11311 11332 I DialerRefreshAnnotatedCallLogWorker: com.android.dialer.calllog.refresh.impl.RefreshAnnotatedCallLogWorker.rebuild:248 applying mutations
10-21 17:13:30.464 11311 11332 I DialerRefreshAnnotatedCallLogWorker: com.android.dialer.calllog.refresh.impl.RefreshAnnotatedCallLogWorker.rebuild:266 coalescing call history
10-21 17:13:30.464 11311 11332 I DialerRefreshAnnotatedCallLogWorker: com.android.dialer.calllog.refresh.impl.RefreshAnnotatedCallLogWorker.rebuild:279 coalescing conversation history
10-21 17:13:30.465 11311 11332 I DialerCallRecordingDataSource: com.android.dialer.callrecording.impl.calllog.CallRecordingDataSource.onSuccessfulFill:232 enter
10-21 17:13:30.465 11311 11334 I DialerSystemCallLogDataSource: com.android.dialer.calllog.datasources.systemcalllog.SystemCallLogDataSource.onSuccessfulFillInternal:379 on successful fill with maxTimestampProcessed: null
10-21 17:13:30.466 11311 11332 I DialerCoalescedRowsDao: com.android.dialer.calllog.coalescer.CoalescedRowsDao.saveToFileForAllCallsInConversationHistory:185 saveToFileForAllCallsInConversationHistory
10-21 17:13:30.466 11311 11332 I DialerCoalescedRowsUpdatedNotifier: com.android.dialer.calllog.coalescer.CoalescedRowsUpdatedNotifier.notifyForConversationHistory:53 notifyForConversationHistory
10-21 17:13:30.467 11311 11332 I DialerCoalescedRowsDao: com.android.dialer.calllog.coalescer.CoalescedRowsDao.saveToFileForAllCalls:138 saveToFileForAllCalls
10-21 17:13:30.467 11311 11332 I DialerCoalescedRowsDao: com.android.dialer.calllog.coalescer.CoalescedRowsDao.saveToFileForMissedCalls:161 saveToFileForMissedCalls
10-21 17:13:30.467 11311 11332 I DialerRefreshAnnotatedCallLogWorker: com.android.dialer.calllog.refresh.impl.RefreshAnnotatedCallLogWorker.rebuild:293 coalesced row updated
10-21 17:13:30.467 11311 11332 I DialerCoalescedRowsDao: com.android.dialer.calllog.coalescer.CoalescedRowsDao.saveToFileForAllCallsInConversationHistory:210 Finished saving coalesced rows for conversation history.
10-21 17:13:30.468 11311 11334 I DialerCoalescedRowsDao: com.android.dialer.calllog.coalescer.CoalescedRowsDao.save:245 start writing coalesced_rows_for_all_calls
10-21 17:13:30.468 11311 11343 I DialerCoalescedRowsDao: com.android.dialer.calllog.coalescer.CoalescedRowsDao.save:245 start writing coalesced_rows_for_missed_calls
10-21 17:13:30.468 11311 11334 I DialerCoalescedRowsDao: com.android.dialer.calllog.coalescer.CoalescedRowsDao.save:250 finished writing coalesced_rows_for_all_calls
10-21 17:13:30.468 11311 11328 I DialerCallerIdFeedbackPhoneLookupContributor: com.android.dialer.calleridfeedback.impl.phonelookup.CallerIdFeedbackPhoneLookupContributor.onSuccessfulBulkUpdate:130 Writing timestampOfLastCallerIdFeedbackLookup : 1761038010278
10-21 17:13:30.469 11311 11334 I DialerSystemCallLogUpdater: com.android.dialer.calllog.refresh.impl.SystemCallLogUpdater.getCallTypeUpdates:199 There are no system call log mutations
10-21 17:13:30.469 11311 11334 I DialerSystemCallLogUpdater: com.android.dialer.calllog.refresh.impl.SystemCallLogUpdater.updateSystemCallLog:224 empty operations list, will not do anything [CONTEXT ratelimit_period="1 MINUTES" skipped=2 ]
10-21 17:13:30.469 11311 11343 I DialerCoalescedRowsDao: com.android.dialer.calllog.coalescer.CoalescedRowsDao.save:250 finished writing coalesced_rows_for_missed_calls
10-21 17:13:30.494 11311 11332 I DialerAndroidAutoStatusLookupImpl: com.android.dialer.androidautostatuslookup.impl.AndroidAutoStatusLookupImpl.isAndroidAutoConnected:97 Android Auto connected in 0 mode [CONTEXT ratelimit_period="1 MINUTES" skipped=24 ]
10-21 17:13:30.494 11311 11332 I DialerLogcatLoggingBindings: com.android.dialer.logging.logcat.LogcatLoggingBindings.logImpression:47 Impression: ANNOTATED_CALL_LOG_NO_CHANGES_NEEDED
10-21 17:13:30.549  1055  1178 V WindowManagerShell: Transition animation finished (aborted=false), notifying core (#24) android.os.BinderProxy@101a541@0
10-21 17:13:30.551   767   799 V WindowManager: Finish Transition (#24): created at 10-21 17:13:29.944 collect-started=0.064ms request-sent=4.93ms started=13.403ms ready=47.955ms sent=63.924ms commit=21.3ms finished=607.098ms
10-21 17:13:30.553  1055  1178 V WindowManagerShell: Track 0 became idle
10-21 17:13:30.553  1055  1178 V WindowManagerShell: All active transition animations finished
10-21 17:13:30.559 12029 12029 D VRI[Shell$HomeActivity]: visibilityChanged oldVisibility=true newVisibility=false
10-21 17:13:30.567   767  1029 W ImageReader_JNI: Unable to acquire a buffer item, very likely client tried to acquire more than maxImages buffers
10-21 17:13:30.589 11311 11333 I DialerLoggingConsentCheckerImpl: com.google.android.dialershared.logging.consent.impl.LoggingConsentCheckerImpl.getConsent:72 timer stop with success, timer present: false
10-21 17:13:30.605  1730  1730 W AiAiVC  : Unexpected capture event type: 11
10-21 17:13:30.745   767   941 D WifiClientModeImpl[21111:wlan0]: updateLinkLayerStatsRssiSpeedFrequencyCapabilities rssi=-50 TxLinkspeed=1 freq=2447 RxLinkSpeed=2
10-21 17:13:30.747   767   941 D WifiDataStall: tx tput in kbps: 11000
10-21 17:13:30.747   767   941 D WifiDataStall: rx tput in kbps: 11000
10-21 17:13:30.748   767   941 V WifiConfigManager: Updating scan detail cache freq=2447 BSSID=00:13:10:85:fe:01 RSSI=-50 for "AndroidWifi"NONE
10-21 17:13:30.750   767   941 D WifiThroughputPredictor:  utilization (LLS) 80 isBluetoothConnected: false final utilization: 80
10-21 17:13:30.750   767   941 D WifiThroughputPredictor:  BW: 0 RSSI: -50 Nss: 1 Mode: 1 symDur: 4000 snrDb 30 bitPerTone: 4500 rate: 54 throughput: 11
10-21 17:13:30.750   767   941 D WifiThroughputPredictor:  utilization (LLS) 80 isBluetoothConnected: false final utilization: 80
10-21 17:13:30.750   767   941 D WifiThroughputPredictor:  BW: 0 RSSI: -50 Nss: 1 Mode: 1 symDur: 4000 snrDb 30 bitPerTone: 4500 rate: 54 throughput: 11
10-21 17:13:30.751   767   941 D WifiThroughputPredictor:  utilization (LLS) 80 isBluetoothConnected: false final utilization: 80
10-21 17:13:30.751   767   941 D WifiThroughputPredictor:  BW: 0 RSSI: -50 Nss: 1 Mode: 1 symDur: 4000 snrDb 30 bitPerTone: 4500 rate: 54 throughput: 11
10-21 17:13:30.752   767   941 D WifiThroughputPredictor:  utilization (LLS) 80 isBluetoothConnected: false final utilization: 80
10-21 17:13:30.752   767   941 D WifiThroughputPredictor:  BW: 0 RSSI: -50 Nss: 1 Mode: 1 symDur: 4000 snrDb 30 bitPerTone: 4500 rate: 54 throughput: 11
10-21 17:13:30.767 11311 11321 I HWUI    : Davey! duration=738ms; Flags=1, FrameTimelineVsyncId=73922, IntendedVsync=92770629926185, Vsync=92770746592847, InputEventId=0, HandleInputStart=92770752099355, AnimationStart=92770752100210, PerformTraversalsStart=92770752100441, DrawStart=92770859017451, FrameDeadline=92770646592851, FrameStartTime=92770751752277, FrameInterval=16666666, WorkloadTarget=16666666, SyncQueued=92770897381759, SyncStart=92770909009842, IssueDrawCommandsStart=92770926367735, SwapBuffers=92771272253839, FrameCompleted=92771380221673, DequeueBufferDuration=22336, QueueBufferDuration=327783, GpuCompleted=92771380221673, SwapBuffersCompleted=92771375891232, DisplayPresentTime=0, CommandSubmissionCompleted=92771272253839, 
10-21 17:13:30.778 11311 11333 I DialerMainActivityRetainedStateController: com.android.dialer.modernizedmain.impl.service.MainActivityRetainedStateController.shouldBypassDefaultDialerCheck:198 shouldBypassDefaultDialerCheck called
10-21 17:13:30.778 11311 11311 I DialerCallLogFragmentDataService: com.android.dialer.calllog.dataservice.CallLogFragmentDataService.getDataSource$lambda$1:79 loadData from loadUiModel
10-21 17:13:30.779 11311 11336 I DialerDefaultDialerImpl: com.android.dialer.defaultdialer.impl.DefaultDialerImpl.isDefaultDialer:40 enter
10-21 17:13:30.780  1730  1730 W AiAiVC  : Unexpected capture event type: 11
10-21 17:13:30.780   767   941 I HalDevMgr: bestIfaceCreationProposal is null, requestIface=STA, existingIface=[name=wlan0 type=STA]
10-21 17:13:30.780 11311 11311 I Choreographer: Skipped 38 frames!  The application may be doing too much work on its main thread.
10-21 17:13:30.780 11311 11333 I DialerMainActivityRetainedStateController: com.android.dialer.modernizedmain.impl.service.MainActivityRetainedStateController.shouldBypassDefaultDialerCheck:205 action is neither ACTION_DIAL nor ACTION_VIEW
10-21 17:13:30.781   767   941 D WifiScoreCard: BSSID update SIGNAL_POLL ID: 14232187 SSID: "AndroidWifi", BSSID: 00:13:10:85:fe:01, MAC: 02:15:b2:00:00:00, IP: /10.0.2.16, Security type: 0, Supplicant state: COMPLETED, Wi-Fi standard: legacy, RSSI: -50, Link speed: 1Mbps, Tx Link speed: 1Mbps, Max Supported Tx Link speed: 11Mbps, Rx Link speed: 2Mbps, Max Supported Rx Link speed: 11Mbps, Frequency: 2447MHz, Net ID: 0, Metered hint: false, score: 83, isUsable: true, CarrierMerged: false, SubscriptionId: -1, IsPrimary: 1, Trusted: true, Restricted: false, Ephemeral: false, OEM paid: false, OEM private: false, OSU AP: false, FQDN: <none>, Provider friendly name: <none>, Requesting package name: <none>"AndroidWifi"openMLO Information: , Is TID-To-Link negotiation supported by the AP: false, AP MLD Address: <none>, AP MLO Link Id: <none>, AP MLO Affiliated links: <none>, Vendor Data: <none>
10-21 17:13:30.781   767   941 D WifiScoreCard: txRate: 18 txSpeed: 1
10-21 17:13:30.781   767   941 D WifiScoreCard: network update SIGNAL_POLL "AndroidWifi" ID: 1073449701 RSSI -50 txSpeed 1
10-21 17:13:30.782   767   941 D WifiClientModeImpl[21111:wlan0]:  ClientModeImpl$L2ConnectedState screen=on 1 0 "AndroidWifi" 00:13:10:85:fe:01 rssi=-50 f=2447 sc=83 link=1 tx=17.9, 0.0, 0.0 rx=24.2 bcn=0 [on:0 tx:0 rx:0 period:3042] from screen [on:0 period:101419422] score=83
10-21 17:13:30.785 11311 11332 I DialerCallLogFragmentDataService: com.android.dialer.calllog.dataservice.CallLogFragmentDataService.loadUiModel:134 loading full data set
10-21 17:13:30.785 11311 11332 I DialerCallLogFragmentDataService: com.android.dialer.calllog.dataservice.CallLogFragmentDataService.loadUiModelWithProducer:145 loadUiModel
10-21 17:13:30.786 11311 11332 I DialerCoalescedRowsDao: com.android.dialer.calllog.coalescer.CoalescedRowsDao.loadForAllCallsInConversationHistory:306 loadForAllCallsInConversationHistory
10-21 17:13:30.786 11311 11332 I DialerRttSettingsEnabledFn: com.android.dialer.rtt.settings.impl.RttSettingsEnabledFn.isEnabled:32 qpr2 build or higher, enabling [CONTEXT ratelimit_period="1 MINUTES" skipped=6 ]
10-21 17:13:30.789 11311 11333 I DialerRttConfigurationLoaderImpl: com.android.dialer.rtt.settings.impl.configuration.RttConfigurationLoaderImpl.load:73 Load RTT configuration without optimizing
10-21 17:13:30.801 11311 11336 I DialerRttDeviceCompatibility: com.android.dialer.rtt.settings.impl.configuration.RttDeviceCompatibility.isIgnoreRttModeFlagSet:72 RTT carrier config ignore_rtt_mode_setting_bool is enabled.
10-21 17:13:30.804   767   857 D FileUtils: Rounded bytes from 2061942784 to 4000000000
10-21 17:13:30.805 11311 11336 I DialerRttDeviceCompatibility: com.android.dialer.rtt.settings.impl.configuration.RttDeviceCompatibility.isDeviceSupported:54 [RTT] isDeviceSupported: false
10-21 17:13:30.805 11311 11332 I DialerRttConfigurationLoaderImpl: com.android.dialer.rtt.settings.impl.configuration.RttConfigurationLoaderImpl.internalLoad:91 Is device supported for RTT: false
10-21 17:13:30.818 11311 11350 I DialerWifiCallingIconsEnabledFn: com.android.dialer.wificallingicons.impl.WifiCallingIconsEnabledFn.isEnabled:84 1 unsupported SIM present in device, feature disabled. [CONTEXT ratelimit_period="1 MINUTES" skipped=4 ]
10-21 17:13:30.827 12029 12029 W YT.mlplayer: Stayawake OFF
10-21 17:13:30.836 11311 11311 I DialerCallLogFragmentPeer: com.android.dialer.calllog.ui.CallLogFragmentPeer$3.onNewData:272 onNewData: forceRefreshUiCounter(2)
10-21 17:13:30.837 11311 11311 I DialerModernizedMainEnabledFn: com.android.dialer.modernizedmain.impl.ModernizedMainEnabledFn.isEnabled:23 modernized flag enabled [CONTEXT ratelimit_period="1 MINUTES" skipped=8 ]
10-21 17:13:30.840 11311 11311 I DialerAuroraEnabledFn: com.android.dialer.aurora.impl.AuroraEnabledFn.isEnabled:21 flag enabled [CONTEXT ratelimit_period="1 MINUTES" skipped=16 ]
10-21 17:13:30.844 11311 11333 I DialerLogcatLoggingBindings: com.android.dialer.logging.logcat.LogcatLoggingBindings.logImpression:54 Impression: CALL_LOG_TAB_RENDERED_AFTER_RESUMED
10-21 17:13:30.855 11311 11333 I DialerLoggingConsentCheckerImpl: com.google.android.dialershared.logging.consent.impl.LoggingConsentCheckerImpl.getConsent:72 timer stop with success, timer present: false
10-21 17:13:30.858   767  2032 I ImeTracker: system_server:870d996d: onRequestHide at ORIGIN_SERVER reason IME_REQUESTED_CHANGED_LISTENER fromUser false
10-21 17:13:30.859  1589  1589 I GoogleInputMethodService: GoogleInputMethodService.onFinishInput():1984 
10-21 17:13:30.878   767   802 I ImeTracker: system_server:870d996d: onCancelled at PHASE_SERVER_SHOULD_HIDE
10-21 17:13:30.895   767  1000 D BackgroundInstallControlService: Package event received: 0
10-21 17:13:30.910  1589  1589 I Module  : DeviceLockedStatusModuleProvider$Module.updateDeviceLockedStatus():100 repeatCheckTimes = 0, locked = false
10-21 17:13:30.914  1589  1589 I GoogleInputMethodService: GoogleInputMethodService.onStartInput():1248 onStartInput(EditorInfo{EditorInfo{packageName=com.google.android.dialer, inputType=0, inputTypeString=NULL, enableLearning=false, autoCorrection=false, autoComplete=false, imeOptions=0, privateImeOptions=null, actionName=UNSPECIFIED, actionLabel=null, initialSelStart=-1, initialSelEnd=-1, initialCapsMode=0, label=null, fieldId=0, fieldName=null, extras=null, hintText=null, hintLocales=[]}}, false)
10-21 17:13:30.926  1589  1589 I Module  : DeviceLockedStatusModuleProvider$Module.updateDeviceLockedStatus():100 repeatCheckTimes = 1, locked = false
10-21 17:13:30.951 11311 11311 I DialerInternalSemanticEventLoggerImpl: com.android.dialer.cui.impl.InternalSemanticEventLoggerImpl.handleEvent:147 CUI event: RECENTS_TAB_RENDERED_AFTER_RESUMED; uniqueCallId: null
10-21 17:13:30.963   767  2032 W PackageConfigPersister: App-specific configuration not found for packageName: com.google.android.dialer and userId: 0
10-21 17:13:30.963 11311 11333 I DialerLogcatLoggingBindings: com.android.dialer.logging.logcat.LogcatLoggingBindings.logImpression:54 Impression: CUI_INFRA_CUI_EVENT_LOGGED
10-21 17:13:30.969  1589  1589 W NotificationCenter: NotificationCenter$NotificationQueue.notifyPendingNotificationsOnExecutor():877 Heavy notify work detected on UI thread: [lhc->kif] takes 42ms
10-21 17:13:30.979 11311 11333 I DialerLoggingConsentCheckerImpl: com.google.android.dialershared.logging.consent.impl.LoggingConsentCheckerImpl.getConsent:72 timer stop with success, timer present: false
10-21 17:13:31.001 12029 12074 W android.youtube: Long monitor contention with owner BG Thread #4 (12068) at void agou.r(asct)(PG:72) waiters=0 in void agou.g(asct) for 143ms
10-21 17:13:31.117 12029 12136 W YouTube : Empty persistent device token received from InnerTube.
10-21 17:13:31.344 12266 12266 D AndroidRuntime: >>>>>> START com.android.internal.os.RuntimeInit uid 0 <<<<<<
10-21 17:13:31.348 12266 12266 I AndroidRuntime: Using default boot image
10-21 17:13:31.348 12266 12266 I AndroidRuntime: Leaving lock profiling enabled
10-21 17:13:31.351 12266 12266 I app_process: Core platform API reporting enabled by runtime option
10-21 17:13:31.351 12266 12266 I app_process: Using CollectorTypeCMC GC.
10-21 17:13:31.463 12266 12266 D nativeloader: InitDefaultPublicLibraries for_preload=1: libandroid.so:libaaudio.so:libamidi.so:libbinder_ndk.so:libc.so:libcamera2ndk.so:libdl.so:libEGL.so:libGLESv1_CM.so:libGLESv2.so:libGLESv3.so:libicu.so:libicui18n.so:libicuuc.so:libjnigraphics.so:liblog.so:libmediandk.so:libm.so:libnativehelper.so:libnativewindow.so:libOpenMAXAL.so:libOpenSLES.so:libRS.so:libstdc++.so:libsync.so:libvulkan.so:libwebviewchromium_plat_support.so:libz.so
10-21 17:13:31.483 12266 12266 D nativeloader: Load libicu_jni.so using APEX ns com_android_art for caller /apex/com.android.art/javalib/core-oj.jar: ok
10-21 17:13:31.484 12266 12266 D app_process: u_setTimeZoneFilesDirectory("/apex/com.android.tzdata/etc/tz/versioned/9/icu") succeeded. 
10-21 17:13:31.484 12266 12266 D app_process: I18n APEX ICU file found: /apex/com.android.i18n/etc/icu/icudt76l.dat
10-21 17:13:31.487 12266 12266 D nativeloader: Load libjavacore.so using APEX ns com_android_art for caller /apex/com.android.art/javalib/core-oj.jar: ok
10-21 17:13:31.489 12266 12266 D nativeloader: Load libopenjdk.so using APEX ns com_android_art for caller /apex/com.android.art/javalib/core-oj.jar: ok
10-21 17:13:31.491 12266 12266 I app_process: Priority-to-niceness mapping: 19, 16, 13, 10, 0, -2, -4, -5, -6, -8
10-21 17:13:31.491 12266 12266 W app_process: Unexpected CPU variant for x86: x86_64.
10-21 17:13:31.491 12266 12266 W app_process: Known variants: atom, sandybridge, silvermont, goldmont, goldmont-plus, goldmont-without-sha-xsaves, tremont, kabylake, alderlake, default
10-21 17:13:31.536 12266 12266 D nativeloader: Load libframework-connectivity-tiramisu-jni.so using APEX ns com_android_tethering for caller /apex/com.android.tethering/javalib/framework-connectivity-t.jar: ok
10-21 17:13:31.538 12266 12266 D AndroidRuntime: Calling main entry com.android.commands.monkey.Monkey
10-21 17:13:31.538 12266 12266 D nativeloader: Load /system/lib64/libmonkey_jni.so using ns default for caller /system/framework/monkey.jar in same partition (is_bridged=0): ok
10-21 17:13:31.540 12266 12266 W Monkey  : args: [-p, com.google.android.contacts, -c, android.intent.category.LAUNCHER, 1]
10-21 17:13:31.546 12266 12266 I AconfigPackage: android.media.swcodec.flags is mapped to com.android.media.swcodec
10-21 17:13:31.546 12266 12266 I AconfigPackage: com.android.permission.flags is mapped to com.android.permission
10-21 17:13:31.546 12266 12266 I AconfigPackage: com.android.permissioncontroller.flags is mapped to com.android.permission
10-21 17:13:31.546 12266 12266 I AconfigPackage: com.android.icu is mapped to com.android.i18n
10-21 17:13:31.546 12266 12266 I AconfigPackage: com.android.appsearch.flags is mapped to com.android.appsearch
10-21 17:13:31.546 12266 12266 I AconfigPackage: android.uprobestats.mainline.flags is mapped to com.android.uprobestats
10-21 17:13:31.547 12266 12266 I AconfigPackage: com.android.crashrecovery.flags is mapped to com.android.crashrecovery
10-21 17:13:31.547 12266 12266 I AconfigPackage: android.provider.flags is mapped to com.android.configinfrastructure
10-21 17:13:31.547 12266 12266 I AconfigPackage: com.android.server.deviceconfig is mapped to com.android.configinfrastructure
10-21 17:13:31.547 12266 12266 I AconfigPackage: com.android.compos.flags is mapped to com.android.compos
10-21 17:13:31.547 12266 12266 I AconfigPackage: com.android.art.flags is mapped to com.android.art
10-21 17:13:31.547 12266 12266 I AconfigPackage: com.android.art.rw.flags is mapped to com.android.art
10-21 17:13:31.547 12266 12266 I AconfigPackage: com.android.libcore is mapped to com.android.art
10-21 17:13:31.547 12266 12266 I AconfigPackage: com.android.telephony.flags is mapped to com.android.telephonycore
10-21 17:13:31.548 12266 12266 I AconfigPackage: com.android.media.extractor.flags is mapped to com.android.media
10-21 17:13:31.548 12266 12266 I AconfigPackage: com.android.media.mainline.flags is mapped to com.android.media
10-21 17:13:31.548 12266 12266 I AconfigPackage: com.android.wifi.flags is mapped to com.android.wifi
10-21 17:13:31.548 12266 12266 I AconfigPackage: com.android.org.conscrypt.flags is mapped to com.android.conscrypt
10-21 17:13:31.548 12266 12266 I AconfigPackage: com.android.org.conscrypt.net.flags is mapped to com.android.conscrypt
10-21 17:13:31.548 12266 12266 I AconfigPackage: com.android.healthfitness.flags is mapped to com.android.healthfitness
10-21 17:13:31.548 12266 12266 I AconfigPackage: com.android.ipsec.flags is mapped to com.android.ipsec
10-21 17:13:31.548 12266 12266 I AconfigPackage: com.android.nfc.module.flags is mapped to com.android.nfcservices
10-21 17:13:31.548 12266 12266 I AconfigPackage: com.android.adservices.ondevicepersonalization.flags is mapped to com.android.ondevicepersonalization
10-21 17:13:31.549 12266 12266 I AconfigPackage: com.android.adbd.flags is mapped to com.android.adbd
10-21 17:13:31.549 12266 12266 I AconfigPackage: com.android.bluetooth.flags is mapped to com.android.bt
10-21 17:13:31.549 12266 12266 I AconfigPackage: com.android.devicelock.flags is mapped to com.android.devicelock
10-21 17:13:31.549 12266 12266 I AconfigPackage: android.os.profiling is mapped to com.android.profiling
10-21 17:13:31.549 12266 12266 I AconfigPackage: android.os.profiling.anomaly.flags is mapped to com.android.profiling
10-21 17:13:31.549 12266 12266 I AconfigPackage: com.android.os.statsd.flags is mapped to com.android.os.statsd
10-21 17:13:31.549 12266 12266 I AconfigPackage: com.android.rkpd.flags is mapped to com.android.rkpd
10-21 17:13:31.549 12266 12266 I AconfigPackage: com.android.cellbroadcastreceiver.flags is mapped to com.android.cellbroadcast
10-21 17:13:31.549 12266 12266 I AconfigPackage: com.android.adservices.flags is mapped to com.android.adservices
10-21 17:13:31.549 12266 12266 I AconfigPackage: com.android.sdksandbox.flags is mapped to com.android.adservices
10-21 17:13:31.550 12266 12266 I AconfigPackage: com.android.uwb.flags is mapped to com.android.uwb
10-21 17:13:31.550 12266 12266 I AconfigPackage: com.android.ranging.flags is mapped to com.android.uwb
10-21 17:13:31.550 12266 12266 I AconfigPackage: android.graphics.pdf.flags is mapped to com.android.mediaprovider
10-21 17:13:31.550 12266 12266 I AconfigPackage: com.android.providers.media.flags is mapped to com.android.mediaprovider
10-21 17:13:31.550 12266 12266 I AconfigPackage: android.graphics.pdf.flags.readonly is mapped to com.android.mediaprovider
10-21 17:13:31.550 12266 12266 I AconfigPackage: com.android.net.ct.flags is mapped to com.android.tethering
10-21 17:13:31.550 12266 12266 I AconfigPackage: com.android.tethering.mainline.beta is mapped to com.android.tethering
10-21 17:13:31.550 12266 12266 I AconfigPackage: com.android.net.flags is mapped to com.android.tethering
10-21 17:13:31.550 12266 12266 I AconfigPackage: com.android.nearby.flags is mapped to com.android.tethering
10-21 17:13:31.550 12266 12266 I AconfigPackage: android.net.vcn is mapped to com.android.tethering
10-21 17:13:31.550 12266 12266 I AconfigPackage: com.android.tethering.beta.test is mapped to com.android.tethering
10-21 17:13:31.550 12266 12266 I AconfigPackage: android.net.http is mapped to com.android.tethering
10-21 17:13:31.550 12266 12266 I AconfigPackage: com.android.net.thread.flags is mapped to com.android.tethering
10-21 17:13:31.550 12266 12266 I AconfigPackage: com.android.system.virtualmachine.flags is mapped to com.android.virt
10-21 17:13:31.550 12266 12266 E FeatureFlagsImplExport: android.os.flagging.AconfigStorageReadException: ERROR_PACKAGE_NOT_FOUND: package android.xr cannot be found on the device
10-21 17:13:31.596     0     0 I input   : Monkey touch as /devices/virtual/input/input28
10-21 17:13:31.556 12266 12266 W Monkey  :  arg: "-p"
10-21 17:13:31.556 12266 12266 W Monkey  :  arg: "com.google.android.contacts"
10-21 17:13:31.556 12266 12266 W Monkey  :  arg: "-c"
10-21 17:13:31.556 12266 12266 W Monkey  :  arg: "android.intent.category.LAUNCHER"
10-21 17:13:31.556 12266 12266 W Monkey  :  arg: "1"
10-21 17:13:31.556 12266 12266 W Monkey  : data="com.google.android.contacts"
10-21 17:13:31.556 12266 12266 W Monkey  : data="android.intent.category.LAUNCHER"
10-21 17:13:31.558   767   898 D EventHub: No input device configuration file found for device 'Monkey touch'.
10-21 17:13:31.560   767   898 I EventHub: usingClockIoctl=true
10-21 17:13:31.560   767   898 I EventHub: New device: id=28, fd=665, path='/dev/input/event14', name='Monkey touch', classes=TOUCH | TOUCH_MT, configuration='', keyLayout='', keyCharacterMap='', builtinKeyboard=false, 
10-21 17:13:31.563   767   898 I InputReader: Device reconfigured: id=28, name='Monkey touch', size 1080x2400, orientation Rotation0, mode DIRECT, display id 0
10-21 17:13:31.564   767   898 I InputReader: Device added: id=28, eventHubId=28, name='Monkey touch', descriptor='e1fe28b90f915c7d1febbd52c1ef84b3c4cbed9f',sources=TOUCHSCREEN
10-21 17:13:31.574   767   802 D WindowManager: Direct invocation of sendNewConfiguration: Display{#0 state=ON size=1080x2400 ROTATION_0}
10-21 17:13:31.576   767   802 W libbinder.IPCThreadState: Sending oneway calls to frozen process.
10-21 17:13:31.589   767   857 W ActivityManager: registerReceiverWithFeature: no app for null
10-21 17:13:31.600   767   857 W ActivityTaskManager: callingPackage for (uid=0, pid=12266) has no WPC
10-21 17:13:31.601   767   857 V WindowManager: DesktopModeLaunchParamsModifier: phase= 0 task=null activity=null display-area-from-current-params=null display-area-from-default-fallback=DefaultTaskDisplayArea@155435942 display-id=0 task-display-area-windowing-mode=1 suggested-display-area=DefaultTaskDisplayArea@155435942 task null, skipping
10-21 17:13:31.601   767   857 V WindowManager: TaskLaunchParamsModifier:phase=0 task=null activity=null display-area-from-current-params=null display-area-from-default-fallback=DefaultTaskDisplayArea@155435942 display-id=0 task-display-area-windowing-mode=1 suggested-display-area=DefaultTaskDisplayArea@155435942
10-21 17:13:31.602   767   857 V GrammaticalInflectionUtils: AttributionSource: AttributionSource { uid = 10155, packageName = null, attributionTag = null, token = android.os.Binder@b9d83fb, deviceId = 0, next = null } does not have READ_SYSTEM_GRAMMATICAL_GENDER permission.
10-21 17:13:31.606   767   857 V WindowManager: DesktopModeLaunchParamsModifier: phase= 0 task=null activity=ActivityRecord{26966903 u0 com.google.android.contacts/com.android.contacts.activities.PeopleActivity display-area-from-current-params=null display-area-for-record=DefaultTaskDisplayArea@155435942 display-id=0 task-display-area-windowing-mode=1 suggested-display-area=DefaultTaskDisplayArea@155435942 task null, skipping
10-21 17:13:31.606   767   857 V WindowManager: TaskLaunchParamsModifier:phase=0 task=null activity=ActivityRecord{26966903 u0 com.google.android.contacts/com.android.contacts.activities.PeopleActivity t-1} display-area-from-current-params=null display-area-for-record=DefaultTaskDisplayArea@155435942 display-id=0 task-display-area-windowing-mode=1 suggested-display-area=DefaultTaskDisplayArea@155435942
10-21 17:13:31.606   767   857 V WindowManager: DesktopModeLaunchParamsModifier: phase= 3 task=Task{5a365e4 #46 type=standard I=com.google.android.contacts/com.android.contacts.activities.PeopleActivity} activity=ActivityRecord{26966903 u0 com.google.android.contacts/com.android.contacts.activities.PeopleActivity t-1} display-from-task=0 display-id=0 task-display-area-windowing-mode=1 suggested-display-area=DefaultTaskDisplayArea@155435942 not entering desktop mode, skipping
10-21 17:13:31.606   767   857 V WindowManager: TaskLaunchParamsModifier:phase=3 task=Task{5a365e4 #46 type=standard I=com.google.android.contacts/com.android.contacts.activities.PeopleActivity} activity=ActivityRecord{26966903 u0 com.google.android.contacts/com.android.contacts.activities.PeopleActivity t-1} display-from-task=0 display-id=0 task-display-area-windowing-mode=1 suggested-display-area=DefaultTaskDisplayArea@155435942 inherit-from-task=fullscreen non-freeform-task-display-area display-area=DefaultTaskDisplayArea@155435942 skip-bounds-fullscreen
10-21 17:13:31.607   767   857 V WindowManager: DesktopModeLaunchParamsModifier: phase= 3 task=Task{5a365e4 #46 type=standard I=com.google.android.contacts/com.android.contacts.activities.PeopleActivity} activity=ActivityRecord{26966903 u0 com.google.android.contacts/com.android.contacts.activities.PeopleActivity t-1} display-from-task=0 display-id=0 task-display-area-windowing-mode=1 suggested-display-area=DefaultTaskDisplayArea@155435942 not entering desktop mode, skipping
10-21 17:13:31.607   767   857 V WindowManager: TaskLaunchParamsModifier:phase=3 task=Task{5a365e4 #46 type=standard I=com.google.android.contacts/com.android.contacts.activities.PeopleActivity} activity=ActivityRecord{26966903 u0 com.google.android.contacts/com.android.contacts.activities.PeopleActivity t-1} display-from-task=0 display-id=0 task-display-area-windowing-mode=1 suggested-display-area=DefaultTaskDisplayArea@155435942 inherit-from-task=fullscreen non-freeform-task-display-area display-area=DefaultTaskDisplayArea@155435942 skip-bounds-fullscreen
10-21 17:13:31.608   582   657 I libbinder.BpBinder: onLastStrongRef automatically unlinking death recipients for descriptor: '(not cached)'
10-21 17:13:31.610   767   857 I ActivityTaskManager: START u0 {act=android.intent.action.MAIN cat=[android.intent.category.LAUNCHER] flg=0x10200000 cmp=com.google.android.contacts/com.android.contacts.activities.PeopleActivity} with LAUNCH_SINGLE_TOP from uid 0 (BAL_ALLOW_ALLOWLISTED_UID) result code=2
10-21 17:13:31.610 12266 12266 I Monkey  : Events injected: 1
10-21 17:13:31.610  1055  1178 V WindowManagerShell: Transition requested (#25): android.os.BinderProxy@f30340f TransitionRequestInfo { type = OPEN, triggerTask = TaskInfo{userId=0 taskId=46 effectiveUid=10155 displayId=0 isRunning=true baseIntent=Intent { act=android.intent.action.MAIN cat=[android.intent.category.LAUNCHER] flg=0x10200000 cmp=com.google.android.contacts/com.android.contacts.activities.PeopleActivity } baseActivity=ComponentInfo{com.google.android.contacts/com.google.android.apps.contacts.activities.PeopleActivity} topActivity=ComponentInfo{com.google.android.contacts/com.google.android.apps.contacts.activities.PeopleActivity} origActivity=ComponentInfo{com.google.android.contacts/com.android.contacts.activities.PeopleActivity} realActivity=ComponentInfo{com.google.android.contacts/com.google.android.apps.contacts.activities.PeopleActivity} numActivities=1 lastActiveTime=92721598 supportsMultiWindow=true resizeMode=1 isResizeable=true minWidth=-1 minHeight=-1 defaultMinSize=220 token=WCT{android.os.BinderProxy@58c6c47} topActivityType=1 pictureInPictureParams=null shouldDockBigOverlays=false launchIntoPipHostTaskId=-1 lastParentTaskIdBeforePip=-1 displayCutoutSafeInsets=Rect(0, 0 - 0, 0) topActivityInfo=ActivityInfo{9fcec9c com.android.contacts.activities.PeopleActivity} launchCookies=[] positionInParent=Point(0, 0) parentTaskId=-1 isFocused=false isVisible=false isVisibleRequested=false isTopActivityNoDisplay=false isSleeping=false locusId=null displayAreaFeatureId=1 isTopActivityTransparent=false isActivityStackTransparent=false lastNonFullscreenBounds=null capturedLink=null capturedLinkTimestamp=0 requestedVisibleTypes=503 topActivityRequestOpenInBrowserEducationTimestamp=0 appCompatTaskInfo=AppCompatTaskInfo { topActivityInSizeCompat=false isLeafTask= true eligibleForLetterboxEducation= false isLetterboxEducationEnabled= true isLetterboxDoubleTapEnabled= false eligibleForUserAspectRatioButton= false topActivityBoundsLetterboxed= false isFromLetterboxDoubleTap= false topActivityLetterboxVerticalPosition= -1 topActivityLetterboxHorizontalPosition= -1 topActivityLetterboxWidth=-1 topActivityLetterboxHeight=-1 topActivityAppBounds=Rect(0, 0 - 1080, 2400) isUserFullscreenOverrideEnabled=false isSystemFullscreenOverrideEnabled=false hasMinAspectRatioOverride=false topActivityLetterboxBounds=null cameraCompatTaskInfo=CameraCompatTaskInfo { cameraCompatMode=inactiveundefined} topNonResizableActivityAspectRatio=-1.0} topActivityMainWindowFrame=null isAppBubble=false}, pipChange = null, remoteTransition = null, displayChange = null, requestedLocation = null, userChange = null, flags = 0, debugId = 25 }
10-21 17:13:31.611  1055  1178 D ShellSplitScreen: logExit: no-op, mLoggerSessionId is null
10-21 17:13:31.615  1197  1197 D b/417220811: invalidateLoadedTasks - previous requestLoadId: -1
10-21 17:13:31.615  1055  1178 D WindowManagerShell: onActivityRestartAttempt: topActivity=ComponentInfo{com.google.android.contacts/com.google.android.apps.contacts.activities.PeopleActivity}, wasVisible=false
10-21 17:13:31.617 11311 11311 I DialerCallLogFragmentPeer: com.android.dialer.calllog.ui.CallLogFragmentPeer.onPause:675 onPause
10-21 17:13:31.617  1055  1285 V SnapshotDrawerUtils: Drawing snapshot surface sizeMismatch=true
10-21 17:13:31.618 11311 11311 I DialerPhoneAccountInfoFetcher: com.android.dialer.phoneaccount.PhoneAccountInfoFetcher.clearCache:172 Clearing PhoneAccountInfo cache
10-21 17:13:31.619 12266 12266 I Monkey  : ## Network stats: elapsed time=24ms (0ms mobile, 0ms wifi, 24ms not connected)
10-21 17:13:31.619 11311 11311 I DialerInternalSemanticEventLoggerImpl: com.android.dialer.cui.impl.InternalSemanticEventLoggerImpl.handleEvent:147 CUI event: MAIN_ACTIVITY_ON_PAUSE; uniqueCallId: null
10-21 17:13:31.620 12266 12266 I app_process: System.exit called, status: 0
10-21 17:13:31.620 12266 12266 I AndroidRuntime: VM exiting with result code 0.
10-21 17:13:31.624 11311 11350 I DialerSingletonScopedExternalsLogging: com.google.android.dialershared.externals.logging.SingletonScopedExternalsLogging.recordCallMethodInvocation:75 event: AUDIO_MANAGER_CLEAR_COMMUNICATION_DEVICE, function parameters: [], return value: <empty>
10-21 17:13:31.624   767  1118 I MediaFocusControl: abandonAudioFocus() from uid/pid 10137/11311 clientId=android.media.AudioManager@6346be7gsj@8dc8394 callingPack=com.google.android.dialer
10-21 17:13:31.624 11311 11336 I DialerSingletonScopedExternalsLogging: com.google.android.dialershared.externals.logging.SingletonScopedExternalsLogging.recordCallMethodInvocation:75 event: AUDIO_MANAGER_ABANDON_AUDIO_FOCUS_REQUEST, function parameters: [2,false,2,1], return value: 1
10-21 17:13:31.625 11311 11333 I DialerLogcatLoggingBindings: com.android.dialer.logging.logcat.LogcatLoggingBindings.logImpression:54 Impression: CUI_INFRA_CUI_EVENT_LOGGED
10-21 17:13:31.625 11311 11311 I DialerModernizedMainActivityPeerDelegate: com.android.dialer.modernizedmain.impl.ui.ModernizedMainActivityPeerDelegate.onPause:258 unregistered GrowthKit and HaTS callbacks [CONTEXT ratelimit_period="1 MINUTES" skipped=1 ]
10-21 17:13:31.628   767  1000 D BackgroundInstallControlService: Package event received: 0
10-21 17:13:31.633   767   898 I EventHub: Removing device Monkey touch due to epoll hang-up event.
10-21 17:13:31.633   767   898 I EventHub: Removed device: path=/dev/input/event14 name=Monkey touch id=28 fd=665 classes=TOUCH | TOUCH_MT
10-21 17:13:31.637   767   802 W ProcessStats: Tracking association SourceState{df04368 com.google.android.gms.persistent/10146 BTop #7119} whose proc state 2 is better than process ProcessState{c297162 com.google.android.gms/10146 pkg=com.google.android.gms} proc state 14 (388 skipped)
10-21 17:13:31.646 11311 11321 V ClearcutMetricXmitter: Transmission is done.
10-21 17:13:31.649  1055  1064 V WindowManagerShell: onTransitionReady(transaction=3294239918112)
10-21 17:13:31.649  1055  1178 V WindowManagerShell: onTransitionReady (#25) android.os.BinderProxy@f30340f: {id=25 t=OPEN f=0x0 trk=0 r=[0@Point(0, 0)] c=[
10-21 17:13:31.649  1055  1178 V WindowManagerShell:         {m=TO_FRONT f=MOVE_TO_TOP leash=Surface(name=Task=46#184)/@0xcc6022b sb=Rect(0, 0 - 1080, 2400) eb=Rect(0, 0 - 1080, 2400) epz=Point(1080, 2400) d=0 taskParent=-1 winMode=1 userId=0},
10-21 17:13:31.649  1055  1178 V WindowManagerShell:         {m=TO_BACK f=NONE leash=Surface(name=Task=45#167)/@0xd3a3688 sb=Rect(0, 0 - 1080, 2400) eb=Rect(0, 0 - 1080, 2400) epz=Point(1080, 2400) d=0 taskParent=-1 winMode=1 userId=0}
10-21 17:13:31.649  1055  1178 V WindowManagerShell:     ]}
10-21 17:13:31.650   767   898 I InputReader: Device removed: id=28, eventHubId=28, name='Monkey touch', descriptor='e1fe28b90f915c7d1febbd52c1ef84b3c4cbed9f', sources=TOUCHSCREEN
10-21 17:13:31.654  1055  1178 V WindowManagerShell: Playing animation for (#25) android.os.BinderProxy@f30340f@0
10-21 17:13:31.672   767  1000 D BackgroundInstallControlService: Package event received: 0
10-21 17:13:31.672   767  1000 D BackgroundInstallControlService: Package event received: 0
10-21 17:13:31.673   767  1000 D BackgroundInstallControlService: Package event received: 0
10-21 17:13:31.674   767   898 I EventHub: Removing device '/dev/input/event14' due to inotify event
10-21 17:13:31.675  1055  1178 V ShellRecents: RecentsTransitionHandler.startAnimation: no controller found
10-21 17:13:31.675  1055  1178 V WindowManagerShell: Transition doesn't have explicit remote, search filters for match for {id=25 t=OPEN f=0x0 trk=0 r=[0@Point(0, 0)] c=[{m=TO_FRONT f=MOVE_TO_TOP leash=Surface(name=Task=46#184)/@0xcc6022b sb=Rect(0, 0 - 1080, 2400) eb=Rect(0, 0 - 1080, 2400) epz=Point(1080, 2400) d=0 taskParent=-1 winMode=1 userId=0},{m=TO_BACK f=NONE leash=Surface(name=Task=45#167)/@0xd3a3688 sb=Rect(0, 0 - 1080, 2400) eb=Rect(0, 0 - 1080, 2400) epz=Point(1080, 2400) d=0 taskParent=-1 winMode=1 userId=0}]}
10-21 17:13:31.675  1055  1178 V WindowManagerShell:  Checking filter Pair{{types=[] flags=0x0] notFlags=0x0 checks=[{atype=undefined independent=true modes=[CLOSE,TO_BACK] flags=IN_TASK_WITH_EMBEDDED_ACTIVITY mustBeTask=false order=ANY topActivity=null launchCookie=null taskFragmentToken=android.os.BinderProxy@ec792c6 windowingMode=undefined}]} RemoteTransition { remoteTransition = android.window.IRemoteTransition$Stub$Proxy@4d60287, appThread = android.app.IApplicationThread$Stub$Proxy@f4e65b4, debugName = overlayBackTransition }}
10-21 17:13:31.675  1055  1178 V WindowManagerShell:  Checking filter Pair{{types=[] flags=0x0] notFlags=0x0 checks=[{atype=dream independent=true modes=[OPEN,TO_FRONT] flags=NONE mustBeTask=false order=ANY topActivity=null launchCookie=null windowingMode=undefined},{atype=home independent=true modes=[CLOSE,TO_BACK] flags=NONE mustBeTask=false order=ANY topActivity=null launchCookie=null windowingMode=undefined}]} RemoteTransition { remoteTransition = android.window.IRemoteTransition$Stub$Proxy@49655dd, appThread = android.app.IApplicationThread$Stub$Proxy@81a1552, debugName = LauncherToDream }}
10-21 17:13:31.675  1055  1178 V WindowManagerShell:  Checking filter Pair{{types=[] flags=0x0] notFlags=0x100 checks=[{atype=home independent=true modes=[OPEN,TO_FRONT] flags=NONE mustBeTask=false order=TOP topActivity=ComponentInfo{com.google.android.apps.nexuslauncher/com.google.android.apps.nexuslauncher.NexusLauncherActivity} launchCookie=null windowingMode=undefined},{atype=standard independent=true modes=[CLOSE,TO_BACK] flags=NONE mustBeTask=false order=ANY topActivity=null launchCookie=null windowingMode=undefined},{NOT atype=undefined independent=true modes=[] flags=NONE mustBeTask=true order=ANY topActivity=null launchCookie=null customAnim=true windowingMode=undefined}]} RemoteTransition { remoteTransition = android.window.IRemoteTransition$Stub$Proxy@5064023, appThread = android.app.IApplicationThread$Stub$Proxy@9462920, debugName = QuickstepLaunchHome }}
10-21 17:13:31.675  1055  1178 V WindowManagerShell:  Delegate animation for (#25) to null
10-21 17:13:31.675  1055  1178 V WindowManagerShell: start default transition animation, info = {id=25 t=OPEN f=0x0 trk=0 r=[0@Point(0, 0)] c=[{m=TO_FRONT f=MOVE_TO_TOP leash=Surface(name=Task=46#184)/@0xcc6022b sb=Rect(0, 0 - 1080, 2400) eb=Rect(0, 0 - 1080, 2400) epz=Point(1080, 2400) d=0 taskParent=-1 winMode=1 userId=0},{m=TO_BACK f=NONE leash=Surface(name=Task=45#167)/@0xd3a3688 sb=Rect(0, 0 - 1080, 2400) eb=Rect(0, 0 - 1080, 2400) epz=Point(1080, 2400) d=0 taskParent=-1 winMode=1 userId=0}]}
10-21 17:13:31.676   767   799 V WindowManager: Sent Transition (#25) createdAt=10-21 17:13:31.605 via request=TransitionRequestInfo { type = OPEN, triggerTask = TaskInfo{userId=0 taskId=46 effectiveUid=10155 displayId=0 isRunning=true baseIntent=Intent { act=android.intent.action.MAIN cat=[android.intent.category.LAUNCHER] flg=0x10200000 cmp=com.google.android.contacts/com.android.contacts.activities.PeopleActivity } baseActivity=ComponentInfo{com.google.android.contacts/com.google.android.apps.contacts.activities.PeopleActivity} topActivity=ComponentInfo{com.google.android.contacts/com.google.android.apps.contacts.activities.PeopleActivity} origActivity=ComponentInfo{com.google.android.contacts/com.android.contacts.activities.PeopleActivity} realActivity=ComponentInfo{com.google.android.contacts/com.google.android.apps.contacts.activities.PeopleActivity} numActivities=1 lastActiveTime=92721598 supportsMultiWindow=true resizeMode=1 isResizeable=true minWidth=-1 minHeight=-1 defaultMinSize=220 token=WCT{RemoteToken{54b1cd6 Task{5a365e4 #46 type=standard I=com.google.android.contacts/com.android.contacts.activities.PeopleActivity}}} topActivityType=1 pictureInPictureParams=null shouldDockBigOverlays=false launchIntoPipHostTaskId=-1 lastParentTaskIdBeforePip=-1 displayCutoutSafeInsets=Rect(0, 0 - 0, 0) topActivityInfo=ActivityInfo{748ab57 com.android.contacts.activities.PeopleActivity} launchCookies=[] positionInParent=Point(0, 0) parentTaskId=-1 isFocused=false isVisible=false isVisibleRequested=false isTopActivityNoDisplay=false isSleeping=false locusId=null displayAreaFeatureId=1 isTopActivityTransparent=false isActivityStackTransparent=false lastNonFullscreenBounds=null capturedLink=null capturedLinkTimestamp=0 requestedVisibleTypes=503 topActivityRequestOpenInBrowserEducationTimestamp=0 appCompatTaskInfo=AppCompatTaskInfo { topActivityInSizeCompat=false isLeafTask= true eligibleForLetterboxEducation= false isLetterboxEducationEnabled= true isLetterboxDoubleTapEnabled= false eligibleForUserAspectRatioButton= false topActivityBoundsLetterboxed= false isFromLetterboxDoubleTap= false topActivityLetterboxVerticalPosition= -1 topActivityLetterboxHorizontalPosition= -1 topActivityLetterboxWidth=-1 topActivityLetterboxHeight=-1 topActivityAppBounds=Rect(0, 0 - 1080, 2400) isUserFullscreenOverrideEnabled=false isSystemFullscreenOverrideEnabled=false hasMinAspectRatioOverride=false topActivityLetterboxBounds=null cameraCompatTaskInfo=CameraCompatTaskInfo { cameraCompatMode=inactiveundefined} topNonResizableActivityAspectRatio=-1.0} topActivityMainWindowFrame=null isAppBubble=false}, pipChange = null, remoteTransition = null, displayChange = null, requestedLocation = null, userChange = null, flags = 0, debugId = 25 }
10-21 17:13:31.676   767   799 V WindowManager:     startWCT=WindowContainerTransaction { changes= {} hops= [] errorCallbackToken=null taskFragmentOrganizer=null }
10-21 17:13:31.676   767   799 V WindowManager:     info={id=25 t=OPEN f=0x0 trk=0 r=[0@Point(0, 0)] c=[
10-21 17:13:31.676   767   799 V WindowManager:         {WCT{RemoteToken{54b1cd6 Task{5a365e4 #46 type=standard I=com.google.android.contacts/com.android.contacts.activities.PeopleActivity}}} m=TO_FRONT f=MOVE_TO_TOP leash=Surface(name=Task=46#184)/@0x46e0bb9 sb=Rect(0, 0 - 1080, 2400) eb=Rect(0, 0 - 1080, 2400) epz=Point(1080, 2400) d=0 taskParent=-1 winMode=1 userId=0},
10-21 17:13:31.676   767   799 V WindowManager:         {WCT{RemoteToken{97c1008 Task{50f79c0 #45 type=standard A=10137:com.google.android.dialer}}} m=TO_BACK f=NONE leash=Surface(name=Task=45#167)/@0xc832069 sb=Rect(0, 0 - 1080, 2400) eb=Rect(0, 0 - 1080, 2400) epz=Point(1080, 2400) d=0 taskParent=-1 winMode=1 userId=0}
10-21 17:13:31.676   767   799 V WindowManager:     ]}
10-21 17:13:31.681 11311 11332 I DialerLoggingConsentCheckerImpl: com.google.android.dialershared.logging.consent.impl.LoggingConsentCheckerImpl.getConsent:72 timer stop with success, timer present: false
10-21 17:13:31.690  1055  1178 V WindowManagerShell: loadAnimation: anim=android.view.animation.AnimationSet@2a68ba3 animAttr=0x9 type=OPEN isEntrance=false
10-21 17:13:31.690   767   802 D WindowManager: Direct invocation of sendNewConfiguration: Display{#0 state=ON size=1080x2400 ROTATION_0}
10-21 17:13:31.691  1055  1178 V WindowManagerShell: loadAnimation: anim=android.view.animation.AnimationSet@2874ea0 animAttr=0x8 type=OPEN isEntrance=true
10-21 17:13:31.693  1055  1178 V WindowManagerShell:  animated by com.android.wm.shell.transition.DefaultTransitionHandler@48ec040
10-21 17:13:31.695  1055  1178 W Looper  : Slow dispatch took 45ms wmshell.main app=com.android.systemui main=false group=FOREGROUND h=android.os.Handler c=com.android.wm.shell.transition.Transitions$TransitionPlayerImpl$$ExternalSyntheticLambda1@28c3eff m=0
10-21 17:13:31.696  1197  1197 D TouchInteractionService: disposeEventHandlers: Reason: Initializing input monitor due to: onTrackpadConnected() instance=177253505
10-21 17:13:31.696  1197  1197 D InputMonitorCompat: Input event receiver for monitor (swipe-up-disp0) disposed
10-21 17:13:31.696   767   897 W InputDispatcher: channel '[Gesture Monitor] swipe-up' ~ Consumer closed input channel or an error occurred.  events=0x9
10-21 17:13:31.696   767   897 E InputDispatcher: channel '[Gesture Monitor] swipe-up' ~ Channel is unrecoverably broken and will be disposed!
10-21 17:13:31.697  1197  1197 D InputMonitorCompat: Input monitor (swipe-up-disp0) disposed
10-21 17:13:31.702   767   802 W libbinder.IPCThreadState: Sending oneway calls to frozen process.
10-21 17:13:31.704   767   802 W PermissionService: getPermissionFlags: Unknown user -1
10-21 17:13:31.704   767   802 W PermissionService: getPermissionFlags: Unknown user -1
10-21 17:13:31.708  1055  1055 D NavigationModeController: getCurrentUserContext: contextUser=0 currentUser=0
10-21 17:13:31.715  1197  1197 D InputMonitorCompat: Input monitor (swipe-up-disp0) created
10-21 17:13:31.715  1197  1197 D InputMonitorCompat: Input event receiver for monitor (swipe-up-disp0) created
10-21 17:13:31.745  1197  1197 D b/417220811: invalidateLoadedTasks - previous requestLoadId: -1
10-21 17:13:31.777 11398 11398 I ContactsIntentResolver: Called with action: android.intent.action.MAIN
10-21 17:13:31.784  1643  1643 D BoundBrokerSvc: onBind: Intent { act=com.google.android.gms.inappreach.service.START dat=chimera-action:/... xflg=0x4 cmp=com.google.android.gms/.chimera.GmsApiService }
10-21 17:13:31.786  1643  1643 D BoundBrokerSvc: Loading bound service for intent: Intent { act=com.google.android.gms.inappreach.service.START dat=chimera-action:/... xflg=0x4 cmp=com.google.android.gms/.chimera.GmsApiService }
10-21 17:13:31.822  1643  1643 D BoundBrokerSvc: onBind: Intent { act=com.google.android.gms.people.contactssync.service.START xflg=0x4 pkg=com.google.android.gms }
10-21 17:13:31.822  1643  1643 D BoundBrokerSvc: Loading bound service for intent: Intent { act=com.google.android.gms.people.contactssync.service.START xflg=0x4 pkg=com.google.android.gms }
10-21 17:13:31.831 11398 11431 I GFXSTREAM: [eglDisplay.cpp(297)] Opening libGLESv1_CM_emulation.so
10-21 17:13:31.831 11398 11431 I GFXSTREAM: [eglDisplay.cpp(297)] Opening libGLESv2_emulation.so
10-21 17:13:31.870   767   783 I system_server: Background young concurrent mark compact GC freed 14MB AllocSpace bytes, 44(1512KB) LOS objects, 40% free, 34MB/57MB, paused 1.346ms,1.950ms total 192.473ms
10-21 17:13:31.875   767   784 I libbinder.BpBinder: onLastStrongRef automatically unlinking death recipients for descriptor: '(not cached)'
10-21 17:13:31.892 11398 11431 W HWUI    : Failed to initialize 101010-2 format, error = EGL_SUCCESS
10-21 17:13:31.906   767   784 I libbinder.BpBinder: onLastStrongRef automatically unlinking death recipients for descriptor: '(not cached)'
10-21 17:13:31.912  1190  1337 D SatelliteController: iisInCarrierRoamingNbIotNtn: satellite is disabled
10-21 17:13:31.913  1190  1337 D SatelliteController: getCarrierRoamingNtnConnectType: Falling back to global carrier config connect type: 0
10-21 17:13:31.915   767   784 I libbinder.BpBinder: onLastStrongRef automatically unlinking death recipients for descriptor: '(not cached)'
10-21 17:13:31.931  1730  2423 W AiAiEcho: LyftNotificationParser Ridesharing ETA not enabled
10-21 17:13:31.936  1730  2423 I AiAiEcho: SmartspaceNotificationPredictor no parser can handle this notification or notification is invalid
10-21 17:13:32.050 12029 12227 I FA      : Application backgrounded at: timestamp_millis: 1761038010048
10-21 17:13:32.232  1055  1178 V WindowManagerShell: Transition animation finished (aborted=false), notifying core (#25) android.os.BinderProxy@f30340f@0
10-21 17:13:32.235   767   799 V WindowManager: Finish Transition (#25): created at 10-21 17:13:31.605 collect-started=0.054ms request-sent=4.475ms started=8.502ms ready=34.619ms sent=41.145ms commit=55.034ms finished=629.172ms
10-21 17:13:32.237  1055  1178 V WindowManagerShell: Track 0 became idle
10-21 17:13:32.237  1055  1178 V WindowManagerShell: All active transition animations finished
10-21 17:13:32.239   767  1029 W ImageReader_JNI: Unable to acquire a buffer item, very likely client tried to acquire more than maxImages buffers
10-21 17:13:32.243 11311 11311 D VRI[GoogleDialtactsActivity]: visibilityChanged oldVisibility=true newVisibility=false
10-21 17:13:32.284  1730  1730 W AiAiVC  : Unexpected capture event type: 11
10-21 17:13:32.594 11398 11398 D WindowLayoutComponentImpl: Register WindowLayoutInfoListener on Context=wle@d1d67f, of which baseContext=PeopleActivity{intanceId=0}, of which baseContext=ow@f537695, of which baseContext=android.app.ContextImpl@e913aa
10-21 17:13:32.595 11398 11398 I Choreographer: Skipped 46 frames!  The application may be doing too much work on its main thread.
10-21 17:13:32.602 11398 11557 I HWUI    : Davey! duration=923ms; Flags=1, FrameTimelineVsyncId=74680, IntendedVsync=92772263259453, Vsync=92772413259447, InputEventId=0, HandleInputStart=92772420097325, AnimationStart=92772420098739, PerformTraversalsStart=92772435512761, DrawStart=92772625197498, FrameDeadline=92772279926119, FrameStartTime=92772416751584, FrameInterval=16666666, WorkloadTarget=16666666, SyncQueued=92772641791616, SyncStart=92772666325726, IssueDrawCommandsStart=92772670464044, SwapBuffers=92773106512878, FrameCompleted=92773211693082, DequeueBufferDuration=13722, QueueBufferDuration=272967, GpuCompleted=92773211693082, SwapBuffersCompleted=92773207736584, DisplayPresentTime=0, CommandSubmissionCompleted=92773106512878, 
10-21 17:13:32.612 11311 11311 I DialerCallLogFragmentPeer: com.android.dialer.calllog.ui.CallLogFragmentPeer.onStop:682 onStop
10-21 17:13:32.612 11311 11311 I DialerModernizedMainFragmentPeer: com.android.dialer.modernizedmain.impl.ui.ModernizedMainFragmentPeer.onStop:461 enter
10-21 17:13:32.613 11311 11332 I DialerLogcatLoggingBindings: com.android.dialer.logging.logcat.LogcatLoggingBindings.logImpression:54 Impression: MAIN_ACTIVITY_ON_STOP
10-21 17:13:32.615 11311 11311 I DialerModernizedMainActivityPeerDelegate: com.android.dialer.modernizedmain.impl.ui.ModernizedMainActivityPeerDelegate.onSaveInstanceState:266 onSaveInstanceState enter
10-21 17:13:32.623 11311 11332 I DialerLoggingConsentCheckerImpl: com.google.android.dialershared.logging.consent.impl.LoggingConsentCheckerImpl.getConsent:72 timer stop with success, timer present: false
10-21 17:13:32.625   767   906 I ImeTracker: com.google.android.contacts:fcc6b1b4: onRequestHide at ORIGIN_SERVER reason HIDE_UNSPECIFIED_WINDOW fromUser false
10-21 17:13:32.630 11311 11311 I ImeTracker: com.google.android.dialer:4a017a80: onRequestHide at ORIGIN_CLIENT reason HIDE_WINDOW_LOST_FOCUS fromUser false
10-21 17:13:32.630 11311 11311 D InsetsController: hide(ime())
10-21 17:13:32.630 11311 11311 I ImeTracker: com.google.android.dialer:4a017a80: onCancelled at PHASE_CLIENT_ALREADY_HIDDEN
10-21 17:13:32.630   520   596 I netd    : tetherGetStats() -> {[]} <1.50ms>
10-21 17:13:32.636  1589  1589 I GoogleInputMethodService: GoogleInputMethodService.onFinishInput():1984 
10-21 17:13:32.638   767  1000 D BackgroundInstallControlService: Package event received: 0
10-21 17:13:32.638  1589  1589 I Module  : DeviceLockedStatusModuleProvider$Module.updateDeviceLockedStatus():100 repeatCheckTimes = 0, locked = false
10-21 17:13:32.639  1589  1589 I GoogleInputMethodService: GoogleInputMethodService.onStartInput():1248 onStartInput(EditorInfo{EditorInfo{packageName=com.google.android.contacts, inputType=0, inputTypeString=NULL, enableLearning=false, autoCorrection=false, autoComplete=false, imeOptions=0, privateImeOptions=null, actionName=UNSPECIFIED, actionLabel=null, initialSelStart=-1, initialSelEnd=-1, initialCapsMode=0, label=null, fieldId=0, fieldName=null, extras=null, hintText=null, hintLocales=[]}}, false)
10-21 17:13:32.639   767  2117 I ImeTracker: system_server:8f6e850a: onRequestHide at ORIGIN_SERVER reason IME_REQUESTED_CHANGED_LISTENER fromUser false
10-21 17:13:32.641  1589  1589 I Module  : DeviceLockedStatusModuleProvider$Module.updateDeviceLockedStatus():100 repeatCheckTimes = 1, locked = false
10-21 17:13:32.641 11398 11398 D InsetsController: hide(ime())
10-21 17:13:32.642 11398 11398 I ImeTracker: com.google.android.contacts:fcc6b1b4: onCancelled at PHASE_CLIENT_ALREADY_HIDDEN
10-21 17:13:32.649   767  2117 W PackageConfigPersister: App-specific configuration not found for packageName: com.google.android.contacts and userId: 0
10-21 17:13:32.653   767   802 I ImeTracker: system_server:8f6e850a: onCancelled at PHASE_SERVER_SHOULD_HIDE
10-21 17:13:32.679  1643  2469 I PeopleChimeraService: onService. callbacks = ckvp@c97d89e, request = com.google.android.gms.common.internal.GetServiceRequest@8db8f7f
10-21 17:13:32.875   767  1000 D BackgroundInstallControlService: Package event received: 0
10-21 17:13:32.973   767  1000 D BackgroundInstallControlService: Package event received: 0
10-21 17:13:32.995   767   799 D AutofillManagerService: Close system dialogs
10-21 17:13:32.995   767   941 V WifiDialogManager: Received action: android.intent.action.CLOSE_SYSTEM_DIALOGS
10-21 17:13:32.995   767   941 V WifiDialogManager: ACTION_CLOSE_SYSTEM_DIALOGS received, cancelling all legacy dialogs.
10-21 17:13:32.998   767   800 W ActivityTaskManager: callingPackage for (uid=-1, pid=0) has no WPC
10-21 17:13:32.999   767   800 V WindowManager: DesktopModeLaunchParamsModifier: phase= 0 task=null activity=null display-area-token-from-option=DefaultTaskDisplayArea@155435942 display-id=0 task-display-area-windowing-mode=1 suggested-display-area=DefaultTaskDisplayArea@155435942 task null, skipping
10-21 17:13:32.999   767   800 V WindowManager: TaskLaunchParamsModifier:phase=0 task=null activity=null display-area-token-from-option=DefaultTaskDisplayArea@155435942 display-id=0 task-display-area-windowing-mode=1 suggested-display-area=DefaultTaskDisplayArea@155435942
10-21 17:13:32.999   767   800 W ActivityStartInterceptor: Starting home with component specified, uid=0
10-21 17:13:33.000   767   800 V GrammaticalInflectionUtils: AttributionSource: AttributionSource { uid = 10182, packageName = null, attributionTag = null, token = android.os.Binder@b9d83fb, deviceId = 0, next = null } does not have READ_SYSTEM_GRAMMATICAL_GENDER permission.
10-21 17:13:33.000   767   800 V WindowManager: DesktopModeLaunchParamsModifier: phase= 0 task=null activity=ActivityRecord{214321694 u0 com.google.android.apps.nexuslauncher/.NexusLauncherActivity display-area-token-from-option=DefaultTaskDisplayArea@155435942 display-id=0 task-display-area-windowing-mode=1 suggested-display-area=DefaultTaskDisplayArea@155435942 task null, skipping
10-21 17:13:33.000   767   800 V WindowManager: TaskLaunchParamsModifier:phase=0 task=null activity=ActivityRecord{214321694 u0 com.google.android.apps.nexuslauncher/.NexusLauncherActivity t-1} display-area-token-from-option=DefaultTaskDisplayArea@155435942 display-id=0 task-display-area-windowing-mode=1 suggested-display-area=DefaultTaskDisplayArea@155435942
10-21 17:13:33.000   767   800 V WindowManager: DesktopModeLaunchParamsModifier: phase= 3 task=Task{c0b6471 #2 type=home I=com.google.android.apps.nexuslauncher/.NexusLauncherActivity} activity=ActivityRecord{214321694 u0 com.google.android.apps.nexuslauncher/.NexusLauncherActivity t-1} display-area-token-from-option=DefaultTaskDisplayArea@155435942 display-id=0 task-display-area-windowing-mode=1 suggested-display-area=DefaultTaskDisplayArea@155435942 not entering desktop mode, skipping
10-21 17:13:33.000   767   800 V WindowManager: TaskLaunchParamsModifier:phase=3 task=Task{c0b6471 #2 type=home I=com.google.android.apps.nexuslauncher/.NexusLauncherActivity} activity=ActivityRecord{214321694 u0 com.google.android.apps.nexuslauncher/.NexusLauncherActivity t-1} display-area-token-from-option=DefaultTaskDisplayArea@155435942 display-id=0 task-display-area-windowing-mode=1 suggested-display-area=DefaultTaskDisplayArea@155435942 non-freeform-task-display-area display-area=DefaultTaskDisplayArea@155435942 skip-bounds-fullscreen
10-21 17:13:33.001   767   800 V WindowManager: DesktopModeLaunchParamsModifier: phase= 3 task=Task{c0b6471 #2 type=home I=com.google.android.apps.nexuslauncher/.NexusLauncherActivity} activity=ActivityRecord{214321694 u0 com.google.android.apps.nexuslauncher/.NexusLauncherActivity t-1} display-area-token-from-option=DefaultTaskDisplayArea@155435942 display-id=0 task-display-area-windowing-mode=1 suggested-display-area=DefaultTaskDisplayArea@155435942 not entering desktop mode, skipping
10-21 17:13:33.001   767   800 V WindowManager: TaskLaunchParamsModifier:phase=3 task=Task{c0b6471 #2 type=home I=com.google.android.apps.nexuslauncher/.NexusLauncherActivity} activity=ActivityRecord{214321694 u0 com.google.android.apps.nexuslauncher/.NexusLauncherActivity t-1} display-area-token-from-option=DefaultTaskDisplayArea@155435942 display-id=0 task-display-area-windowing-mode=1 suggested-display-area=DefaultTaskDisplayArea@155435942 non-freeform-task-display-area display-area=DefaultTaskDisplayArea@155435942 skip-bounds-fullscreen
10-21 17:13:33.004  1055  1178 V WindowManagerShell: Transition requested (#26): android.os.BinderProxy@7093151 TransitionRequestInfo { type = OPEN, triggerTask = TaskInfo{userId=0 taskId=2 effectiveUid=10182 displayId=0 isRunning=true baseIntent=Intent { act=android.intent.action.MAIN cat=[android.intent.category.HOME] flg=0x10000100 cmp=com.google.android.apps.nexuslauncher/.NexusLauncherActivity } baseActivity=ComponentInfo{com.google.android.apps.nexuslauncher/com.google.android.apps.nexuslauncher.NexusLauncherActivity} topActivity=ComponentInfo{com.google.android.apps.nexuslauncher/com.google.android.apps.nexuslauncher.NexusLauncherActivity} origActivity=null realActivity=ComponentInfo{com.google.android.apps.nexuslauncher/com.google.android.apps.nexuslauncher.NexusLauncherActivity} numActivities=1 lastActiveTime=92773622 supportsMultiWindow=true resizeMode=2 isResizeable=true minWidth=-1 minHeight=-1 defaultMinSize=220 token=WCT{android.os.BinderProxy@196ddb6} topActivityType=2 pictureInPictureParams=null shouldDockBigOverlays=false launchIntoPipHostTaskId=-1 lastParentTaskIdBeforePip=-1 displayCutoutSafeInsets=Rect(0, 0 - 0, 0) topActivityInfo=ActivityInfo{58e0ab7 com.google.android.apps.nexuslauncher.NexusLauncherActivity} launchCookies=[] positionInParent=Point(0, 0) parentTaskId=-1 isFocused=true isVisible=false isVisibleRequested=true isTopActivityNoDisplay=false isSleeping=false locusId=null displayAreaFeatureId=1 isTopActivityTransparent=false isActivityStackTransparent=false lastNonFullscreenBounds=null capturedLink=null capturedLinkTimestamp=0 requestedVisibleTypes=503 topActivityRequestOpenInBrowserEducationTimestamp=0 appCompatTaskInfo=AppCompatTaskInfo { topActivityInSizeCompat=false isLeafTask= true eligibleForLetterboxEducation= false isLetterboxEducationEnabled= true isLetterboxDoubleTapEnabled= false eligibleForUserAspectRatioButton= false topActivityBoundsLetterboxed= false isFromLetterboxDoubleTap= false topActivityLetterboxVerticalPosition= -1 topActivityLetterboxHorizontalPosition= -1 topActivityLetterboxWidth=-1 topActivityLetterboxHeight=-1 topActivityAppBounds=Rect(0, 0 - 1080, 2400) isUserFullscreenOverrideEnabled=false isSystemFullscreenOverrideEnabled=false hasMinAspectRatioOverride=false topActivityLetterboxBounds=null cameraCompatTaskInfo=CameraCompatTaskInfo { cameraCompatMode=inactiveundefined} topNonResizableActivityAspectRatio=-1.0} topActivityMainWindowFrame=null isAppBubble=false}, pipChange = null, remoteTransition = null, displayChange = null, requestedLocation = null, userChange = null, flags = 0, debugId = 26 }
10-21 17:13:33.005  1055  1178 D ShellSplitScreen: logExit: no-op, mLoggerSessionId is null
10-21 17:13:33.006  1197  1197 D ViewRootImpl: Skipping stats log for color mode
10-21 17:13:33.006   767   800 V WindowManager: Defer transition id=26 for TaskFragmentTransaction=android.os.Binder@e4a9715
10-21 17:13:33.006  1197  1197 D BaseActivity: Launcher flags updated: [state_started] +[state_started]
10-21 17:13:33.006   767  2117 I AppWidgetServiceImpl: startListening() 0
10-21 17:13:33.007  1197  1197 D TFOManager: playPanelCloseAnimation() duration=200 traceTag=LauncherOverlay-hide isHomeButtonTap=true
10-21 17:13:33.007  1197  1197 D TFOManager: Skipped creating panel close animation because -1 is invisible.
10-21 17:13:33.007  1197  1197 D BaseActivity: Launcher flags updated: [state_started|state_resumed|state_user_active] +[state_resumed|state_user_active]
10-21 17:13:33.008  1197  1197 D BaseActivity: Launcher flags updated: [state_started|state_resumed|state_deferred_resumed|state_user_active] +[state_deferred_resumed]
10-21 17:13:33.008  1197  1197 D StatsLog: LAUNCHER_ONRESUME
10-21 17:13:33.011  1197  1197 D NexusLauncherModelDelegate: notifySmartspaceEvent: SmartspaceTargetEvent{mSmartspaceTarget=null, mSmartspaceActionId='null', mEventType=6}
10-21 17:13:33.012   767   800 V WindowManager: deferTransitionReady deferReadyDepth=1 stack=com.android.server.wm.TransitionController.deferTransitionReady:1052 com.android.server.wm.TaskFragmentOrganizerController$TaskFragmentOrganizerState.dispatchTransaction:536 com.android.server.wm.TaskFragmentOrganizerController.dispatchPendingEvents:1278 com.android.server.wm.TaskFragmentOrganizerController.dispatchPendingEvents:1247 com.android.server.wm.RootWindowContainer.performSurfacePlacement:777 
10-21 17:13:33.012   767   800 I ActivityTaskManager: START u0 {act=android.intent.action.MAIN cat=[android.intent.category.HOME] flg=0x10000100 cmp=com.google.android.apps.nexuslauncher/.NexusLauncherActivity (has extras)} with LAUNCH_SINGLE_TASK from uid 0 (BAL_ALLOW_ALLOWLISTED_UID) result code=2
10-21 17:13:33.014  1055  1178 D WindowManagerShell: setLauncherKeepClearAreaHeight: visible=true, height=495
10-21 17:13:33.017  1197  1197 D BaseDepthController: setSurface:
10-21 17:13:33.017  1197  1197 D BaseDepthController: 	mWaitingOnSurfaceValidity: false
10-21 17:13:33.017  1197  1197 D BaseDepthController: 	mBaseSurface: Surface(name=com.google.android.apps.nexuslauncher/com.google.android.apps.nexuslauncher.NexusLauncherActivity#319)/@0x1d0a37d
10-21 17:13:33.017  1197  1197 V BaseDepthController: Applying blur: 0 to Surface(name=com.google.android.apps.nexuslauncher/com.google.android.apps.nexuslauncher.NexusLauncherActivity#319)/@0x1d0a37d applyImmediately: false
10-21 17:13:33.017  1197  1197 D BaseDepthController: shouldBlurWorkspace: false targetState: Normal currentStableState: Normal mCurrentBlur: 0 mLauncher.getDepthBlurTargets(): [com.android.launcher3.Workspace{753e272 V.ED..... .......D 0,0-1080,2400 #7f0a049a app:id/workspace}, com.android.launcher3.Hotseat{3e256c3 V.ED..... .......D 0,1905-1080,2400 #7f0a01ed app:id/hotseat}]
10-21 17:13:33.018   767  1000 D BackgroundInstallControlService: Package event received: 0
10-21 17:13:33.018   767  1000 D BackgroundInstallControlService: Package event received: 0
10-21 17:13:33.018   767  1000 D BackgroundInstallControlService: Package event received: 0
10-21 17:13:33.019  1055  1178 D WindowManagerShell: onActivityRestartAttempt: topActivity=ComponentInfo{com.google.android.apps.nexuslauncher/com.google.android.apps.nexuslauncher.NexusLauncherActivity}, wasVisible=false
10-21 17:13:33.036  1197  1244 D QuickstepModelDelegate: notifyAppTargetEvent action=1 launchLocation=workspace/0/[-1,-1]/[1,1]
10-21 17:13:33.038  1197  1197 D ActivityAllAppsContainerView: rebindAdapters: force: false
10-21 17:13:33.038  1197  1197 D ActivityAllAppsContainerView: rebindAdapters: Not needed.
10-21 17:13:33.039  1197  1197 D b/417220811: invalidateLoadedTasks - previous requestLoadId: -1
10-21 17:13:33.043   767  2053 V WindowManager: Continue transition id=26 for TaskFragmentTransaction=android.os.Binder@e4a9715
10-21 17:13:33.043  1055  1545 D WallpaperService: onVisibilityChanged(true): com.android.systemui.wallpapers.ImageWallpaper$CanvasEngine@b2ed929
10-21 17:13:33.044   767  2053 V WindowManager: continueTransitionReady deferReadyDepth=0 stack=com.android.server.wm.TransitionController.continueTransitionReady:1062 com.android.server.wm.TaskFragmentOrganizerController$TaskFragmentOrganizerState.onTransactionFinished:565 com.android.server.wm.TaskFragmentOrganizerController.onTransactionHandled:759 android.window.ITaskFragmentOrganizerController$Stub.onTransact:225 android.os.Binder.execTransactInternal:1473 
10-21 17:13:33.045   582   734 I libbinder.BpBinder: onLastStrongRef automatically unlinking death recipients for descriptor: '(not cached)'
10-21 17:13:33.046  1730  2017 I AiAiEcho: Predicting[0]:  [CONTEXT sampling_count=5 ]
10-21 17:13:33.046  1730  2017 I AiAiEcho: EchoTargets: 
10-21 17:13:33.046  1730  2017 I AiAiEcho: Filtered by AiAi flag check: 
10-21 17:13:33.046  1730  2017 I AiAiEcho: [CONTEXT ratelimit_period="10 SECONDS" ]
10-21 17:13:33.047  1730  2017 I AiAiEcho: #remoteViewsTwiddler: feature disabled.
10-21 17:13:33.056  1730  2017 I AiAiEcho: #postPredictionTargets: Sending updates to UISurface home with targets# 0 (types=[])
10-21 17:13:33.061  1197  1197 D SsBaseTemplateCard: Passed-in item info is null
10-21 17:13:33.061  1197  1197 D SsBaseTemplateCard: Passed-in item info is null
10-21 17:13:33.061  1197  1197 D SsBaseTemplateCard: Passed-in item info is null
10-21 17:13:33.061  1197  1197 D SsBaseTemplateCard: Passed-in item info is null
10-21 17:13:33.061  1197  1197 I SsBaseTemplateCard: Secondary card pane is null
10-21 17:13:33.070  1055  1548 V WindowManagerShell: onTransitionReady(transaction=3294239918191)
10-21 17:13:33.077  1055  1178 V WindowManagerShell: onTransitionReady (#26) android.os.BinderProxy@7093151: {id=26 t=OPEN f=0x0 trk=0 r=[0@Point(0, 0)] c=[
10-21 17:13:33.077  1055  1178 V WindowManagerShell:         {m=TO_FRONT f=SHOW_WALLPAPER|MOVE_TO_TOP leash=Surface(name=Task=1#44)/@0x5488224 sb=Rect(0, 0 - 1080, 2400) eb=Rect(0, 0 - 1080, 2400) epz=Point(1080, 2400) d=0 taskParent=-1 winMode=1 userId=0},
10-21 17:13:33.077  1055  1178 V WindowManagerShell:         {m=TO_BACK f=NONE leash=Surface(name=Task=46#184)/@0x35e918d sb=Rect(0, 0 - 1080, 2400) eb=Rect(0, 0 - 1080, 2400) epz=Point(1080, 2400) d=0 taskParent=-1 winMode=1 userId=0},
10-21 17:13:33.077  1055  1178 V WindowManagerShell:         {m=TO_FRONT f=IS_WALLPAPER leash=Surface(name=WallpaperWindowToken{610a901}#62)/@0xfab1f42 sb=Rect(0, 0 - 1080, 2400) eb=Rect(0, 0 - 1080, 2400) epz=Point(1080, 2400) d=0}
10-21 17:13:33.077  1055  1178 V WindowManagerShell:     ]}
10-21 17:13:33.081  1055  1178 V WindowManagerShell: Playing animation for (#26) android.os.BinderProxy@7093151@0
10-21 17:13:33.081  1055  1178 V ShellRecents: RecentsTransitionHandler.startAnimation: no controller found
10-21 17:13:33.081  1055  1178 V WindowManagerShell: Transition doesn't have explicit remote, search filters for match for {id=26 t=OPEN f=0x0 trk=0 r=[0@Point(0, 0)] c=[{m=TO_FRONT f=SHOW_WALLPAPER|MOVE_TO_TOP leash=Surface(name=Task=1#44)/@0x5488224 sb=Rect(0, 0 - 1080, 2400) eb=Rect(0, 0 - 1080, 2400) epz=Point(1080, 2400) d=0 taskParent=-1 winMode=1 userId=0},{m=TO_BACK f=NONE leash=Surface(name=Task=46#184)/@0x35e918d sb=Rect(0, 0 - 1080, 2400) eb=Rect(0, 0 - 1080, 2400) epz=Point(1080, 2400) d=0 taskParent=-1 winMode=1 userId=0},{m=TO_FRONT f=IS_WALLPAPER leash=Surface(name=WallpaperWindowToken{610a901}#62)/@0xfab1f42 sb=Rect(0, 0 - 1080, 2400) eb=Rect(0, 0 - 1080, 2400) epz=Point(1080, 2400) d=0}]}
10-21 17:13:33.081  1055  1178 V WindowManagerShell:  Checking filter Pair{{types=[] flags=0x0] notFlags=0x0 checks=[{atype=undefined independent=true modes=[CLOSE,TO_BACK] flags=IN_TASK_WITH_EMBEDDED_ACTIVITY mustBeTask=false order=ANY topActivity=null launchCookie=null taskFragmentToken=android.os.BinderProxy@ec792c6 windowingMode=undefined}]} RemoteTransition { remoteTransition = android.window.IRemoteTransition$Stub$Proxy@4d60287, appThread = android.app.IApplicationThread$Stub$Proxy@f4e65b4, debugName = overlayBackTransition }}
10-21 17:13:33.081  1055  1178 V WindowManagerShell:  Checking filter Pair{{types=[] flags=0x0] notFlags=0x0 checks=[{atype=dream independent=true modes=[OPEN,TO_FRONT] flags=NONE mustBeTask=false order=ANY topActivity=null launchCookie=null windowingMode=undefined},{atype=home independent=true modes=[CLOSE,TO_BACK] flags=NONE mustBeTask=false order=ANY topActivity=null launchCookie=null windowingMode=undefined}]} RemoteTransition { remoteTransition = android.window.IRemoteTransition$Stub$Proxy@49655dd, appThread = android.app.IApplicationThread$Stub$Proxy@81a1552, debugName = LauncherToDream }}
10-21 17:13:33.082  1055  1178 V WindowManagerShell:  Checking filter Pair{{types=[] flags=0x0] notFlags=0x100 checks=[{atype=home independent=true modes=[OPEN,TO_FRONT] flags=NONE mustBeTask=false order=TOP topActivity=ComponentInfo{com.google.android.apps.nexuslauncher/com.google.android.apps.nexuslauncher.NexusLauncherActivity} launchCookie=null windowingMode=undefined},{atype=standard independent=true modes=[CLOSE,TO_BACK] flags=NONE mustBeTask=false order=ANY topActivity=null launchCookie=null windowingMode=undefined},{NOT atype=undefined independent=true modes=[] flags=NONE mustBeTask=true order=ANY topActivity=null launchCookie=null customAnim=true windowingMode=undefined}]} RemoteTransition { remoteTransition = android.window.IRemoteTransition$Stub$Proxy@5064023, appThread = android.app.IApplicationThread$Stub$Proxy@9462920, debugName = QuickstepLaunchHome }}
10-21 17:13:33.087  1055  1178 D RemoteTransitionHandler: Found filterPair{{types=[] flags=0x0] notFlags=0x100 checks=[{atype=home independent=true modes=[OPEN,TO_FRONT] flags=NONE mustBeTask=false order=TOP topActivity=ComponentInfo{com.google.android.apps.nexuslauncher/com.google.android.apps.nexuslauncher.NexusLauncherActivity} launchCookie=null windowingMode=undefined},{atype=standard independent=true modes=[CLOSE,TO_BACK] flags=NONE mustBeTask=false order=ANY topActivity=null launchCookie=null windowingMode=undefined},{NOT atype=undefined independent=true modes=[] flags=NONE mustBeTask=true order=ANY topActivity=null launchCookie=null customAnim=true windowingMode=undefined}]} RemoteTransition { remoteTransition = android.window.IRemoteTransition$Stub$Proxy@5064023, appThread = android.app.IApplicationThread$Stub$Proxy@9462920, debugName = QuickstepLaunchHome }}
10-21 17:13:33.087  1055  1178 V WindowManagerShell:  Delegate animation for (#26) to RemoteTransition { remoteTransition = android.window.IRemoteTransition$Stub$Proxy@5064023, appThread = android.app.IApplicationThread$Stub$Proxy@9462920, debugName = QuickstepLaunchHome }
10-21 17:13:33.091   767   799 V WindowManager: Sent Transition (#26) createdAt=10-21 17:13:33.000 via request=TransitionRequestInfo { type = OPEN, triggerTask = TaskInfo{userId=0 taskId=2 effectiveUid=10182 displayId=0 isRunning=true baseIntent=Intent { act=android.intent.action.MAIN cat=[android.intent.category.HOME] flg=0x10000100 cmp=com.google.android.apps.nexuslauncher/.NexusLauncherActivity } baseActivity=ComponentInfo{com.google.android.apps.nexuslauncher/com.google.android.apps.nexuslauncher.NexusLauncherActivity} topActivity=ComponentInfo{com.google.android.apps.nexuslauncher/com.google.android.apps.nexuslauncher.NexusLauncherActivity} origActivity=null realActivity=ComponentInfo{com.google.android.apps.nexuslauncher/com.google.android.apps.nexuslauncher.NexusLauncherActivity} numActivities=1 lastActiveTime=92773622 supportsMultiWindow=true resizeMode=2 isResizeable=true minWidth=-1 minHeight=-1 defaultMinSize=220 token=WCT{RemoteToken{f57286 Task{c0b6471 #2 type=home I=com.google.android.apps.nexuslauncher/.NexusLauncherActivity}}} topActivityType=2 pictureInPictureParams=null shouldDockBigOverlays=false launchIntoPipHostTaskId=-1 lastParentTaskIdBeforePip=-1 displayCutoutSafeInsets=Rect(0, 0 - 0, 0) topActivityInfo=ActivityInfo{b0ac747 com.google.android.apps.nexuslauncher.NexusLauncherActivity} launchCookies=[] positionInParent=Point(0, 0) parentTaskId=-1 isFocused=true isVisible=false isVisibleRequested=true isTopActivityNoDisplay=false isSleeping=false locusId=null displayAreaFeatureId=1 isTopActivityTransparent=false isActivityStackTransparent=false lastNonFullscreenBounds=null capturedLink=null capturedLinkTimestamp=0 requestedVisibleTypes=503 topActivityRequestOpenInBrowserEducationTimestamp=0 appCompatTaskInfo=AppCompatTaskInfo { topActivityInSizeCompat=false isLeafTask= true eligibleForLetterboxEducation= false isLetterboxEducationEnabled= true isLetterboxDoubleTapEnabled= false eligibleForUserAspectRatioButton= false topActivityBoundsLetterboxed= false isFromLetterboxDoubleTap= false topActivityLetterboxVerticalPosition= -1 topActivityLetterboxHorizontalPosition= -1 topActivityLetterboxWidth=-1 topActivityLetterboxHeight=-1 topActivityAppBounds=Rect(0, 0 - 1080, 2400) isUserFullscreenOverrideEnabled=false isSystemFullscreenOverrideEnabled=false hasMinAspectRatioOverride=false topActivityLetterboxBounds=null cameraCompatTaskInfo=CameraCompatTaskInfo { cameraCompatMode=inactiveundefined} topNonResizableActivityAspectRatio=-1.0} topActivityMainWindowFrame=null isAppBubble=false}, pipChange = null, remoteTransition = null, displayChange = null, requestedLocation = null, userChange = null, flags = 0, debugId = 26 }
10-21 17:13:33.092   767   799 V WindowManager:     startWCT=WindowContainerTransaction { changes= {} hops= [] errorCallbackToken=null taskFragmentOrganizer=null }
10-21 17:13:33.092   767   799 V WindowManager:     info={id=26 t=OPEN f=0x0 trk=0 r=[0@Point(0, 0)] c=[
10-21 17:13:33.092   767   799 V WindowManager:         {WCT{RemoteToken{8fff7c7 Task{b32ba16 #1 type=home}}} m=TO_FRONT f=SHOW_WALLPAPER|MOVE_TO_TOP leash=Surface(name=Task=1#44)/@0x4a8d665 sb=Rect(0, 0 - 1080, 2400) eb=Rect(0, 0 - 1080, 2400) epz=Point(1080, 2400) d=0 taskParent=-1 winMode=1 userId=0},
10-21 17:13:33.092   767   799 V WindowManager:         {WCT{RemoteToken{54b1cd6 Task{5a365e4 #46 type=standard I=com.google.android.contacts/com.android.contacts.activities.PeopleActivity}}} m=TO_BACK f=NONE leash=Surface(name=Task=46#184)/@0x46e0bb9 sb=Rect(0, 0 - 1080, 2400) eb=Rect(0, 0 - 1080, 2400) epz=Point(1080, 2400) d=0 taskParent=-1 winMode=1 userId=0},
10-21 17:13:33.092   767   799 V WindowManager:         {m=TO_FRONT f=IS_WALLPAPER leash=Surface(name=WallpaperWindowToken{610a901}#62)/@0x4dff35c sb=Rect(0, 0 - 1080, 2400) eb=Rect(0, 0 - 1080, 2400) epz=Point(1080, 2400) d=0}
10-21 17:13:33.092   767   799 V WindowManager:     ]}
10-21 17:13:33.094  1055  1178 V WindowManagerShell:  animated by com.android.wm.shell.transition.RemoteTransitionHandler@5a32df4
10-21 17:13:33.103 12169 12185 D DeferrableExecutor: DeferrableExecutor unblocked after max task delay
10-21 17:13:33.109  1197  1197 D StateManager: createAtomicAnimation - fromState: Background, toState: Normal, partial trace:
10-21 17:13:33.109  1197  1197 D StateManager: 	at com.android.quickstep.util.WorkspaceRevealAnim.prepareToAnimate(go/retraceme cc159fc410870f9b82d4fff679f5a623fa5746f18e90631cd3706bfb3e28ce20:20)
10-21 17:13:33.109  1197  1197 D StateManager: 	at com.android.quickstep.util.WorkspaceRevealAnim.<init>(go/retraceme cc159fc410870f9b82d4fff679f5a623fa5746f18e90631cd3706bfb3e28ce20:11)
10-21 17:13:33.109  1197  1197 D StateManager: 	at com.android.launcher3.QuickstepTransitionManager.createWallpaperOpenAnimations(go/retraceme cc159fc410870f9b82d4fff679f5a623fa5746f18e90631cd3706bfb3e28ce20:105)
10-21 17:13:33.109  1197  1197 D AllAppsTransitionController: shouldProtectHeader: false skipScrim: true state: Normal stateManager.getState(): Normal
10-21 17:13:33.109  1197  1197 D KeyboardInsetsHandler: removePendingImeController: pendingImeController=null
10-21 17:13:33.111  1197  1197 D b/311077782: LauncherAnimationRunner.setAnimation
10-21 17:13:33.125  1197  1197 D b/417220811: invalidateLoadedTasks - previous requestLoadId: -1
10-21 17:13:33.134   767   949 D InetDiagMessage: Destroyed 0 sockets, proto=IPPROTO_TCP, family=AF_INET, states=14
10-21 17:13:33.135   767   949 D InetDiagMessage: Destroyed 0 sockets, proto=IPPROTO_TCP, family=AF_INET6, states=14
10-21 17:13:33.135   767   949 D InetDiagMessage: Destroyed live tcp sockets for uids={10153} in 7ms
10-21 17:13:33.135   767   949 D InetDiagMessage: Destroyed 0 sockets, proto=IPPROTO_TCP, family=AF_INET, states=14
10-21 17:13:33.135   767   949 D InetDiagMessage: Destroyed 0 sockets, proto=IPPROTO_TCP, family=AF_INET6, states=14
10-21 17:13:33.135   767   949 D InetDiagMessage: Destroyed live tcp sockets for uids={20153} in 1ms
10-21 17:13:33.329  1197  1197 D BaseActivity: Launcher flags updated: [state_started|state_resumed|state_deferred_resumed|state_window_focused|state_user_active] +[state_window_focused]
10-21 17:13:33.334   767   906 I ImeTracker: com.google.android.apps.nexuslauncher:5360b2a2: onRequestHide at ORIGIN_SERVER reason HIDE_UNSPECIFIED_WINDOW fromUser false
10-21 17:13:33.345  1589  1589 I GoogleInputMethodService: GoogleInputMethodService.onFinishInput():1984 
10-21 17:13:33.351  1589  1589 I Module  : DeviceLockedStatusModuleProvider$Module.updateDeviceLockedStatus():100 repeatCheckTimes = 0, locked = false
10-21 17:13:33.353  1589  1589 I GoogleInputMethodService: GoogleInputMethodService.onStartInput():1248 onStartInput(EditorInfo{EditorInfo{packageName=com.google.android.apps.nexuslauncher, inputType=0, inputTypeString=NULL, enableLearning=false, autoCorrection=false, autoComplete=false, imeOptions=0, privateImeOptions=null, actionName=UNSPECIFIED, actionLabel=null, initialSelStart=-1, initialSelEnd=-1, initialCapsMode=0, label=null, fieldId=0, fieldName=null, extras=null, hintText=null, hintLocales=[]}}, false)
10-21 17:13:33.365   767  2117 I ImeTracker: system_server:669d9b16: onRequestHide at ORIGIN_SERVER reason IME_REQUESTED_CHANGED_LISTENER fromUser false
10-21 17:13:33.375   767   802 I ImeTracker: system_server:669d9b16: onCancelled at PHASE_SERVER_SHOULD_HIDE
10-21 17:13:33.392  1589  1589 I Module  : DeviceLockedStatusModuleProvider$Module.updateDeviceLockedStatus():100 repeatCheckTimes = 1, locked = false
10-21 17:13:33.392  1589  1589 W NotificationCenter: NotificationCenter$NotificationQueue.notifyPendingNotificationsOnExecutor():877 Heavy notify work detected on UI thread: [lhc->jje, lhc->gmd, lhc->flp, lhc->jje, lhc->jkm, lhc->niz, lhc->jje, lhc->jje, lhc->jje, lhc->lfy, lhc->fnt, lhc->jje, lhc->kmg, lhc->jje, lhc->jje, lhc->mux, lhc->jje, lhc->jje, lhc->jje, lhc->jgv, lhc->lgc, lhc->jje, lhc->jje] takes 33ms
10-21 17:13:33.392   767  2117 W PackageConfigPersister: App-specific configuration not found for packageName: com.google.android.apps.nexuslauncher and userId: 0
10-21 17:13:33.407  1197  1197 D InsetsController: hide(ime())
10-21 17:13:33.407  1197  1197 I ImeTracker: com.google.android.apps.nexuslauncher:5360b2a2: onCancelled at PHASE_CLIENT_ALREADY_HIDDEN
10-21 17:13:33.529  1197  1197 D WorkspaceRevealAnim: onAnimationEnd: workspace alpha = 1.0
10-21 17:13:33.544   767  1837 E TaskPersister: File error accessing recents directory (directory doesn't exist?).
10-21 17:13:33.573  1055  1178 V WindowManagerShell: Transition animation finished (aborted=false), notifying core (#26) android.os.BinderProxy@7093151@0
10-21 17:13:33.577   767   799 V WindowManager: Finish Transition (#26): created at 10-21 17:13:33.000 collect-started=0.055ms request-sent=3.94ms started=13.506ms ready=44.828ms sent=52.872ms commit=77.853ms finished=576.627ms
10-21 17:13:33.578  1055  1178 V WindowManagerShell: Track 0 became idle
10-21 17:13:33.578  1055  1178 V WindowManagerShell: All active transition animations finished
10-21 17:13:33.579  1055  1178 W Looper  : Slow delivery took 41ms wmshell.main app=com.android.systemui main=false group=FOREGROUND h=android.os.Handler c=com.android.wm.shell.transition.RemoteTransitionHandler$1$$ExternalSyntheticLambda0@c61549a m=0
10-21 17:13:33.581   767  1029 W ImageReader_JNI: Unable to acquire a buffer item, very likely client tried to acquire more than maxImages buffers
10-21 17:13:33.592  1055  1178 W Looper  : Drained
10-21 17:13:33.714   767  1000 D BackgroundInstallControlService: Package event received: 0
10-21 17:13:33.720  1197  1211 W System  : A resource failed to call release. 
10-21 17:13:33.720  1197  1211 W System  : A resource failed to call release. 
10-21 17:13:33.720  1197  1211 W System  : A resource failed to call release. 
10-21 17:13:33.789   767   941 D WifiClientModeImpl[21111:wlan0]: updateLinkLayerStatsRssiSpeedFrequencyCapabilities rssi=-50 TxLinkspeed=2 freq=2447 RxLinkSpeed=2
10-21 17:13:33.791   767   941 D WifiDataStall: tx tput in kbps: 11000
10-21 17:13:33.791   767   941 D WifiDataStall: rx tput in kbps: 11000
10-21 17:13:33.792   767   941 V WifiConfigManager: Updating scan detail cache freq=2447 BSSID=00:13:10:85:fe:01 RSSI=-50 for "AndroidWifi"NONE
10-21 17:13:33.793   767   941 D WifiThroughputPredictor:  utilization (LLS) 80 isBluetoothConnected: false final utilization: 80
10-21 17:13:33.793   767   941 D WifiThroughputPredictor:  BW: 0 RSSI: -50 Nss: 1 Mode: 1 symDur: 4000 snrDb 30 bitPerTone: 4500 rate: 54 throughput: 11
10-21 17:13:33.793   767   941 D WifiThroughputPredictor:  utilization (LLS) 80 isBluetoothConnected: false final utilization: 80
10-21 17:13:33.793   767   941 D WifiThroughputPredictor:  BW: 0 RSSI: -50 Nss: 1 Mode: 1 symDur: 4000 snrDb 30 bitPerTone: 4500 rate: 54 throughput: 11
10-21 17:13:33.794   767   941 D WifiThroughputPredictor:  utilization (LLS) 80 isBluetoothConnected: false final utilization: 80
10-21 17:13:33.794   767   941 D WifiThroughputPredictor:  BW: 0 RSSI: -50 Nss: 1 Mode: 1 symDur: 4000 snrDb 30 bitPerTone: 4500 rate: 54 throughput: 11
10-21 17:13:33.794   767   941 D WifiThroughputPredictor:  utilization (LLS) 80 isBluetoothConnected: false final utilization: 80
10-21 17:13:33.794   767   941 D WifiThroughputPredictor:  BW: 0 RSSI: -50 Nss: 1 Mode: 1 symDur: 4000 snrDb 30 bitPerTone: 4500 rate: 54 throughput: 11
10-21 17:13:33.796   767   941 I HalDevMgr: bestIfaceCreationProposal is null, requestIface=STA, existingIface=[name=wlan0 type=STA]
10-21 17:13:33.797   767   941 D WifiScoreCard: BSSID update SIGNAL_POLL ID: 14232187 SSID: "AndroidWifi", BSSID: 00:13:10:85:fe:01, MAC: 02:15:b2:00:00:00, IP: /10.0.2.16, Security type: 0, Supplicant state: COMPLETED, Wi-Fi standard: legacy, RSSI: -50, Link speed: 2Mbps, Tx Link speed: 2Mbps, Max Supported Tx Link speed: 11Mbps, Rx Link speed: 2Mbps, Max Supported Rx Link speed: 11Mbps, Frequency: 2447MHz, Net ID: 0, Metered hint: false, score: 83, isUsable: true, CarrierMerged: false, SubscriptionId: -1, IsPrimary: 1, Trusted: true, Restricted: false, Ephemeral: false, OEM paid: false, OEM private: false, OSU AP: false, FQDN: <none>, Provider friendly name: <none>, Requesting package name: <none>"AndroidWifi"openMLO Information: , Is TID-To-Link negotiation supported by the AP: false, AP MLD Address: <none>, AP MLO Link Id: <none>, AP MLO Affiliated links: <none>, Vendor Data: <none>
10-21 17:13:33.797   767   941 D WifiScoreCard: txRate: 8 txSpeed: 2
10-21 17:13:33.797   767   941 D WifiScoreCard: network update SIGNAL_POLL "AndroidWifi" ID: 1073449701 RSSI -50 txSpeed 2
10-21 17:13:33.797   767   941 D WifiClientModeImpl[21111:wlan0]:  ClientModeImpl$L2ConnectedState screen=on 1 0 "AndroidWifi" 00:13:10:85:fe:01 rssi=-50 f=2447 sc=83 link=2 tx=7.9, 0.0, 0.0 rx=10.2 bcn=0 [on:0 tx:0 rx:0 period:3014] from screen [on:0 period:101422437] score=83
10-21 17:13:34.404   767   949 D InetDiagMessage: Destroyed 0 sockets, proto=IPPROTO_TCP, family=AF_INET, states=14
10-21 17:13:34.404   767   949 D InetDiagMessage: Destroyed 0 sockets, proto=IPPROTO_TCP, family=AF_INET6, states=14
10-21 17:13:34.404   767   949 D InetDiagMessage: Destroyed live tcp sockets for uids={10207} in 1ms
10-21 17:13:34.405   767   949 D InetDiagMessage: Destroyed 0 sockets, proto=IPPROTO_TCP, family=AF_INET, states=14
10-21 17:13:34.405   767   949 D InetDiagMessage: Destroyed 0 sockets, proto=IPPROTO_TCP, family=AF_INET6, states=14
10-21 17:13:34.405   767   949 D InetDiagMessage: Destroyed live tcp sockets for uids={20207} in 1ms
10-21 17:13:34.406   767   949 D InetDiagMessage: Destroyed 0 sockets, proto=IPPROTO_TCP, family=AF_INET, states=14
10-21 17:13:34.406   767   949 D InetDiagMessage: Destroyed 0 sockets, proto=IPPROTO_TCP, family=AF_INET6, states=14
10-21 17:13:34.406   767   949 D InetDiagMessage: Destroyed live tcp sockets for uids={10163} in 1ms
10-21 17:13:34.406   767   949 D InetDiagMessage: Destroyed 0 sockets, proto=IPPROTO_TCP, family=AF_INET, states=14
10-21 17:13:34.407   767   949 D InetDiagMessage: Destroyed 0 sockets, proto=IPPROTO_TCP, family=AF_INET6, states=14
10-21 17:13:34.407   767   949 D InetDiagMessage: Destroyed live tcp sockets for uids={20163} in 0ms
10-21 17:13:35.078  1379  1379 D BoundBrokerSvc: onUnbind: Intent { act=com.google.android.gms.common.telemetry.service.START dat=chimera-action:/... xflg=0x4 cmp=com.google.android.gms/.chimera.PersistentApiService }
10-21 17:13:35.339   767   949 D InetDiagMessage: Destroyed 0 sockets, proto=IPPROTO_TCP, family=AF_INET, states=14
10-21 17:13:35.340   767   949 D InetDiagMessage: Destroyed 0 sockets, proto=IPPROTO_TCP, family=AF_INET6, states=14
10-21 17:13:35.340   767   949 D InetDiagMessage: Destroyed live tcp sockets for uids={10150} in 2ms
10-21 17:13:35.341   767   949 D InetDiagMessage: Destroyed 0 sockets, proto=IPPROTO_TCP, family=AF_INET, states=14
10-21 17:13:35.341   767   949 D InetDiagMessage: Destroyed 0 sockets, proto=IPPROTO_TCP, family=AF_INET6, states=14
10-21 17:13:35.341   767   949 D InetDiagMessage: Destroyed live tcp sockets for uids={20150} in 1ms
10-21 17:13:35.795   767   949 D InetDiagMessage: Destroyed 1 sockets, proto=IPPROTO_TCP, family=AF_INET, states=14
10-21 17:13:35.796   767   949 D InetDiagMessage: Destroyed 0 sockets, proto=IPPROTO_TCP, family=AF_INET6, states=14
10-21 17:13:35.796   767   949 D InetDiagMessage: Destroyed live tcp sockets for uids={10172} in 3ms
10-21 17:13:35.796   767   949 D InetDiagMessage: Destroyed 0 sockets, proto=IPPROTO_TCP, family=AF_INET, states=14
10-21 17:13:35.797   767   949 D InetDiagMessage: Destroyed 0 sockets, proto=IPPROTO_TCP, family=AF_INET6, states=14
10-21 17:13:35.797   767   949 D InetDiagMessage: Destroyed live tcp sockets for uids={20172} in 1ms
10-21 17:13:36.158   767  1152 D ConnectivityService: Returning BLOCKED NetworkInfo to uid=10172
10-21 17:13:36.162 12029 12029 W YT.MDX.DiscoveryControl: cancelDiscoveryRequest ignored requester aelj@2812dae
10-21 17:13:36.167 12029 12029 W AxMediaRouter: Ignoring null provider descriptor from ComponentInfo{com.google.android.gms/com.google.android.gms.cast.media.CastMediaRoute2ProviderService_Persistent}
10-21 17:13:36.174  1379 12234 I DiscoveryManager: Filter criteria(null) scannerFlags(0)
10-21 17:13:36.175  1379 12234 W DatabaseProcessor: processLocalDevices: failed to get the network info with non-null networkId.
10-21 17:13:36.178   767   952 I serviceDiscovery: [MdnsDiscoveryManager] Unregistering listener for serviceType:_googlecast._tcp.local
10-21 17:13:36.179   767  1967 I WifiService: releaseMulticastLock uid=10146 lockTag=MdnsServiceBrowserImpl
10-21 17:13:36.180   767  1967 V WifiPermissionsUtil: deviceOwner:null
10-21 17:13:36.181   767   952 I serviceDiscovery: [MdnsDiscoveryManager] Unregistering listener for serviceType:_googlecast._tcp.local
10-21 17:13:36.182   767   952 I serviceDiscovery: [MdnsSocketProvider] Stop monitoring sockets.
10-21 17:13:36.183   767   952 I TetheringManager: unregisterTetheringEventCallback caller:android
10-21 17:13:36.184  1154  1154 W IpClient.wlan0: type=1400 audit(0.0:160): avc:  denied  { search } for  name="net" dev="sysfs" ino=4782 scontext=u:r:network_stack:s0 tcontext=u:object_r:sysfs_net:s0 tclass=dir permissive=0
10-21 17:13:36.186  1154  1327 E ProcfsParsingUtils: failed to read /sys/class/net/wlan0/mtu
10-21 17:13:36.186  1154  1327 E ProcfsParsingUtils: java.nio.file.AccessDeniedException: /sys/class/net/wlan0/mtu
10-21 17:13:36.186  1154  1327 E ProcfsParsingUtils: 	at sun.nio.fs.UnixFileSystemProvider.newByteChannel(UnixFileSystemProvider.java:220)
10-21 17:13:36.186  1154  1327 E ProcfsParsingUtils: 	at java.nio.file.Files.newByteChannel(Files.java:371)
10-21 17:13:36.186  1154  1327 E ProcfsParsingUtils: 	at java.nio.file.Files.newByteChannel(Files.java:422)
10-21 17:13:36.186  1154  1327 E ProcfsParsingUtils: 	at java.nio.file.spi.FileSystemProvider.newInputStream(FileSystemProvider.java:420)
10-21 17:13:36.186  1154  1327 E ProcfsParsingUtils: 	at java.nio.file.Files.newInputStream(Files.java:156)
10-21 17:13:36.186  1154  1327 E ProcfsParsingUtils: 	at java.nio.file.Files.newBufferedReader(Files.java:2844)
10-21 17:13:36.186  1154  1327 E ProcfsParsingUtils: 	at com.android.networkstack.com.android.net.module.util.ProcfsParsingUtils.readFile(ProcfsParsingUtils.java:75)
10-21 17:13:36.186  1154  1327 E ProcfsParsingUtils: 	at com.android.networkstack.com.android.net.module.util.ProcfsParsingUtils.getInterfaceMtu(ProcfsParsingUtils.java:350)
10-21 17:13:36.186  1154  1327 E ProcfsParsingUtils: 	at com.android.networkstack.android.net.apf.ApfFilter$Dependencies.getInterfaceMtu(ApfFilter.java:818)
10-21 17:13:36.186  1154  1327 E ProcfsParsingUtils: 	at com.android.networkstack.android.net.apf.ApfFilter.installNewProgram(ApfFilter.java:3898)
10-21 17:13:36.186  1154  1327 E ProcfsParsingUtils: 	at com.android.networkstack.android.net.apf.ApfFilter.setMulticastFilter(ApfFilter.java:4184)
10-21 17:13:36.186  1154  1327 E ProcfsParsingUtils: 	at com.android.networkstack.android.net.ip.IpClient$RunningState.processMessage(IpClient.java:3894)
10-21 17:13:36.186  1154  1327 E ProcfsParsingUtils: 	at com.android.networkstack.com.android.internal.util.StateMachine$SmHandler.processMsg(StateMachine.java:1007)
10-21 17:13:36.186  1154  1327 E ProcfsParsingUtils: 	at com.android.networkstack.com.android.internal.util.StateMachine$SmHandler.handleMessage(StateMachine.java:820)
10-21 17:13:36.186  1154  1327 E ProcfsParsingUtils: 	at android.os.Handler.dispatchMessage(Handler.java:132)
10-21 17:13:36.186  1154  1327 E ProcfsParsingUtils: 	at android.os.Looper.dispatchMessage(Looper.java:333)
10-21 17:13:36.186  1154  1327 E ProcfsParsingUtils: 	at android.os.Looper.loopOnce(Looper.java:263)
10-21 17:13:36.186  1154  1327 E ProcfsParsingUtils: 	at android.os.Looper.loop(Looper.java:367)
10-21 17:13:36.186  1154  1327 E ProcfsParsingUtils: 	at android.os.HandlerThread.run(HandlerThread.java:139)
10-21 17:13:36.188  1154  1327 D IpClient.wlan0: set max DTIM multiplier to 2
10-21 17:13:36.203   767   941 D WifiVendorHal: installPacketFilter filter length 1682
10-21 17:13:36.204   767   941 D WifiClientModeImpl[21111:wlan0]:  ClientModeImpl$ConnectableState screen=on len=1682
10-21 17:13:36.209   767   941 E WifiStaIfaceAidlImpl: setDtimMultiplier failed with service-specific exception: android.os.ServiceSpecificException:  (code 4)
10-21 17:13:36.209   767   941 D WifiClientModeImpl: Set maximum DTIM Multiplier to 2 FAIL
10-21 17:13:36.209   767   941 D WifiClientModeImpl[21111:wlan0]:  ClientModeImpl$ConnectableState screen=on maximum multiplier=2
10-21 17:13:36.797   767   941 D WifiClientModeImpl[21111:wlan0]: updateLinkLayerStatsRssiSpeedFrequencyCapabilities rssi=-50 TxLinkspeed=1 freq=2447 RxLinkSpeed=2
10-21 17:13:36.798   767   941 D WifiDataStall: tx tput in kbps: 11000
10-21 17:13:36.798   767   941 D WifiDataStall: rx tput in kbps: 11000
10-21 17:13:36.798   767   941 V WifiConfigManager: Updating scan detail cache freq=2447 BSSID=00:13:10:85:fe:01 RSSI=-50 for "AndroidWifi"NONE
10-21 17:13:36.798   767   941 D WifiThroughputPredictor:  utilization (LLS) 80 isBluetoothConnected: false final utilization: 80
10-21 17:13:36.798   767   941 D WifiThroughputPredictor:  BW: 0 RSSI: -50 Nss: 1 Mode: 1 symDur: 4000 snrDb 30 bitPerTone: 4500 rate: 54 throughput: 11
10-21 17:13:36.798   767   941 D WifiThroughputPredictor:  utilization (LLS) 80 isBluetoothConnected: false final utilization: 80
10-21 17:13:36.798   767   941 D WifiThroughputPredictor:  BW: 0 RSSI: -50 Nss: 1 Mode: 1 symDur: 4000 snrDb 30 bitPerTone: 4500 rate: 54 throughput: 11
10-21 17:13:36.798   767   941 D WifiThroughputPredictor:  utilization (LLS) 80 isBluetoothConnected: false final utilization: 80
10-21 17:13:36.798   767   941 D WifiThroughputPredictor:  BW: 0 RSSI: -50 Nss: 1 Mode: 1 symDur: 4000 snrDb 30 bitPerTone: 4500 rate: 54 throughput: 11
10-21 17:13:36.798   767   941 D WifiThroughputPredictor:  utilization (LLS) 80 isBluetoothConnected: false final utilization: 80
10-21 17:13:36.798   767   941 D WifiThroughputPredictor:  BW: 0 RSSI: -50 Nss: 1 Mode: 1 symDur: 4000 snrDb 30 bitPerTone: 4500 rate: 54 throughput: 11
10-21 17:13:36.799   767   941 I HalDevMgr: bestIfaceCreationProposal is null, requestIface=STA, existingIface=[name=wlan0 type=STA]
10-21 17:13:36.799   767   941 D WifiScoreCard: BSSID update SIGNAL_POLL ID: 14232187 SSID: "AndroidWifi", BSSID: 00:13:10:85:fe:01, MAC: 02:15:b2:00:00:00, IP: /10.0.2.16, Security type: 0, Supplicant state: COMPLETED, Wi-Fi standard: legacy, RSSI: -50, Link speed: 1Mbps, Tx Link speed: 1Mbps, Max Supported Tx Link speed: 11Mbps, Rx Link speed: 2Mbps, Max Supported Rx Link speed: 11Mbps, Frequency: 2447MHz, Net ID: 0, Metered hint: false, score: 83, isUsable: true, CarrierMerged: false, SubscriptionId: -1, IsPrimary: 1, Trusted: true, Restricted: false, Ephemeral: false, OEM paid: false, OEM private: false, OSU AP: false, FQDN: <none>, Provider friendly name: <none>, Requesting package name: <none>"AndroidWifi"openMLO Information: , Is TID-To-Link negotiation supported by the AP: false, AP MLD Address: <none>, AP MLO Link Id: <none>, AP MLO Affiliated links: <none>, Vendor Data: <none>
10-21 17:13:36.799   767   941 D WifiScoreCard: txRate: 4 txSpeed: 1
10-21 17:13:36.799   767   941 D WifiScoreCard: network update SIGNAL_POLL "AndroidWifi" ID: 1073449701 RSSI -50 txSpeed 1
10-21 17:13:36.799   767   941 D WifiClientModeImpl[21111:wlan0]:  ClientModeImpl$L2ConnectedState screen=on 1 0 "AndroidWifi" 00:13:10:85:fe:01 rssi=-50 f=2447 sc=83 link=1 tx=3.1, 0.0, 0.0 rx=3.7 bcn=0 [on:0 tx:0 rx:0 period:3002] from screen [on:0 period:101425439] score=83
10-21 17:13:37.623   767   949 D InetDiagMessage: Destroyed 0 sockets, proto=IPPROTO_TCP, family=AF_INET, states=14
10-21 17:13:37.624   767   949 D InetDiagMessage: Destroyed 0 sockets, proto=IPPROTO_TCP, family=AF_INET6, states=14
10-21 17:13:37.624   767   949 D InetDiagMessage: Destroyed live tcp sockets for uids={10137} in 2ms
10-21 17:13:37.624   767   949 D InetDiagMessage: Destroyed 0 sockets, proto=IPPROTO_TCP, family=AF_INET, states=14
10-21 17:13:37.625   767   949 D InetDiagMessage: Destroyed 0 sockets, proto=IPPROTO_TCP, family=AF_INET6, states=14
10-21 17:13:37.625   767   949 D InetDiagMessage: Destroyed live tcp sockets for uids={20137} in 1ms
10-21 17:13:37.649  1643  1643 D BoundBrokerSvc: onUnbind: Intent { act=com.google.android.gms.feedback.internal.IFeedbackService dat=chimera-action:/... xflg=0x4 cmp=com.google.android.gms/.chimera.GmsBoundBrokerService }
10-21 17:13:38.604   767   949 D InetDiagMessage: Destroyed 0 sockets, proto=IPPROTO_TCP, family=AF_INET, states=14
10-21 17:13:38.604   767   949 D InetDiagMessage: Destroyed 0 sockets, proto=IPPROTO_TCP, family=AF_INET6, states=14
10-21 17:13:38.604   767   949 D InetDiagMessage: Destroyed live tcp sockets for uids={10155} in 2ms
10-21 17:13:38.605   767   949 D InetDiagMessage: Destroyed 0 sockets, proto=IPPROTO_TCP, family=AF_INET, states=14
10-21 17:13:38.605   767   949 D InetDiagMessage: Destroyed 0 sockets, proto=IPPROTO_TCP, family=AF_INET6, states=14
10-21 17:13:38.605   767   949 D InetDiagMessage: Destroyed live tcp sockets for uids={20155} in 1ms
10-21 17:13:38.691   520   596 I netd    : tetherGetStats() -> {[]} <0.95ms>
10-21 17:13:38.958   267 12211 I keystore2: system/security/keystore2/watchdog/src/lib.rs:371 - Watchdog thread idle -> terminating. Have a great day.
10-21 17:13:39.804   767   941 D WifiClientModeImpl[21111:wlan0]: updateLinkLayerStatsRssiSpeedFrequencyCapabilities rssi=-50 TxLinkspeed=1 freq=2447 RxLinkSpeed=2
10-21 17:13:39.804   767   941 D WifiDataStall: tx tput in kbps: 11000
10-21 17:13:39.804   767   941 D WifiDataStall: rx tput in kbps: 11000
10-21 17:13:39.806   767   941 V WifiConfigManager: Updating scan detail cache freq=2447 BSSID=00:13:10:85:fe:01 RSSI=-50 for "AndroidWifi"NONE
10-21 17:13:39.806   767   941 D WifiThroughputPredictor:  utilization (LLS) 80 isBluetoothConnected: false final utilization: 80
10-21 17:13:39.806   767   941 D WifiThroughputPredictor:  BW: 0 RSSI: -50 Nss: 1 Mode: 1 symDur: 4000 snrDb 30 bitPerTone: 4500 rate: 54 throughput: 11
10-21 17:13:39.806   767   941 D WifiThroughputPredictor:  utilization (LLS) 80 isBluetoothConnected: false final utilization: 80
10-21 17:13:39.806   767   941 D WifiThroughputPredictor:  BW: 0 RSSI: -50 Nss: 1 Mode: 1 symDur: 4000 snrDb 30 bitPerTone: 4500 rate: 54 throughput: 11
10-21 17:13:39.806   767   941 D WifiThroughputPredictor:  utilization (LLS) 80 isBluetoothConnected: false final utilization: 80
10-21 17:13:39.806   767   941 D WifiThroughputPredictor:  BW: 0 RSSI: -50 Nss: 1 Mode: 1 symDur: 4000 snrDb 30 bitPerTone: 4500 rate: 54 throughput: 11
10-21 17:13:39.806   767   941 D WifiThroughputPredictor:  utilization (LLS) 80 isBluetoothConnected: false final utilization: 80
10-21 17:13:39.806   767   941 D WifiThroughputPredictor:  BW: 0 RSSI: -50 Nss: 1 Mode: 1 symDur: 4000 snrDb 30 bitPerTone: 4500 rate: 54 throughput: 11
10-21 17:13:39.808   767   941 I HalDevMgr: bestIfaceCreationProposal is null, requestIface=STA, existingIface=[name=wlan0 type=STA]
10-21 17:13:39.808   767   941 D WifiScoreCard: BSSID update SIGNAL_POLL ID: 14232187 SSID: "AndroidWifi", BSSID: 00:13:10:85:fe:01, MAC: 02:15:b2:00:00:00, IP: /10.0.2.16, Security type: 0, Supplicant state: COMPLETED, Wi-Fi standard: legacy, RSSI: -50, Link speed: 1Mbps, Tx Link speed: 1Mbps, Max Supported Tx Link speed: 11Mbps, Rx Link speed: 2Mbps, Max Supported Rx Link speed: 11Mbps, Frequency: 2447MHz, Net ID: 0, Metered hint: false, score: 83, isUsable: true, CarrierMerged: false, SubscriptionId: -1, IsPrimary: 1, Trusted: true, Restricted: false, Ephemeral: false, OEM paid: false, OEM private: false, OSU AP: false, FQDN: <none>, Provider friendly name: <none>, Requesting package name: <none>"AndroidWifi"openMLO Information: , Is TID-To-Link negotiation supported by the AP: false, AP MLD Address: <none>, AP MLO Link Id: <none>, AP MLO Affiliated links: <none>, Vendor Data: <none>
10-21 17:13:39.808   767   941 D WifiScoreCard: txRate: 2 txSpeed: 1
10-21 17:13:39.808   767   941 D WifiScoreCard: network update SIGNAL_POLL "AndroidWifi" ID: 1073449701 RSSI -50 txSpeed -1
10-21 17:13:39.809   767   941 D WifiClientModeImpl[21111:wlan0]:  ClientModeImpl$L2ConnectedState screen=on 1 0 "AndroidWifi" 00:13:10:85:fe:01 rssi=-50 f=2447 sc=83 link=1 tx=1.1, 0.0, 0.0 rx=1.3 bcn=0 [on:0 tx:0 rx:0 period:3010] from screen [on:0 period:101428449] score=83
10-21 17:13:40.805   767  1152 D FileUtils: Rounded bytes from 2061942784 to 4000000000
10-21 17:13:40.915   767   884 D ActivityManager: freezing 12169 com.google.android.deskclock
10-21 17:13:40.919   767   884 D ActivityManager: freezing 13277 com.google.android.googlequicksearchbox:search
10-21 17:13:40.920   767   884 D ActivityManager: freezing 19657 com.google.android.googlequicksearchbox:googleapp
10-21 17:13:40.922   767   884 D ActivityManager: freezing 22604 com.google.android.adservices.api
10-21 17:13:40.922   767   884 D ActivityManager: freezing 22790 com.google.android.webview:sandboxed_process0:org.chromium.content.app.SandboxedProcessService0:0
10-21 17:13:40.924   767   949 D InetDiagMessage: Destroyed 0 sockets, proto=IPPROTO_TCP, family=AF_INET, states=14
10-21 17:13:40.924   767   949 D InetDiagMessage: Destroyed 0 sockets, proto=IPPROTO_TCP, family=AF_INET6, states=14
10-21 17:13:40.924   767   949 D InetDiagMessage: Destroyed live tcp sockets for uids={10163} in 1ms
10-21 17:13:40.940   767   949 D InetDiagMessage: Destroyed 0 sockets, proto=IPPROTO_TCP, family=AF_INET, states=14
10-21 17:13:40.940   767   949 D InetDiagMessage: Destroyed 0 sockets, proto=IPPROTO_TCP, family=AF_INET6, states=14
10-21 17:13:40.940   767   949 D InetDiagMessage: Destroyed live tcp sockets for uids={10207} in 0ms
10-21 17:13:40.941   767   949 D InetDiagMessage: Destroyed 0 sockets, proto=IPPROTO_TCP, family=AF_INET, states=14
10-21 17:13:40.941   767   949 D InetDiagMessage: Destroyed 0 sockets, proto=IPPROTO_TCP, family=AF_INET6, states=14
10-21 17:13:40.941   767   949 D InetDiagMessage: Destroyed live tcp sockets for uids={99000} in 0ms
10-21 17:13:41.853  1190  1337 D SatelliteController: iisInCarrierRoamingNbIotNtn: satellite is disabled
10-21 17:13:41.855  1190  1337 D SatelliteController: getCarrierRoamingNtnConnectType: Falling back to global carrier config connect type: 0
10-21 17:13:42.106  1643  1643 D BoundBrokerSvc: onUnbind: Intent { act=com.google.android.gms.measurement.START xflg=0x4 pkg=com.google.android.gms }
10-21 17:13:42.644   767   884 D ActivityManager: freezing 12029 com.google.android.youtube
10-21 17:13:42.647   767   949 D InetDiagMessage: Destroyed 0 sockets, proto=IPPROTO_TCP, family=AF_INET, states=14
10-21 17:13:42.648   767   949 D InetDiagMessage: Destroyed 0 sockets, proto=IPPROTO_TCP, family=AF_INET6, states=14
10-21 17:13:42.648   767   949 D InetDiagMessage: Destroyed live tcp sockets for uids={10172} in 0ms
10-21 17:13:42.667   767   884 D ActivityManager: freezing 11265 com.android.chrome
10-21 17:13:42.667   767   949 D InetDiagMessage: Destroyed 0 sockets, proto=IPPROTO_TCP, family=AF_INET, states=14
10-21 17:13:42.668   767   949 D InetDiagMessage: Destroyed 0 sockets, proto=IPPROTO_TCP, family=AF_INET6, states=14
10-21 17:13:42.668   767   949 D InetDiagMessage: Destroyed live tcp sockets for uids={10153} in 0ms
10-21 17:13:42.813   767   941 D WifiClientModeImpl[21111:wlan0]: updateLinkLayerStatsRssiSpeedFrequencyCapabilities rssi=-50 TxLinkspeed=11 freq=2447 RxLinkSpeed=2
10-21 17:13:42.813   767   941 D WifiDataStall: tx tput in kbps: 11000
10-21 17:13:42.813   767   941 D WifiDataStall: rx tput in kbps: 11000
10-21 17:13:42.813   767   941 V WifiConfigManager: Updating scan detail cache freq=2447 BSSID=00:13:10:85:fe:01 RSSI=-50 for "AndroidWifi"NONE
10-21 17:13:42.813   767   941 D WifiThroughputPredictor:  utilization (LLS) 80 isBluetoothConnected: false final utilization: 80
10-21 17:13:42.813   767   941 D WifiThroughputPredictor:  BW: 0 RSSI: -50 Nss: 1 Mode: 1 symDur: 4000 snrDb 30 bitPerTone: 4500 rate: 54 throughput: 11
10-21 17:13:42.813   767   941 D WifiThroughputPredictor:  utilization (LLS) 80 isBluetoothConnected: false final utilization: 80
10-21 17:13:42.813   767   941 D WifiThroughputPredictor:  BW: 0 RSSI: -50 Nss: 1 Mode: 1 symDur: 4000 snrDb 30 bitPerTone: 4500 rate: 54 throughput: 11
10-21 17:13:42.814   767   941 D WifiThroughputPredictor:  utilization (LLS) 80 isBluetoothConnected: false final utilization: 80
10-21 17:13:42.814   767   941 D WifiThroughputPredictor:  BW: 0 RSSI: -50 Nss: 1 Mode: 1 symDur: 4000 snrDb 30 bitPerTone: 4500 rate: 54 throughput: 11
10-21 17:13:42.814   767   941 D WifiThroughputPredictor:  utilization (LLS) 80 isBluetoothConnected: false final utilization: 80
10-21 17:13:42.814   767   941 D WifiThroughputPredictor:  BW: 0 RSSI: -50 Nss: 1 Mode: 1 symDur: 4000 snrDb 30 bitPerTone: 4500 rate: 54 throughput: 11
10-21 17:13:42.815   767   941 I HalDevMgr: bestIfaceCreationProposal is null, requestIface=STA, existingIface=[name=wlan0 type=STA]
10-21 17:13:42.816   767   941 D WifiScoreCard: BSSID update SIGNAL_POLL ID: 14232187 SSID: "AndroidWifi", BSSID: 00:13:10:85:fe:01, MAC: 02:15:b2:00:00:00, IP: /10.0.2.16, Security type: 0, Supplicant state: COMPLETED, Wi-Fi standard: legacy, RSSI: -50, Link speed: 11Mbps, Tx Link speed: 11Mbps, Max Supported Tx Link speed: 11Mbps, Rx Link speed: 2Mbps, Max Supported Rx Link speed: 11Mbps, Frequency: 2447MHz, Net ID: 0, Metered hint: false, score: 83, isUsable: true, CarrierMerged: false, SubscriptionId: -1, IsPrimary: 1, Trusted: true, Restricted: false, Ephemeral: false, OEM paid: false, OEM private: false, OSU AP: false, FQDN: <none>, Provider friendly name: <none>, Requesting package name: <none>"AndroidWifi"openMLO Information: , Is TID-To-Link negotiation supported by the AP: false, AP MLD Address: <none>, AP MLO Link Id: <none>, AP MLO Affiliated links: <none>, Vendor Data: <none>
10-21 17:13:42.816   767   941 D WifiScoreCard: txRate: 1 txSpeed: 11
10-21 17:13:42.816   767   941 D WifiScoreCard: network update SIGNAL_POLL "AndroidWifi" ID: 1073449701 RSSI -50 txSpeed -1
10-21 17:13:42.816   767   941 D WifiClientModeImpl[21111:wlan0]:  ClientModeImpl$L2ConnectedState screen=on 1 0 "AndroidWifi" 00:13:10:85:fe:01 rssi=-50 f=2447 sc=83 link=11 tx=0.4, 0.0, 0.0 rx=0.5 bcn=0 [on:0 tx:0 rx:0 period:3007] from screen [on:0 period:101431456] score=83
10-21 17:13:43.203 12506 12506 D AndroidRuntime: >>>>>> START com.android.internal.os.RuntimeInit uid 0 <<<<<<
10-21 17:13:43.211 12506 12506 I AndroidRuntime: Using default boot image
10-21 17:13:43.211 12506 12506 I AndroidRuntime: Leaving lock profiling enabled
10-21 17:13:43.213 12506 12506 I app_process: Core platform API reporting enabled by runtime option
10-21 17:13:43.213 12506 12506 I app_process: Using CollectorTypeCMC GC.
10-21 17:13:43.347 12506 12506 D nativeloader: InitDefaultPublicLibraries for_preload=1: libandroid.so:libaaudio.so:libamidi.so:libbinder_ndk.so:libc.so:libcamera2ndk.so:libdl.so:libEGL.so:libGLESv1_CM.so:libGLESv2.so:libGLESv3.so:libicu.so:libicui18n.so:libicuuc.so:libjnigraphics.so:liblog.so:libmediandk.so:libm.so:libnativehelper.so:libnativewindow.so:libOpenMAXAL.so:libOpenSLES.so:libRS.so:libstdc++.so:libsync.so:libvulkan.so:libwebviewchromium_plat_support.so:libz.so
10-21 17:13:43.368 12506 12506 D nativeloader: Load libicu_jni.so using APEX ns com_android_art for caller /apex/com.android.art/javalib/core-oj.jar: ok
10-21 17:13:43.370 12506 12506 D app_process: u_setTimeZoneFilesDirectory("/apex/com.android.tzdata/etc/tz/versioned/9/icu") succeeded. 
10-21 17:13:43.370 12506 12506 D app_process: I18n APEX ICU file found: /apex/com.android.i18n/etc/icu/icudt76l.dat
10-21 17:13:43.373 12506 12506 D nativeloader: Load libjavacore.so using APEX ns com_android_art for caller /apex/com.android.art/javalib/core-oj.jar: ok
10-21 17:13:43.375 12506 12506 D nativeloader: Load libopenjdk.so using APEX ns com_android_art for caller /apex/com.android.art/javalib/core-oj.jar: ok
10-21 17:13:43.376 12506 12506 I app_process: Priority-to-niceness mapping: 19, 16, 13, 10, 0, -2, -4, -5, -6, -8
10-21 17:13:43.376 12506 12506 W app_process: Unexpected CPU variant for x86: x86_64.
10-21 17:13:43.376 12506 12506 W app_process: Known variants: atom, sandybridge, silvermont, goldmont, goldmont-plus, goldmont-without-sha-xsaves, tremont, kabylake, alderlake, default
10-21 17:13:43.464 12506 12506 D nativeloader: Load libframework-connectivity-tiramisu-jni.so using APEX ns com_android_tethering for caller /apex/com.android.tethering/javalib/framework-connectivity-t.jar: ok
10-21 17:13:43.465 12506 12506 D AndroidRuntime: Calling main entry com.android.commands.monkey.Monkey
10-21 17:13:43.466 12506 12506 D nativeloader: Load /system/lib64/libmonkey_jni.so using ns default for caller /system/framework/monkey.jar in same partition (is_bridged=0): ok
10-21 17:13:43.467 12506 12506 W Monkey  : args: [-p, com.google.android.deskclock, -c, android.intent.category.LAUNCHER, 1]
10-21 17:13:43.474 12506 12506 I AconfigPackage: android.media.swcodec.flags is mapped to com.android.media.swcodec
10-21 17:13:43.475 12506 12506 I AconfigPackage: com.android.permission.flags is mapped to com.android.permission
10-21 17:13:43.475 12506 12506 I AconfigPackage: com.android.permissioncontroller.flags is mapped to com.android.permission
10-21 17:13:43.475 12506 12506 I AconfigPackage: com.android.icu is mapped to com.android.i18n
10-21 17:13:43.475 12506 12506 I AconfigPackage: com.android.appsearch.flags is mapped to com.android.appsearch
10-21 17:13:43.476 12506 12506 I AconfigPackage: android.uprobestats.mainline.flags is mapped to com.android.uprobestats
10-21 17:13:43.476 12506 12506 I AconfigPackage: com.android.crashrecovery.flags is mapped to com.android.crashrecovery
10-21 17:13:43.476 12506 12506 I AconfigPackage: android.provider.flags is mapped to com.android.configinfrastructure
10-21 17:13:43.476 12506 12506 I AconfigPackage: com.android.server.deviceconfig is mapped to com.android.configinfrastructure
10-21 17:13:43.476 12506 12506 I AconfigPackage: com.android.compos.flags is mapped to com.android.compos
10-21 17:13:43.477 12506 12506 I AconfigPackage: com.android.art.flags is mapped to com.android.art
10-21 17:13:43.477 12506 12506 I AconfigPackage: com.android.art.rw.flags is mapped to com.android.art
10-21 17:13:43.477 12506 12506 I AconfigPackage: com.android.libcore is mapped to com.android.art
10-21 17:13:43.477 12506 12506 I AconfigPackage: com.android.telephony.flags is mapped to com.android.telephonycore
10-21 17:13:43.477 12506 12506 I AconfigPackage: com.android.media.extractor.flags is mapped to com.android.media
10-21 17:13:43.477 12506 12506 I AconfigPackage: com.android.media.mainline.flags is mapped to com.android.media
10-21 17:13:43.477 12506 12506 I AconfigPackage: com.android.wifi.flags is mapped to com.android.wifi
10-21 17:13:43.478 12506 12506 I AconfigPackage: com.android.org.conscrypt.flags is mapped to com.android.conscrypt
10-21 17:13:43.478 12506 12506 I AconfigPackage: com.android.org.conscrypt.net.flags is mapped to com.android.conscrypt
10-21 17:13:43.478 12506 12506 I AconfigPackage: com.android.healthfitness.flags is mapped to com.android.healthfitness
10-21 17:13:43.478 12506 12506 I AconfigPackage: com.android.ipsec.flags is mapped to com.android.ipsec
10-21 17:13:43.478 12506 12506 I AconfigPackage: com.android.nfc.module.flags is mapped to com.android.nfcservices
10-21 17:13:43.479 12506 12506 I AconfigPackage: com.android.adservices.ondevicepersonalization.flags is mapped to com.android.ondevicepersonalization
10-21 17:13:43.479 12506 12506 I AconfigPackage: com.android.adbd.flags is mapped to com.android.adbd
10-21 17:13:43.479 12506 12506 I AconfigPackage: com.android.bluetooth.flags is mapped to com.android.bt
10-21 17:13:43.479 12506 12506 I AconfigPackage: com.android.devicelock.flags is mapped to com.android.devicelock
10-21 17:13:43.480 12506 12506 I AconfigPackage: android.os.profiling is mapped to com.android.profiling
10-21 17:13:43.480 12506 12506 I AconfigPackage: android.os.profiling.anomaly.flags is mapped to com.android.profiling
10-21 17:13:43.480 12506 12506 I AconfigPackage: com.android.os.statsd.flags is mapped to com.android.os.statsd
10-21 17:13:43.480 12506 12506 I AconfigPackage: com.android.rkpd.flags is mapped to com.android.rkpd
10-21 17:13:43.480 12506 12506 I AconfigPackage: com.android.cellbroadcastreceiver.flags is mapped to com.android.cellbroadcast
10-21 17:13:43.481 12506 12506 I AconfigPackage: com.android.adservices.flags is mapped to com.android.adservices
10-21 17:13:43.481 12506 12506 I AconfigPackage: com.android.sdksandbox.flags is mapped to com.android.adservices
10-21 17:13:43.481 12506 12506 I AconfigPackage: com.android.uwb.flags is mapped to com.android.uwb
10-21 17:13:43.481 12506 12506 I AconfigPackage: com.android.ranging.flags is mapped to com.android.uwb
10-21 17:13:43.481 12506 12506 I AconfigPackage: android.graphics.pdf.flags is mapped to com.android.mediaprovider
10-21 17:13:43.481 12506 12506 I AconfigPackage: com.android.providers.media.flags is mapped to com.android.mediaprovider
10-21 17:13:43.481 12506 12506 I AconfigPackage: android.graphics.pdf.flags.readonly is mapped to com.android.mediaprovider
10-21 17:13:43.481 12506 12506 I AconfigPackage: com.android.net.ct.flags is mapped to com.android.tethering
10-21 17:13:43.481 12506 12506 I AconfigPackage: com.android.tethering.mainline.beta is mapped to com.android.tethering
10-21 17:13:43.481 12506 12506 I AconfigPackage: com.android.net.flags is mapped to com.android.tethering
10-21 17:13:43.481 12506 12506 I AconfigPackage: com.android.nearby.flags is mapped to com.android.tethering
10-21 17:13:43.481 12506 12506 I AconfigPackage: android.net.vcn is mapped to com.android.tethering
10-21 17:13:43.481 12506 12506 I AconfigPackage: com.android.tethering.beta.test is mapped to com.android.tethering
10-21 17:13:43.481 12506 12506 I AconfigPackage: android.net.http is mapped to com.android.tethering
10-21 17:13:43.481 12506 12506 I AconfigPackage: com.android.net.thread.flags is mapped to com.android.tethering
10-21 17:13:43.482 12506 12506 I AconfigPackage: com.android.system.virtualmachine.flags is mapped to com.android.virt
10-21 17:13:43.482 12506 12506 E FeatureFlagsImplExport: android.os.flagging.AconfigStorageReadException: ERROR_PACKAGE_NOT_FOUND: package android.xr cannot be found on the device
10-21 17:13:43.489 12506 12506 W Monkey  :  arg: "-p"
10-21 17:13:43.529     0     0 I input   : Monkey touch as /devices/virtual/input/input29
10-21 17:13:43.489 12506 12506 W Monkey  :  arg: "com.google.android.deskclock"
10-21 17:13:43.489 12506 12506 W Monkey  :  arg: "-c"
10-21 17:13:43.489 12506 12506 W Monkey  :  arg: "android.intent.category.LAUNCHER"
10-21 17:13:43.489 12506 12506 W Monkey  :  arg: "1"
10-21 17:13:43.489 12506 12506 W Monkey  : data="com.google.android.deskclock"
10-21 17:13:43.489 12506 12506 W Monkey  : data="android.intent.category.LAUNCHER"
10-21 17:13:43.490   767   898 D EventHub: No input device configuration file found for device 'Monkey touch'.
10-21 17:13:43.492   767   898 I EventHub: usingClockIoctl=true
10-21 17:13:43.492   767   898 I EventHub: New device: id=29, fd=521, path='/dev/input/event14', name='Monkey touch', classes=TOUCH | TOUCH_MT, configuration='', keyLayout='', keyCharacterMap='', builtinKeyboard=false, 
10-21 17:13:43.496   767   898 I InputReader: Device reconfigured: id=29, name='Monkey touch', size 1080x2400, orientation Rotation0, mode DIRECT, display id 0
10-21 17:13:43.496   767   898 I InputReader: Device added: id=29, eventHubId=29, name='Monkey touch', descriptor='e1fe28b90f915c7d1febbd52c1ef84b3c4cbed9f',sources=TOUCHSCREEN
10-21 17:13:43.510   767   802 D WindowManager: Direct invocation of sendNewConfiguration: Display{#0 state=ON size=1080x2400 ROTATION_0}
10-21 17:13:43.513   767   802 W libbinder.IPCThreadState: Sending oneway calls to frozen process.
10-21 17:13:43.523   767  1152 W ActivityManager: registerReceiverWithFeature: no app for null
10-21 17:13:43.535   767  1152 W ActivityTaskManager: callingPackage for (uid=0, pid=12506) has no WPC
10-21 17:13:43.536   767  1152 V WindowManager: DesktopModeLaunchParamsModifier: phase= 0 task=null activity=null display-area-from-current-params=null display-area-from-default-fallback=DefaultTaskDisplayArea@155435942 display-id=0 task-display-area-windowing-mode=1 suggested-display-area=DefaultTaskDisplayArea@155435942 task null, skipping
10-21 17:13:43.536   767  1152 V WindowManager: TaskLaunchParamsModifier:phase=0 task=null activity=null display-area-from-current-params=null display-area-from-default-fallback=DefaultTaskDisplayArea@155435942 display-id=0 task-display-area-windowing-mode=1 suggested-display-area=DefaultTaskDisplayArea@155435942
10-21 17:13:43.538   767  1152 V GrammaticalInflectionUtils: AttributionSource: AttributionSource { uid = 10163, packageName = null, attributionTag = null, token = android.os.Binder@b9d83fb, deviceId = 0, next = null } does not have READ_SYSTEM_GRAMMATICAL_GENDER permission.
10-21 17:13:43.541   767  1152 V WindowManager: DesktopModeLaunchParamsModifier: phase= 0 task=null activity=ActivityRecord{156448235 u0 com.google.android.deskclock/com.android.deskclock.DeskClock display-area-from-current-params=null display-area-for-record=DefaultTaskDisplayArea@155435942 display-id=0 task-display-area-windowing-mode=1 suggested-display-area=DefaultTaskDisplayArea@155435942 task null, skipping
10-21 17:13:43.541   767  1152 V WindowManager: TaskLaunchParamsModifier:phase=0 task=null activity=ActivityRecord{156448235 u0 com.google.android.deskclock/com.android.deskclock.DeskClock t-1} display-area-from-current-params=null display-area-for-record=DefaultTaskDisplayArea@155435942 display-id=0 task-display-area-windowing-mode=1 suggested-display-area=DefaultTaskDisplayArea@155435942
10-21 17:13:43.541   767  1152 V WindowManager: DesktopModeLaunchParamsModifier: phase= 3 task=Task{128f37 #44 type=standard A=10163:com.google.android.deskclock} activity=ActivityRecord{156448235 u0 com.google.android.deskclock/com.android.deskclock.DeskClock t-1} display-from-task=0 display-id=0 task-display-area-windowing-mode=1 suggested-display-area=DefaultTaskDisplayArea@155435942 not entering desktop mode, skipping
10-21 17:13:43.541   767  1152 V WindowManager: TaskLaunchParamsModifier:phase=3 task=Task{128f37 #44 type=standard A=10163:com.google.android.deskclock} activity=ActivityRecord{156448235 u0 com.google.android.deskclock/com.android.deskclock.DeskClock t-1} display-from-task=0 display-id=0 task-display-area-windowing-mode=1 suggested-display-area=DefaultTaskDisplayArea@155435942 inherit-from-task=fullscreen non-freeform-task-display-area display-area=DefaultTaskDisplayArea@155435942 skip-bounds-fullscreen
10-21 17:13:43.541   767  1152 V WindowManager: DesktopModeLaunchParamsModifier: phase= 3 task=Task{128f37 #44 type=standard A=10163:com.google.android.deskclock} activity=ActivityRecord{156448235 u0 com.google.android.deskclock/com.android.deskclock.DeskClock t-1} display-from-task=0 display-id=0 task-display-area-windowing-mode=1 suggested-display-area=DefaultTaskDisplayArea@155435942 not entering desktop mode, skipping
10-21 17:13:43.542   767  1152 V WindowManager: TaskLaunchParamsModifier:phase=3 task=Task{128f37 #44 type=standard A=10163:com.google.android.deskclock} activity=ActivityRecord{156448235 u0 com.google.android.deskclock/com.android.deskclock.DeskClock t-1} display-from-task=0 display-id=0 task-display-area-windowing-mode=1 suggested-display-area=DefaultTaskDisplayArea@155435942 inherit-from-task=fullscreen non-freeform-task-display-area display-area=DefaultTaskDisplayArea@155435942 skip-bounds-fullscreen
10-21 17:13:43.542   582   658 I libbinder.BpBinder: onLastStrongRef automatically unlinking death recipients for descriptor: '(not cached)'
10-21 17:13:43.544   767  1152 I ActivityTaskManager: START u0 {act=android.intent.action.MAIN cat=[android.intent.category.LAUNCHER] flg=0x10200000 cmp=com.google.android.deskclock/com.android.deskclock.DeskClock} with LAUNCH_SINGLE_TASK from uid 0 (BAL_ALLOW_ALLOWLISTED_UID) result code=2
10-21 17:13:43.544  1055  1178 V WindowManagerShell: Transition requested (#27): android.os.BinderProxy@12810c1 TransitionRequestInfo { type = OPEN, triggerTask = TaskInfo{userId=0 taskId=44 effectiveUid=10163 displayId=0 isRunning=true baseIntent=Intent { act=android.intent.action.MAIN cat=[android.intent.category.LAUNCHER] flg=0x10200000 cmp=com.google.android.deskclock/com.android.deskclock.DeskClock } baseActivity=ComponentInfo{com.google.android.deskclock/com.android.deskclock.DeskClock} topActivity=ComponentInfo{com.google.android.deskclock/com.android.deskclock.DeskClock} origActivity=null realActivity=ComponentInfo{com.google.android.deskclock/com.android.deskclock.DeskClock} numActivities=1 lastActiveTime=92768947 supportsMultiWindow=true resizeMode=1 isResizeable=true minWidth=-1 minHeight=-1 defaultMinSize=220 token=WCT{android.os.BinderProxy@5a25e15} topActivityType=1 pictureInPictureParams=null shouldDockBigOverlays=false launchIntoPipHostTaskId=-1 lastParentTaskIdBeforePip=-1 displayCutoutSafeInsets=Rect(0, 0 - 0, 0) topActivityInfo=ActivityInfo{9702066 com.android.deskclock.DeskClock} launchCookies=[] positionInParent=Point(0, 0) parentTaskId=-1 isFocused=false isVisible=false isVisibleRequested=false isTopActivityNoDisplay=false isSleeping=false locusId=null displayAreaFeatureId=1 isTopActivityTransparent=false isActivityStackTransparent=false lastNonFullscreenBounds=null capturedLink=null capturedLinkTimestamp=0 requestedVisibleTypes=503 topActivityRequestOpenInBrowserEducationTimestamp=0 appCompatTaskInfo=AppCompatTaskInfo { topActivityInSizeCompat=false isLeafTask= true eligibleForLetterboxEducation= false isLetterboxEducationEnabled= true isLetterboxDoubleTapEnabled= false eligibleForUserAspectRatioButton= false topActivityBoundsLetterboxed= false isFromLetterboxDoubleTap= false topActivityLetterboxVerticalPosition= -1 topActivityLetterboxHorizontalPosition= -1 topActivityLetterboxWidth=-1 topActivityLetterboxHeight=-1 topActivityAppBounds=Rect(0, 0 - 1080, 2337) isUserFullscreenOverrideEnabled=false isSystemFullscreenOverrideEnabled=false hasMinAspectRatioOverride=false topActivityLetterboxBounds=null cameraCompatTaskInfo=CameraCompatTaskInfo { cameraCompatMode=inactiveundefined} topNonResizableActivityAspectRatio=-1.0} topActivityMainWindowFrame=null isAppBubble=false}, pipChange = null, remoteTransition = null, displayChange = null, requestedLocation = null, userChange = null, flags = 0, debugId = 27 }
10-21 17:13:43.545 12506 12506 I Monkey  : Events injected: 1
10-21 17:13:43.545  1055  1178 D ShellSplitScreen: logExit: no-op, mLoggerSessionId is null
10-21 17:13:43.546  1197  1197 D BaseActivity: Launcher flags updated: [state_started|state_resumed|state_deferred_resumed|state_window_focused] -[state_user_active]
10-21 17:13:43.546  1197  1197 D BaseActivity: Launcher flags updated: [state_started|state_window_focused] -[state_resumed|state_deferred_resumed]
10-21 17:13:43.547  1197  1197 W SplitSelectStateCtor: Missing session instanceIds
10-21 17:13:43.547  1197  1197 D StatsLog: LAUNCHER_SPLIT_SELECTION_EXIT_INTERRUPTED
10-21 17:13:43.547  1055  1178 D WindowManagerShell: onActivityRestartAttempt: topActivity=ComponentInfo{com.google.android.deskclock/com.android.deskclock.DeskClock}, wasVisible=false
10-21 17:13:43.547  1055  1178 D WindowManagerShell: setLauncherKeepClearAreaHeight: visible=false, height=495
10-21 17:13:43.550   767  2053 D ActivityManager: quick sync unfreeze 12169 for 1
10-21 17:13:43.550   767  1000 D BackgroundInstallControlService: Package event received: 0
10-21 17:13:43.551  1055  1285 V SnapshotDrawerUtils: Drawing snapshot surface sizeMismatch=true
10-21 17:13:43.553   767  1000 D BackgroundInstallControlService: Package event received: 0
10-21 17:13:43.554   767   802 D ActivityManager: sync unfroze 12169 com.google.android.deskclock for 1
10-21 17:13:43.555   767  1000 D BackgroundInstallControlService: Package event received: 0
10-21 17:13:43.555   767  1000 D BackgroundInstallControlService: Package event received: 0
10-21 17:13:43.556   767  2053 V WindowManager: Defer transition id=27 for TaskFragmentTransaction=android.os.Binder@28726bf
10-21 17:13:43.557   767  2053 V WindowManager: deferTransitionReady deferReadyDepth=1 stack=com.android.server.wm.TransitionController.deferTransitionReady:1052 com.android.server.wm.TaskFragmentOrganizerController$TaskFragmentOrganizerState.dispatchTransaction:536 com.android.server.wm.TaskFragmentOrganizerController.dispatchPendingEvents:1278 com.android.server.wm.TaskFragmentOrganizerController.dispatchPendingEvents:1247 com.android.server.wm.RootWindowContainer.performSurfacePlacement:777 
10-21 17:13:43.557  1197  1197 D b/417220811: invalidateLoadedTasks - previous requestLoadId: -1
10-21 17:13:43.559   767  1967 V WindowManager: Continue transition id=27 for TaskFragmentTransaction=android.os.Binder@28726bf
10-21 17:13:43.560   767  1967 V WindowManager: continueTransitionReady deferReadyDepth=0 stack=com.android.server.wm.TransitionController.continueTransitionReady:1062 com.android.server.wm.TaskFragmentOrganizerController$TaskFragmentOrganizerState.onTransactionFinished:565 com.android.server.wm.TaskFragmentOrganizerController.onTransactionHandled:759 android.window.ITaskFragmentOrganizerController$Stub.onTransact:225 android.os.Binder.execTransactInternal:1473 
10-21 17:13:43.564  1055  1548 V WindowManagerShell: onTransitionReady(transaction=3294239918234)
10-21 17:13:43.565  1055  1178 V WindowManagerShell: onTransitionReady (#27) android.os.BinderProxy@12810c1: {id=27 t=OPEN f=0x0 trk=0 r=[0@Point(0, 0)] c=[
10-21 17:13:43.565  1055  1178 V WindowManagerShell:         {m=TO_FRONT f=MOVE_TO_TOP leash=Surface(name=Task=44#139)/@0xce3f7fd sb=Rect(0, 0 - 1080, 2400) eb=Rect(0, 0 - 1080, 2400) epz=Point(1080, 2400) d=0 taskParent=-1 winMode=1 userId=0},
10-21 17:13:43.565  1055  1178 V WindowManagerShell:         {m=TO_BACK f=SHOW_WALLPAPER leash=Surface(name=Task=1#44)/@0xd4ddcf2 sb=Rect(0, 0 - 1080, 2400) eb=Rect(0, 0 - 1080, 2400) epz=Point(1080, 2400) d=0 taskParent=-1 winMode=1 userId=0},
10-21 17:13:43.565  1055  1178 V WindowManagerShell:         {m=TO_BACK f=IS_WALLPAPER leash=Surface(name=WallpaperWindowToken{610a901}#62)/@0x8a4ff43 sb=Rect(0, 0 - 1080, 2400) eb=Rect(0, 0 - 1080, 2400) epz=Point(1080, 2400) d=0}
10-21 17:13:43.565  1055  1178 V WindowManagerShell:     ]}
10-21 17:13:43.565 12169 12169 I AlarmClock: Fold: Started watching com.android.deskclock.DeskClock for fold changes
10-21 17:13:43.565  1055  1178 V WindowManagerShell: Playing animation for (#27) android.os.BinderProxy@12810c1@0
10-21 17:13:43.566  1055  1178 V ShellRecents: RecentsTransitionHandler.startAnimation: no controller found
10-21 17:13:43.566  1055  1178 V WindowManagerShell: Transition doesn't have explicit remote, search filters for match for {id=27 t=OPEN f=0x0 trk=0 r=[0@Point(0, 0)] c=[{m=TO_FRONT f=MOVE_TO_TOP leash=Surface(name=Task=44#139)/@0xce3f7fd sb=Rect(0, 0 - 1080, 2400) eb=Rect(0, 0 - 1080, 2400) epz=Point(1080, 2400) d=0 taskParent=-1 winMode=1 userId=0},{m=TO_BACK f=SHOW_WALLPAPER leash=Surface(name=Task=1#44)/@0xd4ddcf2 sb=Rect(0, 0 - 1080, 2400) eb=Rect(0, 0 - 1080, 2400) epz=Point(1080, 2400) d=0 taskParent=-1 winMode=1 userId=0},{m=TO_BACK f=IS_WALLPAPER leash=Surface(name=WallpaperWindowToken{610a901}#62)/@0x8a4ff43 sb=Rect(0, 0 - 1080, 2400) eb=Rect(0, 0 - 1080, 2400) epz=Point(1080, 2400) d=0}]}
10-21 17:13:43.566  1055  1178 V WindowManagerShell:  Checking filter Pair{{types=[] flags=0x0] notFlags=0x0 checks=[{atype=undefined independent=true modes=[CLOSE,TO_BACK] flags=IN_TASK_WITH_EMBEDDED_ACTIVITY mustBeTask=false order=ANY topActivity=null launchCookie=null taskFragmentToken=android.os.BinderProxy@ec792c6 windowingMode=undefined}]} RemoteTransition { remoteTransition = android.window.IRemoteTransition$Stub$Proxy@4d60287, appThread = android.app.IApplicationThread$Stub$Proxy@f4e65b4, debugName = overlayBackTransition }}
10-21 17:13:43.566  1055  1178 V WindowManagerShell:  Checking filter Pair{{types=[] flags=0x0] notFlags=0x0 checks=[{atype=dream independent=true modes=[OPEN,TO_FRONT] flags=NONE mustBeTask=false order=ANY topActivity=null launchCookie=null windowingMode=undefined},{atype=home independent=true modes=[CLOSE,TO_BACK] flags=NONE mustBeTask=false order=ANY topActivity=null launchCookie=null windowingMode=undefined}]} RemoteTransition { remoteTransition = android.window.IRemoteTransition$Stub$Proxy@49655dd, appThread = android.app.IApplicationThread$Stub$Proxy@81a1552, debugName = LauncherToDream }}
10-21 17:13:43.566  1055  1178 V WindowManagerShell:  Checking filter Pair{{types=[] flags=0x0] notFlags=0x100 checks=[{atype=home independent=true modes=[OPEN,TO_FRONT] flags=NONE mustBeTask=false order=TOP topActivity=ComponentInfo{com.google.android.apps.nexuslauncher/com.google.android.apps.nexuslauncher.NexusLauncherActivity} launchCookie=null windowingMode=undefined},{atype=standard independent=true modes=[CLOSE,TO_BACK] flags=NONE mustBeTask=false order=ANY topActivity=null launchCookie=null windowingMode=undefined},{NOT atype=undefined independent=true modes=[] flags=NONE mustBeTask=true order=ANY topActivity=null launchCookie=null customAnim=true windowingMode=undefined}]} RemoteTransition { remoteTransition = android.window.IRemoteTransition$Stub$Proxy@5064023, appThread = android.app.IApplicationThread$Stub$Proxy@9462920, debugName = QuickstepLaunchHome }}
10-21 17:13:43.566  1055  1178 V WindowManagerShell:  Delegate animation for (#27) to null
10-21 17:13:43.566  1055  1178 V WindowManagerShell: start default transition animation, info = {id=27 t=OPEN f=0x0 trk=0 r=[0@Point(0, 0)] c=[{m=TO_FRONT f=MOVE_TO_TOP leash=Surface(name=Task=44#139)/@0xce3f7fd sb=Rect(0, 0 - 1080, 2400) eb=Rect(0, 0 - 1080, 2400) epz=Point(1080, 2400) d=0 taskParent=-1 winMode=1 userId=0},{m=TO_BACK f=SHOW_WALLPAPER leash=Surface(name=Task=1#44)/@0xd4ddcf2 sb=Rect(0, 0 - 1080, 2400) eb=Rect(0, 0 - 1080, 2400) epz=Point(1080, 2400) d=0 taskParent=-1 winMode=1 userId=0},{m=TO_BACK f=IS_WALLPAPER leash=Surface(name=WallpaperWindowToken{610a901}#62)/@0x8a4ff43 sb=Rect(0, 0 - 1080, 2400) eb=Rect(0, 0 - 1080, 2400) epz=Point(1080, 2400) d=0}]}
10-21 17:13:43.567   767   799 V WindowManager: Sent Transition (#27) createdAt=10-21 17:13:43.540 via request=TransitionRequestInfo { type = OPEN, triggerTask = TaskInfo{userId=0 taskId=44 effectiveUid=10163 displayId=0 isRunning=true baseIntent=Intent { act=android.intent.action.MAIN cat=[android.intent.category.LAUNCHER] flg=0x10200000 cmp=com.google.android.deskclock/com.android.deskclock.DeskClock } baseActivity=ComponentInfo{com.google.android.deskclock/com.android.deskclock.DeskClock} topActivity=ComponentInfo{com.google.android.deskclock/com.android.deskclock.DeskClock} origActivity=null realActivity=ComponentInfo{com.google.android.deskclock/com.android.deskclock.DeskClock} numActivities=1 lastActiveTime=92768947 supportsMultiWindow=true resizeMode=1 isResizeable=true minWidth=-1 minHeight=-1 defaultMinSize=220 token=WCT{RemoteToken{dfe757c Task{128f37 #44 type=standard A=10163:com.google.android.deskclock}}} topActivityType=1 pictureInPictureParams=null shouldDockBigOverlays=false launchIntoPipHostTaskId=-1 lastParentTaskIdBeforePip=-1 displayCutoutSafeInsets=Rect(0, 0 - 0, 0) topActivityInfo=ActivityInfo{70bfe05 com.android.deskclock.DeskClock} launchCookies=[] positionInParent=Point(0, 0) parentTaskId=-1 isFocused=false isVisible=false isVisibleRequested=false isTopActivityNoDisplay=false isSleeping=false locusId=null displayAreaFeatureId=1 isTopActivityTransparent=false isActivityStackTransparent=false lastNonFullscreenBounds=null capturedLink=null capturedLinkTimestamp=0 requestedVisibleTypes=503 topActivityRequestOpenInBrowserEducationTimestamp=0 appCompatTaskInfo=AppCompatTaskInfo { topActivityInSizeCompat=false isLeafTask= true eligibleForLetterboxEducation= false isLetterboxEducationEnabled= true isLetterboxDoubleTapEnabled= false eligibleForUserAspectRatioButton= false topActivityBoundsLetterboxed= false isFromLetterboxDoubleTap= false topActivityLetterboxVerticalPosition= -1 topActivityLetterboxHorizontalPosition= -1 topActivityLetterboxWidth=-1 topActivityLetterboxHeight=-1 topActivityAppBounds=Rect(0, 0 - 1080, 2337) isUserFullscreenOverrideEnabled=false isSystemFullscreenOverrideEnabled=false hasMinAspectRatioOverride=false topActivityLetterboxBounds=null cameraCompatTaskInfo=CameraCompatTaskInfo { cameraCompatMode=inactiveundefined} topNonResizableActivityAspectRatio=-1.0} topActivityMainWindowFrame=null isAppBubble=false}, pipChange = null, remoteTransition = null, displayChange = null, requestedLocation = null, userChange = null, flags = 0, debugId = 27 }
10-21 17:13:43.567   767   799 V WindowManager:     startWCT=WindowContainerTransaction { changes= {} hops= [] errorCallbackToken=null taskFragmentOrganizer=null }
10-21 17:13:43.567   767   799 V WindowManager:     info={id=27 t=OPEN f=0x0 trk=0 r=[0@Point(0, 0)] c=[
10-21 17:13:43.567   767   799 V WindowManager:         {WCT{RemoteToken{dfe757c Task{128f37 #44 type=standard A=10163:com.google.android.deskclock}}} m=TO_FRONT f=MOVE_TO_TOP leash=Surface(name=Task=44#139)/@0xac53784 sb=Rect(0, 0 - 1080, 2400) eb=Rect(0, 0 - 1080, 2400) epz=Point(1080, 2400) d=0 taskParent=-1 winMode=1 userId=0},
10-21 17:13:43.567   767   799 V WindowManager:         {WCT{RemoteToken{8fff7c7 Task{b32ba16 #1 type=home}}} m=TO_BACK f=SHOW_WALLPAPER leash=Surface(name=Task=1#44)/@0x4a8d665 sb=Rect(0, 0 - 1080, 2400) eb=Rect(0, 0 - 1080, 2400) epz=Point(1080, 2400) d=0 taskParent=-1 winMode=1 userId=0},
10-21 17:13:43.567   767   799 V WindowManager:         {m=TO_BACK f=IS_WALLPAPER leash=Surface(name=WallpaperWindowToken{610a901}#62)/@0x4dff35c sb=Rect(0, 0 - 1080, 2400) eb=Rect(0, 0 - 1080, 2400) epz=Point(1080, 2400) d=0}
10-21 17:13:43.567   767   799 V WindowManager:     ]}
10-21 17:13:43.569 12169 12169 V AppLifecycleTracker: App transition to foreground
10-21 17:13:43.571  1055  1178 V WindowManagerShell: loadAnimation: anim=android.view.animation.AnimationSet@2d8d63e animAttr=0x13 type=OPEN isEntrance=false
10-21 17:13:43.573 12506 12506 I Monkey  : ## Network stats: elapsed time=30ms (0ms mobile, 0ms wifi, 30ms not connected)
10-21 17:13:43.575 12506 12506 I app_process: System.exit called, status: 0
10-21 17:13:43.575 12506 12506 I AndroidRuntime: VM exiting with result code 0.
10-21 17:13:43.578  1055  1178 V WindowManagerShell: loadAnimation: anim=android.view.animation.AnimationSet@288184a animAttr=0x12 type=OPEN isEntrance=true
10-21 17:13:43.579  1055  1178 V WindowManagerShell:  animated by com.android.wm.shell.transition.DefaultTransitionHandler@48ec040
10-21 17:13:43.590  1197  1197 D BaseActivity: Launcher flags updated: [state_started] -[state_window_focused]
10-21 17:13:43.591 12169 12169 D AlarmClock: Events: [App] [Show]
10-21 17:13:43.602   520   596 I netd    : tetherGetStats() -> {[]} <0.55ms>
10-21 17:13:43.623 12169 12174 W droid.deskclock: userfaultfd: MOVE ioctl seems unsupported: Connection timed out
10-21 17:13:43.625 12169 12188 I GFXSTREAM: [eglDisplay.cpp(297)] Opening libGLESv1_CM_emulation.so
10-21 17:13:43.625 12169 12188 I GFXSTREAM: [eglDisplay.cpp(297)] Opening libGLESv2_emulation.so
10-21 17:13:43.656   767   898 I EventHub: Removing device Monkey touch due to epoll hang-up event.
10-21 17:13:43.656   767   898 I EventHub: Removed device: path=/dev/input/event14 name=Monkey touch id=29 fd=521 classes=TOUCH | TOUCH_MT
10-21 17:13:43.672 12169 12188 W HWUI    : Failed to initialize 101010-2 format, error = EGL_SUCCESS
10-21 17:13:43.681  1197  1197 D b/417220811: invalidateLoadedTasks - previous requestLoadId: -1
10-21 17:13:43.682   767   898 I InputReader: Device removed: id=29, eventHubId=29, name='Monkey touch', descriptor='e1fe28b90f915c7d1febbd52c1ef84b3c4cbed9f', sources=TOUCHSCREEN
10-21 17:13:43.692   767   884 D ActivityManager: freezing 11311 com.google.android.dialer
10-21 17:13:43.696   767   898 I EventHub: Removing device '/dev/input/event14' due to inotify event
10-21 17:13:43.696   767   949 D InetDiagMessage: Destroyed 0 sockets, proto=IPPROTO_TCP, family=AF_INET, states=14
10-21 17:13:43.697   767   949 D InetDiagMessage: Destroyed 0 sockets, proto=IPPROTO_TCP, family=AF_INET6, states=14
10-21 17:13:43.697   767   949 D InetDiagMessage: Destroyed live tcp sockets for uids={10137} in 0ms
10-21 17:13:43.698   767   802 D WindowManager: Direct invocation of sendNewConfiguration: Display{#0 state=ON size=1080x2400 ROTATION_0}
10-21 17:13:43.698   767   802 W libbinder.IPCThreadState: Sending oneway calls to frozen process.
10-21 17:13:43.699   767   802 W PermissionService: getPermissionFlags: Unknown user -1
10-21 17:13:43.699   767   802 W PermissionService: getPermissionFlags: Unknown user -1
10-21 17:13:43.753  1197  1197 D TouchInteractionService: disposeEventHandlers: Reason: Initializing input monitor due to: onTrackpadConnected() instance=177253505
10-21 17:13:43.753  1197  1197 D InputMonitorCompat: Input event receiver for monitor (swipe-up-disp0) disposed
10-21 17:13:43.753  1197  1197 D InputMonitorCompat: Input monitor (swipe-up-disp0) disposed
10-21 17:13:43.843  1055  1055 D NavigationModeController: getCurrentUserContext: contextUser=0 currentUser=0
10-21 17:13:43.872  1197  1197 D InputMonitorCompat: Input monitor (swipe-up-disp0) created
10-21 17:13:43.872  1197  1197 D InputMonitorCompat: Input event receiver for monitor (swipe-up-disp0) created
10-21 17:13:43.913  1055  1178 V WindowManagerShell: Transition animation finished (aborted=false), notifying core (#27) android.os.BinderProxy@12810c1@0
10-21 17:13:43.923  1197  1197 D VRI[NexusLauncherActivity]: visibilityChanged oldVisibility=true newVisibility=false
10-21 17:13:43.924   767   799 V WindowManager: Finish Transition (#27): created at 10-21 17:13:43.540 collect-started=0.05ms request-sent=3.996ms started=6.064ms ready=19.647ms sent=22.463ms commit=36.522ms finished=380.038ms
10-21 17:13:43.924  1055  1545 D WallpaperService: onVisibilityChanged(false): com.android.systemui.wallpapers.ImageWallpaper$CanvasEngine@b2ed929
10-21 17:13:43.924  1055  1178 V WindowManagerShell: Track 0 became idle
10-21 17:13:43.924  1055  1178 V WindowManagerShell: All active transition animations finished
10-21 17:13:43.927  1730  2423 W AiAiEcho: LyftNotificationParser Ridesharing ETA not enabled
10-21 17:13:43.928  1730  2423 I AiAiEcho: SmartspaceNotificationPredictor no parser can handle this notification or notification is invalid
10-21 17:13:43.930  1197  1197 D NexusLauncherModelDelegate: notifySmartspaceEvent: SmartspaceTargetEvent{mSmartspaceTarget=null, mSmartspaceActionId='null', mEventType=7}
10-21 17:13:44.101 12519 12519 D AndroidRuntime: >>>>>> START com.android.internal.os.RuntimeInit uid 0 <<<<<<
10-21 17:13:44.105 12519 12519 I AndroidRuntime: Using default boot image
10-21 17:13:44.105 12519 12519 I AndroidRuntime: Leaving lock profiling enabled
10-21 17:13:44.107 12519 12519 I app_process: Core platform API reporting enabled by runtime option
10-21 17:13:44.107 12519 12519 I app_process: Using CollectorTypeCMC GC.
10-21 17:13:44.207 12519 12519 D nativeloader: InitDefaultPublicLibraries for_preload=1: libandroid.so:libaaudio.so:libamidi.so:libbinder_ndk.so:libc.so:libcamera2ndk.so:libdl.so:libEGL.so:libGLESv1_CM.so:libGLESv2.so:libGLESv3.so:libicu.so:libicui18n.so:libicuuc.so:libjnigraphics.so:liblog.so:libmediandk.so:libm.so:libnativehelper.so:libnativewindow.so:libOpenMAXAL.so:libOpenSLES.so:libRS.so:libstdc++.so:libsync.so:libvulkan.so:libwebviewchromium_plat_support.so:libz.so
10-21 17:13:44.217 12519 12519 D nativeloader: Load libicu_jni.so using APEX ns com_android_art for caller /apex/com.android.art/javalib/core-oj.jar: ok
10-21 17:13:44.217 12519 12519 D app_process: u_setTimeZoneFilesDirectory("/apex/com.android.tzdata/etc/tz/versioned/9/icu") succeeded. 
10-21 17:13:44.217 12519 12519 D app_process: I18n APEX ICU file found: /apex/com.android.i18n/etc/icu/icudt76l.dat
10-21 17:13:44.218 12519 12519 D nativeloader: Load libjavacore.so using APEX ns com_android_art for caller /apex/com.android.art/javalib/core-oj.jar: ok
10-21 17:13:44.218 12519 12519 D nativeloader: Load libopenjdk.so using APEX ns com_android_art for caller /apex/com.android.art/javalib/core-oj.jar: ok
10-21 17:13:44.219 12519 12519 I app_process: Priority-to-niceness mapping: 19, 16, 13, 10, 0, -2, -4, -5, -6, -8
10-21 17:13:44.220 12519 12519 W app_process: Unexpected CPU variant for x86: x86_64.
10-21 17:13:44.220 12519 12519 W app_process: Known variants: atom, sandybridge, silvermont, goldmont, goldmont-plus, goldmont-without-sha-xsaves, tremont, kabylake, alderlake, default
10-21 17:13:44.239 12519 12519 D nativeloader: Load libframework-connectivity-tiramisu-jni.so using APEX ns com_android_tethering for caller /apex/com.android.tethering/javalib/framework-connectivity-t.jar: ok
10-21 17:13:44.239 12519 12519 D AndroidRuntime: Calling main entry com.android.commands.monkey.Monkey
10-21 17:13:44.240 12519 12519 D nativeloader: Load /system/lib64/libmonkey_jni.so using ns default for caller /system/framework/monkey.jar in same partition (is_bridged=0): ok
10-21 17:13:44.240 12519 12519 W Monkey  : args: [-p, com.google.android.youtube, -c, android.intent.category.LAUNCHER, 1]
10-21 17:13:44.243 12519 12519 I AconfigPackage: android.media.swcodec.flags is mapped to com.android.media.swcodec
10-21 17:13:44.243 12519 12519 I AconfigPackage: com.android.permission.flags is mapped to com.android.permission
10-21 17:13:44.243 12519 12519 I AconfigPackage: com.android.permissioncontroller.flags is mapped to com.android.permission
10-21 17:13:44.243 12519 12519 I AconfigPackage: com.android.icu is mapped to com.android.i18n
10-21 17:13:44.243 12519 12519 I AconfigPackage: com.android.appsearch.flags is mapped to com.android.appsearch
10-21 17:13:44.243 12519 12519 I AconfigPackage: android.uprobestats.mainline.flags is mapped to com.android.uprobestats
10-21 17:13:44.243 12519 12519 I AconfigPackage: com.android.crashrecovery.flags is mapped to com.android.crashrecovery
10-21 17:13:44.243 12519 12519 I AconfigPackage: android.provider.flags is mapped to com.android.configinfrastructure
10-21 17:13:44.243 12519 12519 I AconfigPackage: com.android.server.deviceconfig is mapped to com.android.configinfrastructure
10-21 17:13:44.244 12519 12519 I AconfigPackage: com.android.compos.flags is mapped to com.android.compos
10-21 17:13:44.244 12519 12519 I AconfigPackage: com.android.art.flags is mapped to com.android.art
10-21 17:13:44.244 12519 12519 I AconfigPackage: com.android.art.rw.flags is mapped to com.android.art
10-21 17:13:44.244 12519 12519 I AconfigPackage: com.android.libcore is mapped to com.android.art
10-21 17:13:44.244 12519 12519 I AconfigPackage: com.android.telephony.flags is mapped to com.android.telephonycore
10-21 17:13:44.244 12519 12519 I AconfigPackage: com.android.media.extractor.flags is mapped to com.android.media
10-21 17:13:44.244 12519 12519 I AconfigPackage: com.android.media.mainline.flags is mapped to com.android.media
10-21 17:13:44.245 12519 12519 I AconfigPackage: com.android.wifi.flags is mapped to com.android.wifi
10-21 17:13:44.245 12519 12519 I AconfigPackage: com.android.org.conscrypt.flags is mapped to com.android.conscrypt
10-21 17:13:44.245 12519 12519 I AconfigPackage: com.android.org.conscrypt.net.flags is mapped to com.android.conscrypt
10-21 17:13:44.245 12519 12519 I AconfigPackage: com.android.healthfitness.flags is mapped to com.android.healthfitness
10-21 17:13:44.245 12519 12519 I AconfigPackage: com.android.ipsec.flags is mapped to com.android.ipsec
10-21 17:13:44.245 12519 12519 I AconfigPackage: com.android.nfc.module.flags is mapped to com.android.nfcservices
10-21 17:13:44.246 12519 12519 I AconfigPackage: com.android.adservices.ondevicepersonalization.flags is mapped to com.android.ondevicepersonalization
10-21 17:13:44.246 12519 12519 I AconfigPackage: com.android.adbd.flags is mapped to com.android.adbd
10-21 17:13:44.246 12519 12519 I AconfigPackage: com.android.bluetooth.flags is mapped to com.android.bt
10-21 17:13:44.246 12519 12519 I AconfigPackage: com.android.devicelock.flags is mapped to com.android.devicelock
10-21 17:13:44.246 12519 12519 I AconfigPackage: android.os.profiling is mapped to com.android.profiling
10-21 17:13:44.246 12519 12519 I AconfigPackage: android.os.profiling.anomaly.flags is mapped to com.android.profiling
10-21 17:13:44.246 12519 12519 I AconfigPackage: com.android.os.statsd.flags is mapped to com.android.os.statsd
10-21 17:13:44.246 12519 12519 I AconfigPackage: com.android.rkpd.flags is mapped to com.android.rkpd
10-21 17:13:44.246 12519 12519 I AconfigPackage: com.android.cellbroadcastreceiver.flags is mapped to com.android.cellbroadcast
10-21 17:13:44.247 12519 12519 I AconfigPackage: com.android.adservices.flags is mapped to com.android.adservices
10-21 17:13:44.247 12519 12519 I AconfigPackage: com.android.sdksandbox.flags is mapped to com.android.adservices
10-21 17:13:44.247 12519 12519 I AconfigPackage: com.android.uwb.flags is mapped to com.android.uwb
10-21 17:13:44.247 12519 12519 I AconfigPackage: com.android.ranging.flags is mapped to com.android.uwb
10-21 17:13:44.247 12519 12519 I AconfigPackage: android.graphics.pdf.flags is mapped to com.android.mediaprovider
10-21 17:13:44.247 12519 12519 I AconfigPackage: com.android.providers.media.flags is mapped to com.android.mediaprovider
10-21 17:13:44.247 12519 12519 I AconfigPackage: android.graphics.pdf.flags.readonly is mapped to com.android.mediaprovider
10-21 17:13:44.247 12519 12519 I AconfigPackage: com.android.net.ct.flags is mapped to com.android.tethering
10-21 17:13:44.247 12519 12519 I AconfigPackage: com.android.tethering.mainline.beta is mapped to com.android.tethering
10-21 17:13:44.247 12519 12519 I AconfigPackage: com.android.net.flags is mapped to com.android.tethering
10-21 17:13:44.247 12519 12519 I AconfigPackage: com.android.nearby.flags is mapped to com.android.tethering
10-21 17:13:44.247 12519 12519 I AconfigPackage: android.net.vcn is mapped to com.android.tethering
10-21 17:13:44.247 12519 12519 I AconfigPackage: com.android.tethering.beta.test is mapped to com.android.tethering
10-21 17:13:44.247 12519 12519 I AconfigPackage: android.net.http is mapped to com.android.tethering
10-21 17:13:44.247 12519 12519 I AconfigPackage: com.android.net.thread.flags is mapped to com.android.tethering
10-21 17:13:44.247 12519 12519 I AconfigPackage: com.android.system.virtualmachine.flags is mapped to com.android.virt
10-21 17:13:44.247 12519 12519 E FeatureFlagsImplExport: android.os.flagging.AconfigStorageReadException: ERROR_PACKAGE_NOT_FOUND: package android.xr cannot be found on the device
10-21 17:13:44.251 12519 12519 W Monkey  :  arg: "-p"
10-21 17:13:44.251 12519 12519 W Monkey  :  arg: "com.google.android.youtube"
10-21 17:13:44.251 12519 12519 W Monkey  :  arg: "-c"
10-21 17:13:44.251 12519 12519 W Monkey  :  arg: "android.intent.category.LAUNCHER"
10-21 17:13:44.251 12519 12519 W Monkey  :  arg: "1"
10-21 17:13:44.251 12519 12519 W Monkey  : data="com.google.android.youtube"
10-21 17:13:44.251 12519 12519 W Monkey  : data="android.intent.category.LAUNCHER"
10-21 17:13:44.291     0     0 I input   : Monkey touch as /devices/virtual/input/input30
10-21 17:13:44.253   767   898 D EventHub: No input device configuration file found for device 'Monkey touch'.
10-21 17:13:44.253   767   898 I EventHub: usingClockIoctl=true
10-21 17:13:44.253   767   898 I EventHub: New device: id=30, fd=521, path='/dev/input/event14', name='Monkey touch', classes=TOUCH | TOUCH_MT, configuration='', keyLayout='', keyCharacterMap='', builtinKeyboard=false, 
10-21 17:13:44.253   767   898 I InputReader: Device reconfigured: id=30, name='Monkey touch', size 1080x2400, orientation Rotation0, mode DIRECT, display id 0
10-21 17:13:44.253   767   898 I InputReader: Device added: id=30, eventHubId=30, name='Monkey touch', descriptor='e1fe28b90f915c7d1febbd52c1ef84b3c4cbed9f',sources=TOUCHSCREEN
10-21 17:13:44.262   767  1152 W ActivityManager: registerReceiverWithFeature: no app for null
10-21 17:13:44.264   767   802 D WindowManager: Direct invocation of sendNewConfiguration: Display{#0 state=ON size=1080x2400 ROTATION_0}
10-21 17:13:44.266   767   802 W libbinder.IPCThreadState: Sending oneway calls to frozen process.
10-21 17:13:44.268   767  2117 W ActivityTaskManager: callingPackage for (uid=0, pid=12519) has no WPC
10-21 17:13:44.269   767  2117 V WindowManager: DesktopModeLaunchParamsModifier: phase= 0 task=null activity=null display-area-from-current-params=null display-area-from-default-fallback=DefaultTaskDisplayArea@155435942 display-id=0 task-display-area-windowing-mode=1 suggested-display-area=DefaultTaskDisplayArea@155435942 task null, skipping
10-21 17:13:44.269   767  2117 V WindowManager: TaskLaunchParamsModifier:phase=0 task=null activity=null display-area-from-current-params=null display-area-from-default-fallback=DefaultTaskDisplayArea@155435942 display-id=0 task-display-area-windowing-mode=1 suggested-display-area=DefaultTaskDisplayArea@155435942
10-21 17:13:44.269   767  2117 V GrammaticalInflectionUtils: AttributionSource: AttributionSource { uid = 10172, packageName = null, attributionTag = null, token = android.os.Binder@b9d83fb, deviceId = 0, next = null } does not have READ_SYSTEM_GRAMMATICAL_GENDER permission.
10-21 17:13:44.270   767  2117 V WindowManager: DesktopModeLaunchParamsModifier: phase= 0 task=null activity=ActivityRecord{150623334 u0 com.google.android.youtube/.app.honeycomb.Shell$HomeActivity display-area-from-current-params=null display-area-for-record=DefaultTaskDisplayArea@155435942 display-id=0 task-display-area-windowing-mode=1 suggested-display-area=DefaultTaskDisplayArea@155435942 task null, skipping
10-21 17:13:44.270   767  2117 V WindowManager: TaskLaunchParamsModifier:phase=0 task=null activity=ActivityRecord{150623334 u0 com.google.android.youtube/.app.honeycomb.Shell$HomeActivity t-1} display-area-from-current-params=null display-area-for-record=DefaultTaskDisplayArea@155435942 display-id=0 task-display-area-windowing-mode=1 suggested-display-area=DefaultTaskDisplayArea@155435942
10-21 17:13:44.270   767  2117 V WindowManager: DesktopModeLaunchParamsModifier: phase= 3 task=Task{5e5918d #43 type=standard A=10172:com.google.android.youtube} activity=ActivityRecord{150623334 u0 com.google.android.youtube/.app.honeycomb.Shell$HomeActivity t-1} display-from-task=0 display-id=0 task-display-area-windowing-mode=1 suggested-display-area=DefaultTaskDisplayArea@155435942 not entering desktop mode, skipping
10-21 17:13:44.270   767  2117 V WindowManager: TaskLaunchParamsModifier:phase=3 task=Task{5e5918d #43 type=standard A=10172:com.google.android.youtube} activity=ActivityRecord{150623334 u0 com.google.android.youtube/.app.honeycomb.Shell$HomeActivity t-1} display-from-task=0 display-id=0 task-display-area-windowing-mode=1 suggested-display-area=DefaultTaskDisplayArea@155435942 inherit-from-task=fullscreen non-freeform-task-display-area display-area=DefaultTaskDisplayArea@155435942 skip-bounds-fullscreen
10-21 17:13:44.270   767  2117 V WindowManager: DesktopModeLaunchParamsModifier: phase= 3 task=Task{5e5918d #43 type=standard A=10172:com.google.android.youtube} activity=ActivityRecord{150623334 u0 com.google.android.youtube/.app.honeycomb.Shell$HomeActivity t-1} display-from-task=0 display-id=0 task-display-area-windowing-mode=1 suggested-display-area=DefaultTaskDisplayArea@155435942 not entering desktop mode, skipping
10-21 17:13:44.270   767  2117 V WindowManager: TaskLaunchParamsModifier:phase=3 task=Task{5e5918d #43 type=standard A=10172:com.google.android.youtube} activity=ActivityRecord{150623334 u0 com.google.android.youtube/.app.honeycomb.Shell$HomeActivity t-1} display-from-task=0 display-id=0 task-display-area-windowing-mode=1 suggested-display-area=DefaultTaskDisplayArea@155435942 inherit-from-task=fullscreen non-freeform-task-display-area display-area=DefaultTaskDisplayArea@155435942 skip-bounds-fullscreen
10-21 17:13:44.272   582   658 I libbinder.BpBinder: onLastStrongRef automatically unlinking death recipients for descriptor: '(not cached)'
10-21 17:13:44.273  1055  1178 V WindowManagerShell: Transition requested (#28): android.os.BinderProxy@e299b8f TransitionRequestInfo { type = OPEN, triggerTask = TaskInfo{userId=0 taskId=43 effectiveUid=10172 displayId=0 isRunning=true baseIntent=Intent { act=android.intent.action.MAIN cat=[android.intent.category.LAUNCHER] flg=0x10200000 cmp=com.google.android.youtube/.app.honeycomb.Shell$HomeActivity } baseActivity=ComponentInfo{com.google.android.youtube/com.google.android.apps.youtube.app.watchwhile.MainActivity} topActivity=ComponentInfo{com.google.android.youtube/com.google.android.apps.youtube.app.watchwhile.MainActivity} origActivity=ComponentInfo{com.google.android.youtube/com.google.android.youtube.app.honeycomb.Shell$HomeActivity} realActivity=ComponentInfo{com.google.android.youtube/com.google.android.apps.youtube.app.watchwhile.MainActivity} numActivities=1 lastActiveTime=92770566 supportsMultiWindow=true resizeMode=2 isResizeable=true minWidth=-1 minHeight=-1 defaultMinSize=220 token=WCT{android.os.BinderProxy@916245} topActivityType=1 pictureInPictureParams=null shouldDockBigOverlays=false launchIntoPipHostTaskId=-1 lastParentTaskIdBeforePip=-1 displayCutoutSafeInsets=Rect(0, 0 - 0, 0) topActivityInfo=ActivityInfo{4b6fe1c com.google.android.youtube.app.honeycomb.Shell$HomeActivity} launchCookies=[] positionInParent=Point(0, 0) parentTaskId=-1 isFocused=false isVisible=false isVisibleRequested=false isTopActivityNoDisplay=false isSleeping=false locusId=null displayAreaFeatureId=1 isTopActivityTransparent=false isActivityStackTransparent=false lastNonFullscreenBounds=null capturedLink=null capturedLinkTimestamp=0 requestedVisibleTypes=503 topActivityRequestOpenInBrowserEducationTimestamp=0 appCompatTaskInfo=AppCompatTaskInfo { topActivityInSizeCompat=false isLeafTask= true eligibleForLetterboxEducation= false isLetterboxEducationEnabled= true isLetterboxDoubleTapEnabled= false eligibleForUserAspectRatioButton= false topActivityBoundsLetterboxed= false isFromLetterboxDoubleTap= false topActivityLetterboxVerticalPosition= -1 topActivityLetterboxHorizontalPosition= -1 topActivityLetterboxWidth=-1 topActivityLetterboxHeight=-1 topActivityAppBounds=Rect(0, 0 - 1080, 2400) isUserFullscreenOverrideEnabled=false isSystemFullscreenOverrideEnabled=false hasMinAspectRatioOverride=false topActivityLetterboxBounds=null cameraCompatTaskInfo=CameraCompatTaskInfo { cameraCompatMode=inactiveundefined} topNonResizableActivityAspectRatio=-1.0} topActivityMainWindowFrame=null isAppBubble=false}, pipChange = null, remoteTransition = null, displayChange = null, requestedLocation = null, userChange = null, flags = 0, debugId = 28 }
10-21 17:13:44.273   767  2117 I ActivityTaskManager: START u0 {act=android.intent.action.MAIN cat=[android.intent.category.LAUNCHER] flg=0x10200000 cmp=com.google.android.youtube/.app.honeycomb.Shell$HomeActivity} with LAUNCH_SINGLE_TOP from uid 0 (BAL_ALLOW_ALLOWLISTED_UID) result code=2
10-21 17:13:44.274  1055  1178 D ShellSplitScreen: logExit: no-op, mLoggerSessionId is null
10-21 17:13:44.275 12519 12519 I Monkey  : Events injected: 1
10-21 17:13:44.276  1197  1197 D b/417220811: invalidateLoadedTasks - previous requestLoadId: -1
10-21 17:13:44.276  1055  1178 D WindowManagerShell: onActivityRestartAttempt: topActivity=ComponentInfo{com.google.android.youtube/com.google.android.apps.youtube.app.watchwhile.MainActivity}, wasVisible=false
10-21 17:13:44.277  1055  1285 V SnapshotDrawerUtils: Drawing snapshot surface sizeMismatch=true
10-21 17:13:44.282 12519 12519 I Monkey  : ## Network stats: elapsed time=14ms (0ms mobile, 0ms wifi, 14ms not connected)
10-21 17:13:44.282 12519 12519 I app_process: System.exit called, status: 0
10-21 17:13:44.282 12519 12519 I AndroidRuntime: VM exiting with result code 0.
10-21 17:13:44.317   767   898 I EventHub: Removing device Monkey touch due to epoll hang-up event.
10-21 17:13:44.317   767   898 I EventHub: Removed device: path=/dev/input/event14 name=Monkey touch id=30 fd=521 classes=TOUCH | TOUCH_MT
10-21 17:13:44.340 12169 12169 I Choreographer: Skipped 43 frames!  The application may be doing too much work on its main thread.
10-21 17:13:44.348  1197  1197 D BaseActivity: Launcher flags updated: [] -[state_started]
10-21 17:13:44.348  1197  1197 D BaseDepthController: setSurface:
10-21 17:13:44.348  1197  1197 D BaseDepthController: 	mWaitingOnSurfaceValidity: false
10-21 17:13:44.348  1197  1197 D BaseDepthController: 	mBaseSurface: null
10-21 17:13:44.348  1197  1197 D BaseDepthController: mSurface is null and mCurrentBlur is: 0
10-21 17:13:44.349   767  1967 D ActivityManager: quick sync unfreeze 12029 for 1
10-21 17:13:44.352  1197  1197 D StateManager: goToState - fromState: Normal, toState: Normal, partial trace:
10-21 17:13:44.352  1197  1197 D StateManager: 	at com.android.launcher3.statemanager.StateManager.moveToRestState(go/retraceme cc159fc410870f9b82d4fff679f5a623fa5746f18e90631cd3706bfb3e28ce20:6)
10-21 17:13:44.352  1197  1197 D StateManager: 	at com.android.launcher3.statemanager.StateManager.moveToRestState(go/retraceme cc159fc410870f9b82d4fff679f5a623fa5746f18e90631cd3706bfb3e28ce20:2)
10-21 17:13:44.352  1197  1197 D StateManager: 	at com.android.launcher3.statemanager.StatefulActivity.onStop(go/retraceme cc159fc410870f9b82d4fff679f5a623fa5746f18e90631cd3706bfb3e28ce20:32)
10-21 17:13:44.352  1197  1197 D StateManager: onRepeatStateSetAborted - state: Normal
10-21 17:13:44.352  1197  1197 D ActivityContext: hideKeyboard: 
10-21 17:13:44.352  1197  1197 D ActivityContext: java.lang.Exception
10-21 17:13:44.352  1197  1197 D ActivityContext: 	at com.android.launcher3.views.ActivityContext.hideKeyboard(go/retraceme cc159fc410870f9b82d4fff679f5a623fa5746f18e90631cd3706bfb3e28ce20:3)
10-21 17:13:44.352  1197  1197 D ActivityContext: 	at com.android.launcher3.Launcher.onStop(go/retraceme cc159fc410870f9b82d4fff679f5a623fa5746f18e90631cd3706bfb3e28ce20:17)
10-21 17:13:44.352  1197  1197 D ActivityContext: 	at com.android.launcher3.uioverrides.QuickstepLauncher.onStop(go/retraceme cc159fc410870f9b82d4fff679f5a623fa5746f18e90631cd3706bfb3e28ce20:1)
10-21 17:13:44.352  1197  1197 D ActivityContext: 	at com.google.android.apps.nexuslauncher.NexusLauncherActivity.onStop(go/retraceme cc159fc410870f9b82d4fff679f5a623fa5746f18e90631cd3706bfb3e28ce20:1)
10-21 17:13:44.352  1197  1197 D ActivityContext: 	at android.app.Instrumentation.callActivityOnStop(Instrumentation.java:1757)
10-21 17:13:44.352  1197  1197 D ActivityContext: 	at android.app.Activity.performStop(Activity.java:9560)
10-21 17:13:44.352  1197  1197 D ActivityContext: 	at android.app.ActivityThread.callActivityOnStop(ActivityThread.java:6241)
10-21 17:13:44.352  1197  1197 D ActivityContext: 	at android.app.ActivityThread.performStopActivityInner(ActivityThread.java:6221)
10-21 17:13:44.352  1197  1197 D ActivityContext: 	at android.app.ActivityThread.handleStopActivity(ActivityThread.java:6284)
10-21 17:13:44.352  1197  1197 D ActivityContext: 	at android.app.servertransaction.StopActivityItem.execute(StopActivityItem.java:43)
10-21 17:13:44.352  1197  1197 D ActivityContext: 	at android.app.servertransaction.ActivityTransactionItem.execute(ActivityTransactionItem.java:63)
10-21 17:13:44.352  1197  1197 D ActivityContext: 	at android.app.servertransaction.TransactionExecutor.executeLifecycleItem(TransactionExecutor.java:169)
10-21 17:13:44.352  1197  1197 D ActivityContext: 	at android.app.servertransaction.TransactionExecutor.executeTransactionItems(TransactionExecutor.java:101)
10-21 17:13:44.352  1197  1197 D ActivityContext: 	at android.app.servertransaction.TransactionExecutor.execute(TransactionExecutor.java:80)
10-21 17:13:44.352  1197  1197 D ActivityContext: 	at android.app.ActivityThread$H.handleMessage(ActivityThread.java:2917)
10-21 17:13:44.352  1197  1197 D ActivityContext: 	at android.os.Handler.dispatchMessage(Handler.java:132)
10-21 17:13:44.352  1197  1197 D ActivityContext: 	at android.os.Looper.dispatchMessage(Looper.java:333)
10-21 17:13:44.352  1197  1197 D ActivityContext: 	at android.os.Looper.loopOnce(Looper.java:263)
10-21 17:13:44.352  1197  1197 D ActivityContext: 	at android.os.Looper.loop(Looper.java:367)
10-21 17:13:44.352  1197  1197 D ActivityContext: 	at android.app.ActivityThread.main(ActivityThread.java:9227)
10-21 17:13:44.352  1197  1197 D ActivityContext: 	at java.lang.reflect.Method.invoke(Native Method)
10-21 17:13:44.352  1197  1197 D ActivityContext: 	at com.android.internal.os.RuntimeInit$MethodAndArgsCaller.run(RuntimeInit.java:566)
10-21 17:13:44.352  1197  1197 D ActivityContext: 	at com.android.internal.os.ZygoteInit.main(ZygoteInit.java:929)
10-21 17:13:44.352  1197  1197 D ActivityContext: isImeShown: false
10-21 17:13:44.352  1197  1197 D StatsLog: LAUNCHER_ONSTOP
10-21 17:13:44.353  1197  1197 D StatsLog: LAUNCHER_GOOGLE_SEARCH_RESTORE_LIST_SIZE_AFTER_ACTIVITY_RESTART
10-21 17:13:44.359   767  1000 D BackgroundInstallControlService: Package event received: 0
10-21 17:13:44.361   767   898 I InputReader: Device removed: id=30, eventHubId=30, name='Monkey touch', descriptor='e1fe28b90f915c7d1febbd52c1ef84b3c4cbed9f', sources=TOUCHSCREEN
10-21 17:13:44.364  1730  1730 W AiAiVC  : Unexpected capture event type: 11
10-21 17:13:44.365  1055  2368 V WindowManagerShell: onTransitionReady(transaction=3294239918293)
10-21 17:13:44.365 12029 12029 D ViewRootImpl: Skipping stats log for color mode
10-21 17:13:44.365   767   802 D ActivityManager: sync unfroze 12029 com.google.android.youtube for 1
10-21 17:13:44.367  1730  1730 W AiAiVC  : Unexpected capture event type: 11
10-21 17:13:44.375   767  1118 I AppWidgetServiceImpl: setAppWidgetHidden() 0
10-21 17:13:44.380   767   898 I EventHub: Removing device '/dev/input/event14' due to inotify event
10-21 17:13:44.381   767   802 D ActivityManager: sync unfroze 11265 com.android.chrome for 1
10-21 17:13:44.383 12169 12280 I HWUI    : Davey! duration=763ms; Flags=1, FrameTimelineVsyncId=75751, IntendedVsync=92784179925643, Vsync=92784213258975, InputEventId=0, HandleInputStart=92784221742416, AnimationStart=92784221742783, PerformTraversalsStart=92784221742994, DrawStart=92784529246235, FrameDeadline=92784196592309, FrameStartTime=92784221696065, FrameInterval=16666666, WorkloadTarget=16666666, SyncQueued=92784556971030, SyncStart=92784562415035, IssueDrawCommandsStart=92784562823050, SwapBuffers=92784827786283, FrameCompleted=92784948530077, DequeueBufferDuration=14001, QueueBufferDuration=277110, GpuCompleted=92784948530077, SwapBuffersCompleted=92784944450350, DisplayPresentTime=0, CommandSubmissionCompleted=92784827786283, 
10-21 17:13:44.385  1055  1178 V WindowManagerShell: onTransitionReady (#28) android.os.BinderProxy@e299b8f: {id=28 t=OPEN f=0x0 trk=0 r=[0@Point(0, 0)] c=[
10-21 17:13:44.385  1055  1178 V WindowManagerShell:         {m=TO_FRONT f=MOVE_TO_TOP leash=Surface(name=Task=43#122)/@0x2ae61ab sb=Rect(0, 0 - 1080, 2400) eb=Rect(0, 0 - 1080, 2400) epz=Point(1080, 2400) d=0 taskParent=-1 winMode=1 userId=0},
10-21 17:13:44.385  1055  1178 V WindowManagerShell:         {m=TO_BACK f=NONE leash=Surface(name=Task=44#139)/@0xb43e008 sb=Rect(0, 0 - 1080, 2400) eb=Rect(0, 0 - 1080, 2400) epz=Point(1080, 2400) d=0 taskParent=-1 winMode=1 userId=0}
10-21 17:13:44.385  1055  1178 V WindowManagerShell:     ]}
10-21 17:13:44.389   767  1000 D BackgroundInstallControlService: Package event received: 0
10-21 17:13:44.392  1055  1178 V WindowManagerShell: Playing animation for (#28) android.os.BinderProxy@e299b8f@0
10-21 17:13:44.392  1055  1178 V ShellRecents: RecentsTransitionHandler.startAnimation: no controller found
10-21 17:13:44.392  1055  1178 V WindowManagerShell: Transition doesn't have explicit remote, search filters for match for {id=28 t=OPEN f=0x0 trk=0 r=[0@Point(0, 0)] c=[{m=TO_FRONT f=MOVE_TO_TOP leash=Surface(name=Task=43#122)/@0x2ae61ab sb=Rect(0, 0 - 1080, 2400) eb=Rect(0, 0 - 1080, 2400) epz=Point(1080, 2400) d=0 taskParent=-1 winMode=1 userId=0},{m=TO_BACK f=NONE leash=Surface(name=Task=44#139)/@0xb43e008 sb=Rect(0, 0 - 1080, 2400) eb=Rect(0, 0 - 1080, 2400) epz=Point(1080, 2400) d=0 taskParent=-1 winMode=1 userId=0}]}
10-21 17:13:44.392  1055  1178 V WindowManagerShell:  Checking filter Pair{{types=[] flags=0x0] notFlags=0x0 checks=[{atype=undefined independent=true modes=[CLOSE,TO_BACK] flags=IN_TASK_WITH_EMBEDDED_ACTIVITY mustBeTask=false order=ANY topActivity=null launchCookie=null taskFragmentToken=android.os.BinderProxy@ec792c6 windowingMode=undefined}]} RemoteTransition { remoteTransition = android.window.IRemoteTransition$Stub$Proxy@4d60287, appThread = android.app.IApplicationThread$Stub$Proxy@f4e65b4, debugName = overlayBackTransition }}
10-21 17:13:44.392   767  1000 D BackgroundInstallControlService: Package event received: 0
10-21 17:13:44.392  1055  1178 V WindowManagerShell:  Checking filter Pair{{types=[] flags=0x0] notFlags=0x0 checks=[{atype=dream independent=true modes=[OPEN,TO_FRONT] flags=NONE mustBeTask=false order=ANY topActivity=null launchCookie=null windowingMode=undefined},{atype=home independent=true modes=[CLOSE,TO_BACK] flags=NONE mustBeTask=false order=ANY topActivity=null launchCookie=null windowingMode=undefined}]} RemoteTransition { remoteTransition = android.window.IRemoteTransition$Stub$Proxy@49655dd, appThread = android.app.IApplicationThread$Stub$Proxy@81a1552, debugName = LauncherToDream }}
10-21 17:13:44.393  1055  1178 V WindowManagerShell:  Checking filter Pair{{types=[] flags=0x0] notFlags=0x100 checks=[{atype=home independent=true modes=[OPEN,TO_FRONT] flags=NONE mustBeTask=false order=TOP topActivity=ComponentInfo{com.google.android.apps.nexuslauncher/com.google.android.apps.nexuslauncher.NexusLauncherActivity} launchCookie=null windowingMode=undefined},{atype=standard independent=true modes=[CLOSE,TO_BACK] flags=NONE mustBeTask=false order=ANY topActivity=null launchCookie=null windowingMode=undefined},{NOT atype=undefined independent=true modes=[] flags=NONE mustBeTask=true order=ANY topActivity=null launchCookie=null customAnim=true windowingMode=undefined}]} RemoteTransition { remoteTransition = android.window.IRemoteTransition$Stub$Proxy@5064023, appThread = android.app.IApplicationThread$Stub$Proxy@9462920, debugName = QuickstepLaunchHome }}
10-21 17:13:44.393  1055  1178 V WindowManagerShell:  Delegate animation for (#28) to null
10-21 17:13:44.393  1055  1178 V WindowManagerShell: start default transition animation, info = {id=28 t=OPEN f=0x0 trk=0 r=[0@Point(0, 0)] c=[{m=TO_FRONT f=MOVE_TO_TOP leash=Surface(name=Task=43#122)/@0x2ae61ab sb=Rect(0, 0 - 1080, 2400) eb=Rect(0, 0 - 1080, 2400) epz=Point(1080, 2400) d=0 taskParent=-1 winMode=1 userId=0},{m=TO_BACK f=NONE leash=Surface(name=Task=44#139)/@0xb43e008 sb=Rect(0, 0 - 1080, 2400) eb=Rect(0, 0 - 1080, 2400) epz=Point(1080, 2400) d=0 taskParent=-1 winMode=1 userId=0}]}
10-21 17:13:44.393   767  1000 D BackgroundInstallControlService: Package event received: 0
10-21 17:13:44.394   767  1000 D BackgroundInstallControlService: Package event received: 0
10-21 17:13:44.399   767   799 V WindowManager: Sent Transition (#28) createdAt=10-21 17:13:44.269 via request=TransitionRequestInfo { type = OPEN, triggerTask = TaskInfo{userId=0 taskId=43 effectiveUid=10172 displayId=0 isRunning=true baseIntent=Intent { act=android.intent.action.MAIN cat=[android.intent.category.LAUNCHER] flg=0x10200000 cmp=com.google.android.youtube/.app.honeycomb.Shell$HomeActivity } baseActivity=ComponentInfo{com.google.android.youtube/com.google.android.apps.youtube.app.watchwhile.MainActivity} topActivity=ComponentInfo{com.google.android.youtube/com.google.android.apps.youtube.app.watchwhile.MainActivity} origActivity=ComponentInfo{com.google.android.youtube/com.google.android.youtube.app.honeycomb.Shell$HomeActivity} realActivity=ComponentInfo{com.google.android.youtube/com.google.android.apps.youtube.app.watchwhile.MainActivity} numActivities=1 lastActiveTime=92770566 supportsMultiWindow=true resizeMode=2 isResizeable=true minWidth=-1 minHeight=-1 defaultMinSize=220 token=WCT{RemoteToken{da27fa Task{5e5918d #43 type=standard A=10172:com.google.android.youtube}}} topActivityType=1 pictureInPictureParams=null shouldDockBigOverlays=false launchIntoPipHostTaskId=-1 lastParentTaskIdBeforePip=-1 displayCutoutSafeInsets=Rect(0, 0 - 0, 0) topActivityInfo=ActivityInfo{a6d61ab com.google.android.youtube.app.honeycomb.Shell$HomeActivity} launchCookies=[] positionInParent=Point(0, 0) parentTaskId=-1 isFocused=false isVisible=false isVisibleRequested=false isTopActivityNoDisplay=false isSleeping=false locusId=null displayAreaFeatureId=1 isTopActivityTransparent=false isActivityStackTransparent=false lastNonFullscreenBounds=null capturedLink=null capturedLinkTimestamp=0 requestedVisibleTypes=503 topActivityRequestOpenInBrowserEducationTimestamp=0 appCompatTaskInfo=AppCompatTaskInfo { topActivityInSizeCompat=false isLeafTask= true eligibleForLetterboxEducation= false isLetterboxEducationEnabled= true isLetterboxDoubleTapEnabled= false eligibleForUserAspectRatioButton= false topActivityBoundsLetterboxed= false isFromLetterboxDoubleTap= false topActivityLetterboxVerticalPosition= -1 topActivityLetterboxHorizontalPosition= -1 topActivityLetterboxWidth=-1 topActivityLetterboxHeight=-1 topActivityAppBounds=Rect(0, 0 - 1080, 2400) isUserFullscreenOverrideEnabled=false isSystemFullscreenOverrideEnabled=false hasMinAspectRatioOverride=false topActivityLetterboxBounds=null cameraCompatTaskInfo=CameraCompatTaskInfo { cameraCompatMode=inactiveundefined} topNonResizableActivityAspectRatio=-1.0} topActivityMainWindowFrame=null isAppBubble=false}, pipChange = null, remoteTransition = null, displayChange = null, requestedLocation = null, userChange = null, flags = 0, debugId = 28 }
10-21 17:13:44.399   767   799 V WindowManager:     startWCT=WindowContainerTransaction { changes= {} hops= [] errorCallbackToken=null taskFragmentOrganizer=null }
10-21 17:13:44.400   767   799 V WindowManager:     info={id=28 t=OPEN f=0x0 trk=0 r=[0@Point(0, 0)] c=[
10-21 17:13:44.400   767   799 V WindowManager:         {WCT{RemoteToken{da27fa Task{5e5918d #43 type=standard A=10172:com.google.android.youtube}}} m=TO_FRONT f=MOVE_TO_TOP leash=Surface(name=Task=43#122)/@0xf4c41ec sb=Rect(0, 0 - 1080, 2400) eb=Rect(0, 0 - 1080, 2400) epz=Point(1080, 2400) d=0 taskParent=-1 winMode=1 userId=0},
10-21 17:13:44.400   767   799 V WindowManager:         {WCT{RemoteToken{dfe757c Task{128f37 #44 type=standard A=10163:com.google.android.deskclock}}} m=TO_BACK f=NONE leash=Surface(name=Task=44#139)/@0xac53784 sb=Rect(0, 0 - 1080, 2400) eb=Rect(0, 0 - 1080, 2400) epz=Point(1080, 2400) d=0 taskParent=-1 winMode=1 userId=0}
10-21 17:13:44.400   767   799 V WindowManager:     ]}
10-21 17:13:44.403   767   802 D WindowManager: Direct invocation of sendNewConfiguration: Display{#0 state=ON size=1080x2400 ROTATION_0}
10-21 17:13:44.404  1055  1178 V WindowManagerShell: loadAnimation: anim=android.view.animation.AnimationSet@23af4b4 animAttr=0x9 type=OPEN isEntrance=false
10-21 17:13:44.404  1197  1197 D TouchInteractionService: disposeEventHandlers: Reason: Initializing input monitor due to: onTrackpadConnected() instance=177253505
10-21 17:13:44.404  1197  1197 D InputMonitorCompat: Input event receiver for monitor (swipe-up-disp0) disposed
10-21 17:13:44.404   767   897 W InputDispatcher: channel '[Gesture Monitor] swipe-up' ~ Consumer closed input channel or an error occurred.  events=0x9
10-21 17:13:44.404   767   897 E InputDispatcher: channel '[Gesture Monitor] swipe-up' ~ Channel is unrecoverably broken and will be disposed!
10-21 17:13:44.404  1197  1197 D InputMonitorCompat: Input monitor (swipe-up-disp0) disposed
10-21 17:13:44.405   767   802 W libbinder.IPCThreadState: Sending oneway calls to frozen process.
10-21 17:13:44.406  1055  1055 D NavigationModeController: getCurrentUserContext: contextUser=0 currentUser=0
10-21 17:13:44.408  1197  1197 D InputMonitorCompat: Input monitor (swipe-up-disp0) created
10-21 17:13:44.409  1197  1197 D InputMonitorCompat: Input event receiver for monitor (swipe-up-disp0) created
10-21 17:13:44.409   767  1000 D BackgroundInstallControlService: Package event received: 0
10-21 17:13:44.421   767  1118 D ConnectivityService: Returning UNBLOCKED NetworkInfo to uid=10172
10-21 17:13:44.421 12169 12169 D WindowLayoutComponentImpl: Register WindowLayoutInfoListener on Context=com.android.deskclock.DeskClock@1d0fa90, of which baseContext=sd@704eacf, of which baseContext=android.app.ContextImpl@7bd3c5c
10-21 17:13:44.435  1055  1178 V WindowManagerShell: loadAnimation: anim=android.view.animation.AnimationSet@7f183aa animAttr=0x8 type=OPEN isEntrance=true
10-21 17:13:44.448  1055  1178 V WindowManagerShell:  animated by com.android.wm.shell.transition.DefaultTransitionHandler@48ec040
10-21 17:13:44.448  1055  1178 W Looper  : Slow dispatch took 64ms wmshell.main app=com.android.systemui main=false group=FOREGROUND h=android.os.Handler c=com.android.wm.shell.transition.Transitions$TransitionPlayerImpl$$ExternalSyntheticLambda1@4b35b38 m=0
10-21 17:13:44.448  1055  1178 W Looper  : Slow delivery took 48ms wmshell.main app=com.android.systemui main=false group=FOREGROUND h=android.os.Handler c=android.window.TaskOrganizer$1$$ExternalSyntheticLambda5@b791711 m=0
10-21 17:13:44.452   767   802 W PermissionService: getPermissionFlags: Unknown user -1
10-21 17:13:44.452   767   802 W PermissionService: getPermissionFlags: Unknown user -1
10-21 17:13:44.462  1055  1178 W Looper  : Drained
10-21 17:13:44.463  1197  1197 D b/417220811: invalidateLoadedTasks - previous requestLoadId: -1
10-21 17:13:44.491   767  1967 D FileUtils: Rounded bytes from 2061942784 to 4000000000
10-21 17:13:44.678  1730  2423 W AiAiEcho: LyftNotificationParser Ridesharing ETA not enabled
10-21 17:13:44.679  1730  2423 I AiAiEcho: SmartspaceNotificationPredictor no parser can handle this notification or notification is invalid
10-21 17:13:44.743  1730  1730 W AiAiVC  : Unexpected capture event type: 11
10-21 17:13:44.787 12029 12029 W WindowOnBackDispatcher: OnBackInvokedCallback is not enabled for the application.
10-21 17:13:44.787 12029 12029 W WindowOnBackDispatcher: Set 'android:enableOnBackInvokedCallback="true"' in the application manifest.
10-21 17:13:44.791   767   857 I WifiService: getConnectionInfo uid=10172
10-21 17:13:44.793   767   857 V WifiPermissionsUtil: checkCallersLocationPermission(com.google.android.youtube): uid 10172 doesn't have permission android.permission.ACCESS_FINE_LOCATION
10-21 17:13:44.793   767   857 V WifiPermissionsUtil: enforceCanAccessScanResults(pkg=com.google.android.youtube, uid=10172): canCallingUidAccessLocation=false, canAppPackageUseLocation=false
10-21 17:13:44.826   767   857 V WifiService: Keeping REDACT_FOR_ACCESS_FINE_LOCATION:java.lang.SecurityException: UID 10172 has no location permission
10-21 17:13:44.863   767  1000 D BackgroundInstallControlService: Package event received: 0
10-21 17:13:44.875   767  1000 D BackgroundInstallControlService: Package event received: 0
10-21 17:13:44.890  1643  1643 D BoundBrokerSvc: onBind: Intent { act=com.google.android.gms.measurement.START xflg=0x4 pkg=com.google.android.gms }
10-21 17:13:44.890  1643  1643 D BoundBrokerSvc: Loading bound service for intent: Intent { act=com.google.android.gms.measurement.START xflg=0x4 pkg=com.google.android.gms }
10-21 17:13:44.920 12029 12063 W HWUI    : Failed to initialize 101010-2 format, error = EGL_SUCCESS
10-21 17:13:45.001  1055  1178 V WindowManagerShell: Transition animation finished (aborted=false), notifying core (#28) android.os.BinderProxy@e299b8f@0
10-21 17:13:45.006 12029 12044 E YouTube : There was an error
10-21 17:13:45.006 12029 12044 E YouTube : yvs
10-21 17:13:45.006 12029 12044 E YouTube : 	at dzw.run(PG:578)
10-21 17:13:45.006 12029 12044 E YouTube : 	at amvv.run(PG:21)
10-21 17:13:45.006 12029 12044 E YouTube : 	at qxs.run(PG:7)
10-21 17:13:45.006 12029 12044 E YouTube : 	at anzd.run(PG:50)
10-21 17:13:45.006 12029 12044 E YouTube : 	at qzi.run(PG:561)
10-21 17:13:45.006 12029 12044 E YouTube : 	at qxk.run(PG:620)
10-21 17:13:45.006 12029 12044 E YouTube : 	at java.lang.Thread.run(Thread.java:1563)
10-21 17:13:45.006 12029 12044 E YouTube : 	at qyo.run(PG:63)
10-21 17:13:45.020   767   799 V WindowManager: Finish Transition (#28): created at 10-21 17:13:44.269 collect-started=0.04ms request-sent=3.19ms started=5.251ms ready=89.46ms sent=93.075ms commit=112.161ms finished=746.719ms
10-21 17:13:45.022  1055  1178 V WindowManagerShell: Track 0 became idle
10-21 17:13:45.022  1055  1178 V WindowManagerShell: All active transition animations finished
10-21 17:13:45.024 12169 12169 D VRI[DeskClock]: visibilityChanged oldVisibility=true newVisibility=false
10-21 17:13:45.045  1730  1730 W AiAiVC  : Unexpected capture event type: 11
10-21 17:13:45.046   767  1029 W ImageReader_JNI: Unable to acquire a buffer item, very likely client tried to acquire more than maxImages buffers
10-21 17:13:45.083 12531 12531 D AndroidRuntime: >>>>>> START com.android.internal.os.RuntimeInit uid 0 <<<<<<
10-21 17:13:45.092 12531 12531 I AndroidRuntime: Using default boot image
10-21 17:13:45.092 12531 12531 I AndroidRuntime: Leaving lock profiling enabled
10-21 17:13:45.094 12531 12531 I app_process: Core platform API reporting enabled by runtime option
10-21 17:13:45.094 12531 12531 I app_process: Using CollectorTypeCMC GC.
10-21 17:13:45.211 12531 12531 D nativeloader: InitDefaultPublicLibraries for_preload=1: libandroid.so:libaaudio.so:libamidi.so:libbinder_ndk.so:libc.so:libcamera2ndk.so:libdl.so:libEGL.so:libGLESv1_CM.so:libGLESv2.so:libGLESv3.so:libicu.so:libicui18n.so:libicuuc.so:libjnigraphics.so:liblog.so:libmediandk.so:libm.so:libnativehelper.so:libnativewindow.so:libOpenMAXAL.so:libOpenSLES.so:libRS.so:libstdc++.so:libsync.so:libvulkan.so:libwebviewchromium_plat_support.so:libz.so
10-21 17:13:45.225 12531 12531 D nativeloader: Load libicu_jni.so using APEX ns com_android_art for caller /apex/com.android.art/javalib/core-oj.jar: ok
10-21 17:13:45.225 12531 12531 D app_process: u_setTimeZoneFilesDirectory("/apex/com.android.tzdata/etc/tz/versioned/9/icu") succeeded. 
10-21 17:13:45.225 12531 12531 D app_process: I18n APEX ICU file found: /apex/com.android.i18n/etc/icu/icudt76l.dat
10-21 17:13:45.227 12531 12531 D nativeloader: Load libjavacore.so using APEX ns com_android_art for caller /apex/com.android.art/javalib/core-oj.jar: ok
10-21 17:13:45.228 12531 12531 D nativeloader: Load libopenjdk.so using APEX ns com_android_art for caller /apex/com.android.art/javalib/core-oj.jar: ok
10-21 17:13:45.230 12531 12531 I app_process: Priority-to-niceness mapping: 19, 16, 13, 10, 0, -2, -4, -5, -6, -8
10-21 17:13:45.230 12531 12531 W app_process: Unexpected CPU variant for x86: x86_64.
10-21 17:13:45.230 12531 12531 W app_process: Known variants: atom, sandybridge, silvermont, goldmont, goldmont-plus, goldmont-without-sha-xsaves, tremont, kabylake, alderlake, default
10-21 17:13:45.258 12531 12531 D nativeloader: Load libframework-connectivity-tiramisu-jni.so using APEX ns com_android_tethering for caller /apex/com.android.tethering/javalib/framework-connectivity-t.jar: ok
10-21 17:13:45.258 12531 12531 D AndroidRuntime: Calling main entry com.android.commands.monkey.Monkey
10-21 17:13:45.259 12531 12531 D nativeloader: Load /system/lib64/libmonkey_jni.so using ns default for caller /system/framework/monkey.jar in same partition (is_bridged=0): ok
10-21 17:13:45.259 12531 12531 W Monkey  : args: [-p, com.google.android.dialer, -c, android.intent.category.LAUNCHER, 1]
10-21 17:13:45.263 12531 12531 I AconfigPackage: android.media.swcodec.flags is mapped to com.android.media.swcodec
10-21 17:13:45.263 12531 12531 I AconfigPackage: com.android.permission.flags is mapped to com.android.permission
10-21 17:13:45.263 12531 12531 I AconfigPackage: com.android.permissioncontroller.flags is mapped to com.android.permission
10-21 17:13:45.263 12531 12531 I AconfigPackage: com.android.icu is mapped to com.android.i18n
10-21 17:13:45.264 12531 12531 I AconfigPackage: com.android.appsearch.flags is mapped to com.android.appsearch
10-21 17:13:45.264 12531 12531 I AconfigPackage: android.uprobestats.mainline.flags is mapped to com.android.uprobestats
10-21 17:13:45.264 12531 12531 I AconfigPackage: com.android.crashrecovery.flags is mapped to com.android.crashrecovery
10-21 17:13:45.264 12531 12531 I AconfigPackage: android.provider.flags is mapped to com.android.configinfrastructure
10-21 17:13:45.264 12531 12531 I AconfigPackage: com.android.server.deviceconfig is mapped to com.android.configinfrastructure
10-21 17:13:45.264 12531 12531 I AconfigPackage: com.android.compos.flags is mapped to com.android.compos
10-21 17:13:45.264 12531 12531 I AconfigPackage: com.android.art.flags is mapped to com.android.art
10-21 17:13:45.264 12531 12531 I AconfigPackage: com.android.art.rw.flags is mapped to com.android.art
10-21 17:13:45.264 12531 12531 I AconfigPackage: com.android.libcore is mapped to com.android.art
10-21 17:13:45.264 12531 12531 I AconfigPackage: com.android.telephony.flags is mapped to com.android.telephonycore
10-21 17:13:45.264 12531 12531 I AconfigPackage: com.android.media.extractor.flags is mapped to com.android.media
10-21 17:13:45.264 12531 12531 I AconfigPackage: com.android.media.mainline.flags is mapped to com.android.media
10-21 17:13:45.265 12531 12531 I AconfigPackage: com.android.wifi.flags is mapped to com.android.wifi
10-21 17:13:45.265 12531 12531 I AconfigPackage: com.android.org.conscrypt.flags is mapped to com.android.conscrypt
10-21 17:13:45.265 12531 12531 I AconfigPackage: com.android.org.conscrypt.net.flags is mapped to com.android.conscrypt
10-21 17:13:45.265 12531 12531 I AconfigPackage: com.android.healthfitness.flags is mapped to com.android.healthfitness
10-21 17:13:45.265 12531 12531 I AconfigPackage: com.android.ipsec.flags is mapped to com.android.ipsec
10-21 17:13:45.265 12531 12531 I AconfigPackage: com.android.nfc.module.flags is mapped to com.android.nfcservices
10-21 17:13:45.265 12531 12531 I AconfigPackage: com.android.adservices.ondevicepersonalization.flags is mapped to com.android.ondevicepersonalization
10-21 17:13:45.265 12531 12531 I AconfigPackage: com.android.adbd.flags is mapped to com.android.adbd
10-21 17:13:45.265 12531 12531 I AconfigPackage: com.android.bluetooth.flags is mapped to com.android.bt
10-21 17:13:45.265 12531 12531 I AconfigPackage: com.android.devicelock.flags is mapped to com.android.devicelock
10-21 17:13:45.266 12531 12531 I AconfigPackage: android.os.profiling is mapped to com.android.profiling
10-21 17:13:45.266 12531 12531 I AconfigPackage: android.os.profiling.anomaly.flags is mapped to com.android.profiling
10-21 17:13:45.266 12531 12531 I AconfigPackage: com.android.os.statsd.flags is mapped to com.android.os.statsd
10-21 17:13:45.266 12531 12531 I AconfigPackage: com.android.rkpd.flags is mapped to com.android.rkpd
10-21 17:13:45.266 12531 12531 I AconfigPackage: com.android.cellbroadcastreceiver.flags is mapped to com.android.cellbroadcast
10-21 17:13:45.266 12531 12531 I AconfigPackage: com.android.adservices.flags is mapped to com.android.adservices
10-21 17:13:45.266 12531 12531 I AconfigPackage: com.android.sdksandbox.flags is mapped to com.android.adservices
10-21 17:13:45.266 12531 12531 I AconfigPackage: com.android.uwb.flags is mapped to com.android.uwb
10-21 17:13:45.266 12531 12531 I AconfigPackage: com.android.ranging.flags is mapped to com.android.uwb
10-21 17:13:45.266 12531 12531 I AconfigPackage: android.graphics.pdf.flags is mapped to com.android.mediaprovider
10-21 17:13:45.266 12531 12531 I AconfigPackage: com.android.providers.media.flags is mapped to com.android.mediaprovider
10-21 17:13:45.266 12531 12531 I AconfigPackage: android.graphics.pdf.flags.readonly is mapped to com.android.mediaprovider
10-21 17:13:45.266 12531 12531 I AconfigPackage: com.android.net.ct.flags is mapped to com.android.tethering
10-21 17:13:45.266 12531 12531 I AconfigPackage: com.android.tethering.mainline.beta is mapped to com.android.tethering
10-21 17:13:45.266 12531 12531 I AconfigPackage: com.android.net.flags is mapped to com.android.tethering
10-21 17:13:45.266 12531 12531 I AconfigPackage: com.android.nearby.flags is mapped to com.android.tethering
10-21 17:13:45.266 12531 12531 I AconfigPackage: android.net.vcn is mapped to com.android.tethering
10-21 17:13:45.266 12531 12531 I AconfigPackage: com.android.tethering.beta.test is mapped to com.android.tethering
10-21 17:13:45.266 12531 12531 I AconfigPackage: android.net.http is mapped to com.android.tethering
10-21 17:13:45.266 12531 12531 I AconfigPackage: com.android.net.thread.flags is mapped to com.android.tethering
10-21 17:13:45.267 12531 12531 I AconfigPackage: com.android.system.virtualmachine.flags is mapped to com.android.virt
10-21 17:13:45.267 12531 12531 E FeatureFlagsImplExport: android.os.flagging.AconfigStorageReadException: ERROR_PACKAGE_NOT_FOUND: package android.xr cannot be found on the device
10-21 17:13:45.271 12531 12531 W Monkey  :  arg: "-p"
10-21 17:13:45.271 12531 12531 W Monkey  :  arg: "com.google.android.dialer"
10-21 17:13:45.271 12531 12531 W Monkey  :  arg: "-c"
10-21 17:13:45.271 12531 12531 W Monkey  :  arg: "android.intent.category.LAUNCHER"
10-21 17:13:45.271 12531 12531 W Monkey  :  arg: "1"
10-21 17:13:45.271 12531 12531 W Monkey  : data="com.google.android.dialer"
10-21 17:13:45.271 12531 12531 W Monkey  : data="android.intent.category.LAUNCHER"
10-21 17:13:45.311     0     0 I input   : Monkey touch as /devices/virtual/input/input31
10-21 17:13:45.273   767   898 D EventHub: No input device configuration file found for device 'Monkey touch'.
10-21 17:13:45.273   767   898 I EventHub: usingClockIoctl=true
10-21 17:13:45.273   767   898 I EventHub: New device: id=31, fd=569, path='/dev/input/event14', name='Monkey touch', classes=TOUCH | TOUCH_MT, configuration='', keyLayout='', keyCharacterMap='', builtinKeyboard=false, 
10-21 17:13:45.274   767   898 I InputReader: Device reconfigured: id=31, name='Monkey touch', size 1080x2400, orientation Rotation0, mode DIRECT, display id 0
10-21 17:13:45.274   767   898 I InputReader: Device added: id=31, eventHubId=31, name='Monkey touch', descriptor='e1fe28b90f915c7d1febbd52c1ef84b3c4cbed9f',sources=TOUCHSCREEN
10-21 17:13:45.284   767   802 D WindowManager: Direct invocation of sendNewConfiguration: Display{#0 state=ON size=1080x2400 ROTATION_0}
10-21 17:13:45.286   767   802 W libbinder.IPCThreadState: Sending oneway calls to frozen process.
10-21 17:13:45.296   767  2117 W ActivityManager: registerReceiverWithFeature: no app for null
10-21 17:13:45.307   767  2117 W ActivityTaskManager: callingPackage for (uid=0, pid=12531) has no WPC
10-21 17:13:45.307   767  2117 V WindowManager: DesktopModeLaunchParamsModifier: phase= 0 task=null activity=null display-area-from-current-params=null display-area-from-default-fallback=DefaultTaskDisplayArea@155435942 display-id=0 task-display-area-windowing-mode=1 suggested-display-area=DefaultTaskDisplayArea@155435942 task null, skipping
10-21 17:13:45.308   767  2117 V WindowManager: TaskLaunchParamsModifier:phase=0 task=null activity=null display-area-from-current-params=null display-area-from-default-fallback=DefaultTaskDisplayArea@155435942 display-id=0 task-display-area-windowing-mode=1 suggested-display-area=DefaultTaskDisplayArea@155435942
10-21 17:13:45.313   767  2117 V WindowManager: DesktopModeLaunchParamsModifier: phase= 0 task=null activity=ActivityRecord{133960458 u0 com.google.android.dialer/.extensions.GoogleDialtactsActivity display-area-from-current-params=null display-area-for-record=DefaultTaskDisplayArea@155435942 display-id=0 task-display-area-windowing-mode=1 suggested-display-area=DefaultTaskDisplayArea@155435942 task null, skipping
10-21 17:13:45.313   767  2117 V WindowManager: TaskLaunchParamsModifier:phase=0 task=null activity=ActivityRecord{133960458 u0 com.google.android.dialer/.extensions.GoogleDialtactsActivity t-1} display-area-from-current-params=null display-area-for-record=DefaultTaskDisplayArea@155435942 display-id=0 task-display-area-windowing-mode=1 suggested-display-area=DefaultTaskDisplayArea@155435942
10-21 17:13:45.313   767  2117 V WindowManager: DesktopModeLaunchParamsModifier: phase= 3 task=Task{50f79c0 #45 type=standard A=10137:com.google.android.dialer} activity=ActivityRecord{133960458 u0 com.google.android.dialer/.extensions.GoogleDialtactsActivity t-1} display-from-task=0 display-id=0 task-display-area-windowing-mode=1 suggested-display-area=DefaultTaskDisplayArea@155435942 not entering desktop mode, skipping
10-21 17:13:45.313   767  2117 V WindowManager: TaskLaunchParamsModifier:phase=3 task=Task{50f79c0 #45 type=standard A=10137:com.google.android.dialer} activity=ActivityRecord{133960458 u0 com.google.android.dialer/.extensions.GoogleDialtactsActivity t-1} display-from-task=0 display-id=0 task-display-area-windowing-mode=1 suggested-display-area=DefaultTaskDisplayArea@155435942 inherit-from-task=fullscreen non-freeform-task-display-area display-area=DefaultTaskDisplayArea@155435942 skip-bounds-fullscreen
10-21 17:13:45.314   767  2117 V WindowManager: DesktopModeLaunchParamsModifier: phase= 3 task=Task{50f79c0 #45 type=standard A=10137:com.google.android.dialer} activity=ActivityRecord{133960458 u0 com.google.android.dialer/.extensions.GoogleDialtactsActivity t-1} display-from-task=0 display-id=0 task-display-area-windowing-mode=1 suggested-display-area=DefaultTaskDisplayArea@155435942 not entering desktop mode, skipping
10-21 17:13:45.314   767  2117 V WindowManager: TaskLaunchParamsModifier:phase=3 task=Task{50f79c0 #45 type=standard A=10137:com.google.android.dialer} activity=ActivityRecord{133960458 u0 com.google.android.dialer/.extensions.GoogleDialtactsActivity t-1} display-from-task=0 display-id=0 task-display-area-windowing-mode=1 suggested-display-area=DefaultTaskDisplayArea@155435942 inherit-from-task=fullscreen non-freeform-task-display-area display-area=DefaultTaskDisplayArea@155435942 skip-bounds-fullscreen
10-21 17:13:45.316   582   734 I libbinder.BpBinder: onLastStrongRef automatically unlinking death recipients for descriptor: '(not cached)'
10-21 17:13:45.320  1055  1178 V WindowManagerShell: Transition requested (#29): android.os.BinderProxy@4ce4a3f TransitionRequestInfo { type = OPEN, triggerTask = TaskInfo{userId=0 taskId=45 effectiveUid=10137 displayId=0 isRunning=true baseIntent=Intent { act=android.intent.action.MAIN cat=[android.intent.category.LAUNCHER] flg=0x10200000 cmp=com.google.android.dialer/.extensions.GoogleDialtactsActivity } baseActivity=ComponentInfo{com.google.android.dialer/com.android.dialer.main.impl.MainActivity} topActivity=ComponentInfo{com.google.android.dialer/com.android.dialer.main.impl.MainActivity} origActivity=ComponentInfo{com.google.android.dialer/com.google.android.dialer.extensions.GoogleDialtactsActivity} realActivity=ComponentInfo{com.google.android.dialer/com.android.dialer.main.impl.MainActivity} numActivities=1 lastActiveTime=92772228 supportsMultiWindow=true resizeMode=2 isResizeable=true minWidth=-1 minHeight=-1 defaultMinSize=220 token=WCT{android.os.BinderProxy@823a8c6} topActivityType=1 pictureInPictureParams=null shouldDockBigOverlays=false launchIntoPipHostTaskId=-1 lastParentTaskIdBeforePip=-1 displayCutoutSafeInsets=Rect(0, 0 - 0, 0) topActivityInfo=ActivityInfo{22eff0c com.google.android.dialer.extensions.GoogleDialtactsActivity} launchCookies=[] positionInParent=Point(0, 0) parentTaskId=-1 isFocused=false isVisible=false isVisibleRequested=false isTopActivityNoDisplay=false isSleeping=false locusId=null displayAreaFeatureId=1 isTopActivityTransparent=false isActivityStackTransparent=false lastNonFullscreenBounds=null capturedLink=null capturedLinkTimestamp=0 requestedVisibleTypes=503 topActivityRequestOpenInBrowserEducationTimestamp=0 appCompatTaskInfo=AppCompatTaskInfo { topActivityInSizeCompat=false isLeafTask= true eligibleForLetterboxEducation= false isLetterboxEducationEnabled= true isLetterboxDoubleTapEnabled= false eligibleForUserAspectRatioButton= false topActivityBoundsLetterboxed= false isFromLetterboxDoubleTap= false topActivityLetterboxVerticalPosition= -1 topActivityLetterboxHorizontalPosition= -1 topActivityLetterboxWidth=-1 topActivityLetterboxHeight=-1 topActivityAppBounds=Rect(0, 0 - 1080, 2400) isUserFullscreenOverrideEnabled=false isSystemFullscreenOverrideEnabled=false hasMinAspectRatioOverride=false topActivityLetterboxBounds=null cameraCompatTaskInfo=CameraCompatTaskInfo { cameraCompatMode=inactiveundefined} topNonResizableActivityAspectRatio=-1.0} topActivityMainWindowFrame=null isAppBubble=false}, pipChange = null, remoteTransition = null, displayChange = null, requestedLocation = null, userChange = null, flags = 0, debugId = 29 }
10-21 17:13:45.320  1055  1178 D ShellSplitScreen: logExit: no-op, mLoggerSessionId is null
10-21 17:13:45.320   767  2117 I ActivityTaskManager: START u0 {act=android.intent.action.MAIN cat=[android.intent.category.LAUNCHER] flg=0x10200000 cmp=com.google.android.dialer/.extensions.GoogleDialtactsActivity} with LAUNCH_SINGLE_TASK from uid 0 (BAL_ALLOW_ALLOWLISTED_UID) result code=2
10-21 17:13:45.321 12531 12531 I Monkey  : Events injected: 1
10-21 17:13:45.323  1055  1178 D WindowManagerShell: onActivityRestartAttempt: topActivity=ComponentInfo{com.google.android.dialer/com.android.dialer.main.impl.MainActivity}, wasVisible=false
10-21 17:13:45.324  1197  1197 D b/417220811: invalidateLoadedTasks - previous requestLoadId: -1
10-21 17:13:45.328  1055  1285 V SnapshotDrawerUtils: Drawing snapshot surface sizeMismatch=true
10-21 17:13:45.331 12531 12531 I Monkey  : ## Network stats: elapsed time=28ms (0ms mobile, 0ms wifi, 28ms not connected)
10-21 17:13:45.335 12531 12531 I app_process: System.exit called, status: 0
10-21 17:13:45.336 12531 12531 I AndroidRuntime: VM exiting with result code 0.
10-21 17:13:45.355   767   898 I EventHub: Removing device Monkey touch due to epoll hang-up event.
10-21 17:13:45.355   767   898 I EventHub: Removed device: path=/dev/input/event14 name=Monkey touch id=31 fd=569 classes=TOUCH | TOUCH_MT
10-21 17:13:45.371   767   898 I EventHub: Removing device '/dev/input/event14' due to inotify event
10-21 17:13:45.371   767   898 I InputReader: Device removed: id=31, eventHubId=31, name='Monkey touch', descriptor='e1fe28b90f915c7d1febbd52c1ef84b3c4cbed9f', sources=TOUCHSCREEN
10-21 17:13:45.387   767   802 W libbinder.IPCThreadState: Sending oneway calls to frozen process.
10-21 17:13:45.387  1197  1197 D TouchInteractionService: disposeEventHandlers: Reason: Initializing input monitor due to: onTrackpadConnected() instance=177253505
10-21 17:13:45.387  1197  1197 D InputMonitorCompat: Input event receiver for monitor (swipe-up-disp0) disposed
10-21 17:13:45.387  1055  1055 D NavigationModeController: getCurrentUserContext: contextUser=0 currentUser=0
10-21 17:13:45.387   767   897 W InputDispatcher: channel '[Gesture Monitor] swipe-up' ~ Consumer closed input channel or an error occurred.  events=0x9
10-21 17:13:45.387   767   897 E InputDispatcher: channel '[Gesture Monitor] swipe-up' ~ Channel is unrecoverably broken and will be disposed!
10-21 17:13:45.387  1197  1197 D InputMonitorCompat: Input monitor (swipe-up-disp0) disposed
10-21 17:13:45.389  1197  1197 D InputMonitorCompat: Input monitor (swipe-up-disp0) created
10-21 17:13:45.389  1197  1197 D InputMonitorCompat: Input event receiver for monitor (swipe-up-disp0) created
10-21 17:13:45.390   767   802 W PermissionService: getPermissionFlags: Unknown user -1
10-21 17:13:45.391   767   802 W PermissionService: getPermissionFlags: Unknown user -1
10-21 17:13:45.595  1730  2423 W AiAiEcho: LyftNotificationParser Ridesharing ETA not enabled
10-21 17:13:45.595  1730  2423 I AiAiEcho: SmartspaceNotificationPredictor no parser can handle this notification or notification is invalid
10-21 17:13:45.740 12543 12543 D AndroidRuntime: >>>>>> START com.android.internal.os.RuntimeInit uid 0 <<<<<<
10-21 17:13:45.745 12543 12543 I AndroidRuntime: Using default boot image
10-21 17:13:45.745 12543 12543 I AndroidRuntime: Leaving lock profiling enabled
10-21 17:13:45.746 12543 12543 I app_process: Core platform API reporting enabled by runtime option
10-21 17:13:45.747 12543 12543 I app_process: Using CollectorTypeCMC GC.
10-21 17:13:45.816   767   802 W ActivityTaskManager: Activity top resumed state loss timeout for ActivityRecord{25920036 u0 com.google.android.youtube/.app.honeycomb.Shell$HomeActivity t43}
10-21 17:13:45.819   767   802 W ActivityTaskManager: Activity pause timeout for ActivityRecord{25920036 u0 com.google.android.youtube/.app.honeycomb.Shell$HomeActivity t43}
10-21 17:13:45.820   767   802 D ActivityManager: quick sync unfreeze 11311 for 1
10-21 17:13:45.827 11311 11311 D ViewRootImpl: Skipping stats log for color mode
10-21 17:13:45.834   767   941 D WifiClientModeImpl[21111:wlan0]: updateLinkLayerStatsRssiSpeedFrequencyCapabilities rssi=-50 TxLinkspeed=2 freq=2447 RxLinkSpeed=2
10-21 17:13:45.835  1055  1064 V WindowManagerShell: onTransitionReady(transaction=3294239918367)
10-21 17:13:45.835  1055  1178 V WindowManagerShell: onTransitionReady (#29) android.os.BinderProxy@4ce4a3f: {id=29 t=OPEN f=0x0 trk=0 r=[0@Point(0, 0)] c=[
10-21 17:13:45.835  1055  1178 V WindowManagerShell:         {m=TO_FRONT f=MOVE_TO_TOP leash=Surface(name=Task=45#167)/@0x267550d sb=Rect(0, 0 - 1080, 2400) eb=Rect(0, 0 - 1080, 2400) epz=Point(1080, 2400) d=0 taskParent=-1 winMode=1 userId=0},
10-21 17:13:45.835  1055  1178 V WindowManagerShell:         {m=TO_BACK f=NONE leash=Surface(name=Task=43#122)/@0x6f75cc2 sb=Rect(0, 0 - 1080, 2400) eb=Rect(0, 0 - 1080, 2400) epz=Point(1080, 2400) d=0 taskParent=-1 winMode=1 userId=0}
10-21 17:13:45.835  1055  1178 V WindowManagerShell:     ]}
10-21 17:13:45.836  1055  1178 V WindowManagerShell: Playing animation for (#29) android.os.BinderProxy@4ce4a3f@0
10-21 17:13:45.836  1055  1178 V ShellRecents: RecentsTransitionHandler.startAnimation: no controller found
10-21 17:13:45.837  1055  1178 V WindowManagerShell: Transition doesn't have explicit remote, search filters for match for {id=29 t=OPEN f=0x0 trk=0 r=[0@Point(0, 0)] c=[{m=TO_FRONT f=MOVE_TO_TOP leash=Surface(name=Task=45#167)/@0x267550d sb=Rect(0, 0 - 1080, 2400) eb=Rect(0, 0 - 1080, 2400) epz=Point(1080, 2400) d=0 taskParent=-1 winMode=1 userId=0},{m=TO_BACK f=NONE leash=Surface(name=Task=43#122)/@0x6f75cc2 sb=Rect(0, 0 - 1080, 2400) eb=Rect(0, 0 - 1080, 2400) epz=Point(1080, 2400) d=0 taskParent=-1 winMode=1 userId=0}]}
10-21 17:13:45.837  1055  1178 V WindowManagerShell:  Checking filter Pair{{types=[] flags=0x0] notFlags=0x0 checks=[{atype=undefined independent=true modes=[CLOSE,TO_BACK] flags=IN_TASK_WITH_EMBEDDED_ACTIVITY mustBeTask=false order=ANY topActivity=null launchCookie=null taskFragmentToken=android.os.BinderProxy@ec792c6 windowingMode=undefined}]} RemoteTransition { remoteTransition = android.window.IRemoteTransition$Stub$Proxy@4d60287, appThread = android.app.IApplicationThread$Stub$Proxy@f4e65b4, debugName = overlayBackTransition }}
10-21 17:13:45.837  1055  1178 V WindowManagerShell:  Checking filter Pair{{types=[] flags=0x0] notFlags=0x0 checks=[{atype=dream independent=true modes=[OPEN,TO_FRONT] flags=NONE mustBeTask=false order=ANY topActivity=null launchCookie=null windowingMode=undefined},{atype=home independent=true modes=[CLOSE,TO_BACK] flags=NONE mustBeTask=false order=ANY topActivity=null launchCookie=null windowingMode=undefined}]} RemoteTransition { remoteTransition = android.window.IRemoteTransition$Stub$Proxy@49655dd, appThread = android.app.IApplicationThread$Stub$Proxy@81a1552, debugName = LauncherToDream }}
10-21 17:13:45.837  1055  1178 V WindowManagerShell:  Checking filter Pair{{types=[] flags=0x0] notFlags=0x100 checks=[{atype=home independent=true modes=[OPEN,TO_FRONT] flags=NONE mustBeTask=false order=TOP topActivity=ComponentInfo{com.google.android.apps.nexuslauncher/com.google.android.apps.nexuslauncher.NexusLauncherActivity} launchCookie=null windowingMode=undefined},{atype=standard independent=true modes=[CLOSE,TO_BACK] flags=NONE mustBeTask=false order=ANY topActivity=null launchCookie=null windowingMode=undefined},{NOT atype=undefined independent=true modes=[] flags=NONE mustBeTask=true order=ANY topActivity=null launchCookie=null customAnim=true windowingMode=undefined}]} RemoteTransition { remoteTransition = android.window.IRemoteTransition$Stub$Proxy@5064023, appThread = android.app.IApplicationThread$Stub$Proxy@9462920, debugName = QuickstepLaunchHome }}
10-21 17:13:45.837  1055  1178 V WindowManagerShell:  Delegate animation for (#29) to null
10-21 17:13:45.837  1055  1178 V WindowManagerShell: start default transition animation, info = {id=29 t=OPEN f=0x0 trk=0 r=[0@Point(0, 0)] c=[{m=TO_FRONT f=MOVE_TO_TOP leash=Surface(name=Task=45#167)/@0x267550d sb=Rect(0, 0 - 1080, 2400) eb=Rect(0, 0 - 1080, 2400) epz=Point(1080, 2400) d=0 taskParent=-1 winMode=1 userId=0},{m=TO_BACK f=NONE leash=Surface(name=Task=43#122)/@0x6f75cc2 sb=Rect(0, 0 - 1080, 2400) eb=Rect(0, 0 - 1080, 2400) epz=Point(1080, 2400) d=0 taskParent=-1 winMode=1 userId=0}]}
10-21 17:13:45.841  1055  1178 V WindowManagerShell: loadAnimation: anim=android.view.animation.AnimationSet@c62830e animAttr=0x9 type=OPEN isEntrance=false
10-21 17:13:45.843  1055  1178 V WindowManagerShell: loadAnimation: anim=android.view.animation.AnimationSet@5f6433c animAttr=0x8 type=OPEN isEntrance=true
10-21 17:13:45.844   767   799 V WindowManager: Sent Transition (#29) createdAt=10-21 17:13:45.312 via request=TransitionRequestInfo { type = OPEN, triggerTask = TaskInfo{userId=0 taskId=45 effectiveUid=10137 displayId=0 isRunning=true baseIntent=Intent { act=android.intent.action.MAIN cat=[android.intent.category.LAUNCHER] flg=0x10200000 cmp=com.google.android.dialer/.extensions.GoogleDialtactsActivity } baseActivity=ComponentInfo{com.google.android.dialer/com.android.dialer.main.impl.MainActivity} topActivity=ComponentInfo{com.google.android.dialer/com.android.dialer.main.impl.MainActivity} origActivity=ComponentInfo{com.google.android.dialer/com.google.android.dialer.extensions.GoogleDialtactsActivity} realActivity=ComponentInfo{com.google.android.dialer/com.android.dialer.main.impl.MainActivity} numActivities=1 lastActiveTime=92772228 supportsMultiWindow=true resizeMode=2 isResizeable=true minWidth=-1 minHeight=-1 defaultMinSize=220 token=WCT{RemoteToken{97c1008 Task{50f79c0 #45 type=standard A=10137:com.google.android.dialer}}} topActivityType=1 pictureInPictureParams=null shouldDockBigOverlays=false launchIntoPipHostTaskId=-1 lastParentTaskIdBeforePip=-1 displayCutoutSafeInsets=Rect(0, 0 - 0, 0) topActivityInfo=ActivityInfo{4e573a1 com.google.android.dialer.extensions.GoogleDialtactsActivity} launchCookies=[] positionInParent=Point(0, 0) parentTaskId=-1 isFocused=false isVisible=false isVisibleRequested=false isTopActivityNoDisplay=false isSleeping=false locusId=null displayAreaFeatureId=1 isTopActivityTransparent=false isActivityStackTransparent=false lastNonFullscreenBounds=null capturedLink=null capturedLinkTimestamp=0 requestedVisibleTypes=503 topActivityRequestOpenInBrowserEducationTimestamp=0 appCompatTaskInfo=AppCompatTaskInfo { topActivityInSizeCompat=false isLeafTask= true eligibleForLetterboxEducation= false isLetterboxEducationEnabled= true isLetterboxDoubleTapEnabled= false eligibleForUserAspectRatioButton= false topActivityBoundsLetterboxed= false isFromLetterboxDoubleTap= false topActivityLetterboxVerticalPosition= -1 topActivityLetterboxHorizontalPosition= -1 topActivityLetterboxWidth=-1 topActivityLetterboxHeight=-1 topActivityAppBounds=Rect(0, 0 - 1080, 2400) isUserFullscreenOverrideEnabled=false isSystemFullscreenOverrideEnabled=false hasMinAspectRatioOverride=false topActivityLetterboxBounds=null cameraCompatTaskInfo=CameraCompatTaskInfo { cameraCompatMode=inactiveundefined} topNonResizableActivityAspectRatio=-1.0} topActivityMainWindowFrame=null isAppBubble=false}, pipChange = null, remoteTransition = null, displayChange = null, requestedLocation = null, userChange = null, flags = 0, debugId = 29 }
10-21 17:13:45.844   767   799 V WindowManager:     startWCT=WindowContainerTransaction { changes= {} hops= [] errorCallbackToken=null taskFragmentOrganizer=null }
10-21 17:13:45.844   767   799 V WindowManager:     info={id=29 t=OPEN f=0x0 trk=0 r=[0@Point(0, 0)] c=[
10-21 17:13:45.844   767   799 V WindowManager:         {WCT{RemoteToken{97c1008 Task{50f79c0 #45 type=standard A=10137:com.google.android.dialer}}} m=TO_FRONT f=MOVE_TO_TOP leash=Surface(name=Task=45#167)/@0xc832069 sb=Rect(0, 0 - 1080, 2400) eb=Rect(0, 0 - 1080, 2400) epz=Point(1080, 2400) d=0 taskParent=-1 winMode=1 userId=0},
10-21 17:13:45.844   767   799 V WindowManager:         {WCT{RemoteToken{da27fa Task{5e5918d #43 type=standard A=10172:com.google.android.youtube}}} m=TO_BACK f=NONE leash=Surface(name=Task=43#122)/@0xf4c41ec sb=Rect(0, 0 - 1080, 2400) eb=Rect(0, 0 - 1080, 2400) epz=Point(1080, 2400) d=0 taskParent=-1 winMode=1 userId=0}
10-21 17:13:45.844   767   799 V WindowManager:     ]}
10-21 17:13:45.848 12543 12543 D nativeloader: InitDefaultPublicLibraries for_preload=1: libandroid.so:libaaudio.so:libamidi.so:libbinder_ndk.so:libc.so:libcamera2ndk.so:libdl.so:libEGL.so:libGLESv1_CM.so:libGLESv2.so:libGLESv3.so:libicu.so:libicui18n.so:libicuuc.so:libjnigraphics.so:liblog.so:libmediandk.so:libm.so:libnativehelper.so:libnativewindow.so:libOpenMAXAL.so:libOpenSLES.so:libRS.so:libstdc++.so:libsync.so:libvulkan.so:libwebviewchromium_plat_support.so:libz.so
10-21 17:13:45.854   767  1000 D BackgroundInstallControlService: Package event received: 0
10-21 17:13:45.855  1055  1178 V WindowManagerShell:  animated by com.android.wm.shell.transition.DefaultTransitionHandler@48ec040
10-21 17:13:45.855   767   941 D WifiDataStall: tx tput in kbps: 11000
10-21 17:13:45.855   767   941 D WifiDataStall: rx tput in kbps: 11000
10-21 17:13:45.860   767  1000 D BackgroundInstallControlService: Package event received: 0
10-21 17:13:45.861   767   941 V WifiConfigManager: Updating scan detail cache freq=2447 BSSID=00:13:10:85:fe:01 RSSI=-50 for "AndroidWifi"NONE
10-21 17:13:45.862   767  1000 D BackgroundInstallControlService: Package event received: 0
10-21 17:13:45.868 12543 12543 D nativeloader: Load libicu_jni.so using APEX ns com_android_art for caller /apex/com.android.art/javalib/core-oj.jar: ok
10-21 17:13:45.868 12543 12543 D app_process: u_setTimeZoneFilesDirectory("/apex/com.android.tzdata/etc/tz/versioned/9/icu") succeeded. 
10-21 17:13:45.869 12543 12543 D app_process: I18n APEX ICU file found: /apex/com.android.i18n/etc/icu/icudt76l.dat
10-21 17:13:45.869 12543 12543 D nativeloader: Load libjavacore.so using APEX ns com_android_art for caller /apex/com.android.art/javalib/core-oj.jar: ok
10-21 17:13:45.870 12543 12543 D nativeloader: Load libopenjdk.so using APEX ns com_android_art for caller /apex/com.android.art/javalib/core-oj.jar: ok
10-21 17:13:45.871   767   802 D ActivityManager: sync unfroze 11311 com.google.android.dialer for 1
10-21 17:13:45.872   767  1000 D BackgroundInstallControlService: Package event received: 0
10-21 17:13:45.874 12543 12543 I app_process: Priority-to-niceness mapping: 19, 16, 13, 10, 0, -2, -4, -5, -6, -8
10-21 17:13:45.875 12543 12543 W app_process: Unexpected CPU variant for x86: x86_64.
10-21 17:13:45.875 12543 12543 W app_process: Known variants: atom, sandybridge, silvermont, goldmont, goldmont-plus, goldmont-without-sha-xsaves, tremont, kabylake, alderlake, default
10-21 17:13:45.885   767   941 D WifiThroughputPredictor:  utilization (LLS) 80 isBluetoothConnected: false final utilization: 80
10-21 17:13:45.885   767   941 D WifiThroughputPredictor:  BW: 0 RSSI: -50 Nss: 1 Mode: 1 symDur: 4000 snrDb 30 bitPerTone: 4500 rate: 54 throughput: 11
10-21 17:13:45.885   767   941 D WifiThroughputPredictor:  utilization (LLS) 80 isBluetoothConnected: false final utilization: 80
10-21 17:13:45.885   767   941 D WifiThroughputPredictor:  BW: 0 RSSI: -50 Nss: 1 Mode: 1 symDur: 4000 snrDb 30 bitPerTone: 4500 rate: 54 throughput: 11
10-21 17:13:45.887   767   941 D WifiThroughputPredictor:  utilization (LLS) 80 isBluetoothConnected: false final utilization: 80
10-21 17:13:45.887   767   941 D WifiThroughputPredictor:  BW: 0 RSSI: -50 Nss: 1 Mode: 1 symDur: 4000 snrDb 30 bitPerTone: 4500 rate: 54 throughput: 11
10-21 17:13:45.887   767   941 D WifiThroughputPredictor:  utilization (LLS) 80 isBluetoothConnected: false final utilization: 80
10-21 17:13:45.887   767   941 D WifiThroughputPredictor:  BW: 0 RSSI: -50 Nss: 1 Mode: 1 symDur: 4000 snrDb 30 bitPerTone: 4500 rate: 54 throughput: 11
10-21 17:13:45.890 11311 11311 I DialerWindowLayoutProviderImpl: com.android.dialer.windowlayout.impl.WindowLayoutProviderImpl.updateWindowLayout:71 enter
10-21 17:13:45.894 12169 12169 I AlarmClock: Fold: Stopped watching com.android.deskclock.DeskClock for fold changes
10-21 17:13:45.900 12169 12169 V AppLifecycleTracker: App foreground state unchanged: inForeground ? true
10-21 17:13:45.900   520   596 I netd    : tetherGetStats() -> {[]} <3.90ms>
10-21 17:13:45.902 11311 11311 I DialerWindowLayoutProviderImpl: com.android.dialer.windowlayout.impl.WindowLayoutProviderImpl.updateWindowLayout:82 windowLayout set to # sag@838931
10-21 17:13:45.910 12543 12543 D nativeloader: Load libframework-connectivity-tiramisu-jni.so using APEX ns com_android_tethering for caller /apex/com.android.tethering/javalib/framework-connectivity-t.jar: ok
10-21 17:13:45.910 12169 12169 V AppLifecycleTracker: App transition to background
10-21 17:13:45.911 12543 12543 D AndroidRuntime: Calling main entry com.android.commands.monkey.Monkey
10-21 17:13:45.912 12029 12133 E SurfaceSyncGroup: Failed to receive transaction ready in 1000ms. Marking SurfaceSyncGroup(wmsSync-VRI[Shell$HomeActivity]#4) as ready
10-21 17:13:45.912 12029 12133 E SurfaceSyncGroup: Failed to receive transaction ready in 1000ms. Marking SurfaceSyncGroup(VRI[Shell$HomeActivity]#5) as ready
10-21 17:13:45.913 12543 12543 D nativeloader: Load /system/lib64/libmonkey_jni.so using ns default for caller /system/framework/monkey.jar in same partition (is_bridged=0): ok
10-21 17:13:45.913 12543 12543 W Monkey  : args: [-p, com.google.android.contacts, -c, android.intent.category.LAUNCHER, 1]
10-21 17:13:45.916 12543 12543 I AconfigPackage: android.media.swcodec.flags is mapped to com.android.media.swcodec
10-21 17:13:45.917 12543 12543 I AconfigPackage: com.android.permission.flags is mapped to com.android.permission
10-21 17:13:45.917 12543 12543 I AconfigPackage: com.android.permissioncontroller.flags is mapped to com.android.permission
10-21 17:13:45.917 12543 12543 I AconfigPackage: com.android.icu is mapped to com.android.i18n
10-21 17:13:45.917 12543 12543 I AconfigPackage: com.android.appsearch.flags is mapped to com.android.appsearch
10-21 17:13:45.917 12543 12543 I AconfigPackage: android.uprobestats.mainline.flags is mapped to com.android.uprobestats
10-21 17:13:45.917 12543 12543 I AconfigPackage: com.android.crashrecovery.flags is mapped to com.android.crashrecovery
10-21 17:13:45.917 12543 12543 I AconfigPackage: android.provider.flags is mapped to com.android.configinfrastructure
10-21 17:13:45.918 12543 12543 I AconfigPackage: com.android.server.deviceconfig is mapped to com.android.configinfrastructure
10-21 17:13:45.918 12543 12543 I AconfigPackage: com.android.compos.flags is mapped to com.android.compos
10-21 17:13:45.918 12543 12543 I AconfigPackage: com.android.art.flags is mapped to com.android.art
10-21 17:13:45.918 12543 12543 I AconfigPackage: com.android.art.rw.flags is mapped to com.android.art
10-21 17:13:45.918 12543 12543 I AconfigPackage: com.android.libcore is mapped to com.android.art
10-21 17:13:45.918 12543 12543 I AconfigPackage: com.android.telephony.flags is mapped to com.android.telephonycore
10-21 17:13:45.918 12543 12543 I AconfigPackage: com.android.media.extractor.flags is mapped to com.android.media
10-21 17:13:45.918 12543 12543 I AconfigPackage: com.android.media.mainline.flags is mapped to com.android.media
10-21 17:13:45.918 12543 12543 I AconfigPackage: com.android.wifi.flags is mapped to com.android.wifi
10-21 17:13:45.918   767   941 I HalDevMgr: bestIfaceCreationProposal is null, requestIface=STA, existingIface=[name=wlan0 type=STA]
10-21 17:13:45.918 12543 12543 I AconfigPackage: com.android.org.conscrypt.flags is mapped to com.android.conscrypt
10-21 17:13:45.918 12543 12543 I AconfigPackage: com.android.org.conscrypt.net.flags is mapped to com.android.conscrypt
10-21 17:13:45.919   767   941 D WifiScoreCard: BSSID update SIGNAL_POLL ID: 14232187 SSID: "AndroidWifi", BSSID: 00:13:10:85:fe:01, MAC: 02:15:b2:00:00:00, IP: /10.0.2.16, Security type: 0, Supplicant state: COMPLETED, Wi-Fi standard: legacy, RSSI: -50, Link speed: 2Mbps, Tx Link speed: 2Mbps, Max Supported Tx Link speed: 11Mbps, Rx Link speed: 2Mbps, Max Supported Rx Link speed: 11Mbps, Frequency: 2447MHz, Net ID: 0, Metered hint: false, score: 83, isUsable: true, CarrierMerged: false, SubscriptionId: -1, IsPrimary: 1, Trusted: true, Restricted: false, Ephemeral: false, OEM paid: false, OEM private: false, OSU AP: false, FQDN: <none>, Provider friendly name: <none>, Requesting package name: <none>"AndroidWifi"openMLO Information: , Is TID-To-Link negotiation supported by the AP: false, AP MLD Address: <none>, AP MLO Link Id: <none>, AP MLO Affiliated links: <none>, Vendor Data: <none>
10-21 17:13:45.919   767   941 D WifiScoreCard: txRate: 3 txSpeed: 2
10-21 17:13:45.919 12543 12543 I AconfigPackage: com.android.healthfitness.flags is mapped to com.android.healthfitness
10-21 17:13:45.919   767   941 D WifiScoreCard: network update SIGNAL_POLL "AndroidWifi" ID: 1073449701 RSSI -50 txSpeed -1
10-21 17:13:45.922 12543 12543 I AconfigPackage: com.android.ipsec.flags is mapped to com.android.ipsec
10-21 17:13:45.922 12543 12543 I AconfigPackage: com.android.nfc.module.flags is mapped to com.android.nfcservices
10-21 17:13:45.922 12543 12543 I AconfigPackage: com.android.adservices.ondevicepersonalization.flags is mapped to com.android.ondevicepersonalization
10-21 17:13:45.922 12543 12543 I AconfigPackage: com.android.adbd.flags is mapped to com.android.adbd
10-21 17:13:45.922 12543 12543 I AconfigPackage: com.android.bluetooth.flags is mapped to com.android.bt
10-21 17:13:45.923 12543 12543 I AconfigPackage: com.android.devicelock.flags is mapped to com.android.devicelock
10-21 17:13:45.923 12543 12543 I AconfigPackage: android.os.profiling is mapped to com.android.profiling
10-21 17:13:45.923 12543 12543 I AconfigPackage: android.os.profiling.anomaly.flags is mapped to com.android.profiling
10-21 17:13:45.923 12543 12543 I AconfigPackage: com.android.os.statsd.flags is mapped to com.android.os.statsd
10-21 17:13:45.924 12543 12543 I AconfigPackage: com.android.rkpd.flags is mapped to com.android.rkpd
10-21 17:13:45.924 12543 12543 I AconfigPackage: com.android.cellbroadcastreceiver.flags is mapped to com.android.cellbroadcast
10-21 17:13:45.924 12543 12543 I AconfigPackage: com.android.adservices.flags is mapped to com.android.adservices
10-21 17:13:45.925 12543 12543 I AconfigPackage: com.android.sdksandbox.flags is mapped to com.android.adservices
10-21 17:13:45.925 12543 12543 I AconfigPackage: com.android.uwb.flags is mapped to com.android.uwb
10-21 17:13:45.925 12543 12543 I AconfigPackage: com.android.ranging.flags is mapped to com.android.uwb
10-21 17:13:45.925 12543 12543 I AconfigPackage: android.graphics.pdf.flags is mapped to com.android.mediaprovider
10-21 17:13:45.925 12543 12543 I AconfigPackage: com.android.providers.media.flags is mapped to com.android.mediaprovider
10-21 17:13:45.925 12543 12543 I AconfigPackage: android.graphics.pdf.flags.readonly is mapped to com.android.mediaprovider
10-21 17:13:45.925 12543 12543 I AconfigPackage: com.android.net.ct.flags is mapped to com.android.tethering
10-21 17:13:45.925 12543 12543 I AconfigPackage: com.android.tethering.mainline.beta is mapped to com.android.tethering
10-21 17:13:45.925 12543 12543 I AconfigPackage: com.android.net.flags is mapped to com.android.tethering
10-21 17:13:45.925 12543 12543 I AconfigPackage: com.android.nearby.flags is mapped to com.android.tethering
10-21 17:13:45.925 12543 12543 I AconfigPackage: android.net.vcn is mapped to com.android.tethering
10-21 17:13:45.926 12543 12543 I AconfigPackage: com.android.tethering.beta.test is mapped to com.android.tethering
10-21 17:13:45.926 12543 12543 I AconfigPackage: android.net.http is mapped to com.android.tethering
10-21 17:13:45.926 12543 12543 I AconfigPackage: com.android.net.thread.flags is mapped to com.android.tethering
10-21 17:13:45.926 12543 12543 I AconfigPackage: com.android.system.virtualmachine.flags is mapped to com.android.virt
10-21 17:13:45.926   767   941 D WifiClientModeImpl[21111:wlan0]:  ClientModeImpl$L2ConnectedState screen=on 1 0 "AndroidWifi" 00:13:10:85:fe:01 rssi=-50 f=2447 sc=83 link=2 tx=2.4, 0.0, 0.0 rx=1.8 bcn=0 [on:0 tx:0 rx:0 period:3110] from screen [on:0 period:101434566] score=83
10-21 17:13:45.926 12543 12543 E FeatureFlagsImplExport: android.os.flagging.AconfigStorageReadException: ERROR_PACKAGE_NOT_FOUND: package android.xr cannot be found on the device
10-21 17:13:45.973     0     0 I input   : Monkey touch as /devices/virtual/input/input32
10-21 17:13:45.934   767   898 D EventHub: No input device configuration file found for device 'Monkey touch'.
10-21 17:13:45.935   767   898 I EventHub: usingClockIoctl=true
10-21 17:13:45.935   767   898 I EventHub: New device: id=32, fd=569, path='/dev/input/event14', name='Monkey touch', classes=TOUCH | TOUCH_MT, configuration='', keyLayout='', keyCharacterMap='', builtinKeyboard=false, 
10-21 17:13:45.935   767   898 I InputReader: Device reconfigured: id=32, name='Monkey touch', size 1080x2400, orientation Rotation0, mode DIRECT, display id 0
10-21 17:13:45.935   767   898 I InputReader: Device added: id=32, eventHubId=32, name='Monkey touch', descriptor='e1fe28b90f915c7d1febbd52c1ef84b3c4cbed9f',sources=TOUCHSCREEN
10-21 17:13:45.950   767   802 D WindowManager: Direct invocation of sendNewConfiguration: Display{#0 state=ON size=1080x2400 ROTATION_0}
10-21 17:13:45.950  1055  1256 W Looper  : Slow delivery took 40ms wmshell.anim app=com.android.systemui main=false group=FOREGROUND h=android.view.Choreographer$FrameHandler c=android.view.Choreographer$FrameDisplayEventReceiver@43c5758 m=0
10-21 17:13:45.951 12543 12543 W Monkey  :  arg: "-p"
10-21 17:13:45.951 12543 12543 W Monkey  :  arg: "com.google.android.contacts"
10-21 17:13:45.951 12543 12543 W Monkey  :  arg: "-c"
10-21 17:13:45.951 12543 12543 W Monkey  :  arg: "android.intent.category.LAUNCHER"
10-21 17:13:45.951 12543 12543 W Monkey  :  arg: "1"
10-21 17:13:45.951 12543 12543 W Monkey  : data="com.google.android.contacts"
10-21 17:13:45.951 12543 12543 W Monkey  : data="android.intent.category.LAUNCHER"
10-21 17:13:45.952   767   802 W libbinder.IPCThreadState: Sending oneway calls to frozen process.
10-21 17:13:45.959 11311 11311 I DialerMainFragmentIntentListener: com.android.dialer.modernizedmain.impl.service.MainFragmentIntentListener.handleIntent:37 enter
10-21 17:13:45.960  1197  1197 D b/417220811: invalidateLoadedTasks - previous requestLoadId: -1
10-21 17:13:45.960 11311 11311 I DialerModernizedMainActivityPeerDelegate: com.android.dialer.modernizedmain.impl.ui.ModernizedMainActivityPeerDelegate.onResume:226 registered GrowthKit and HaTS callbacks
10-21 17:13:45.961   767  1000 D BackgroundInstallControlService: Package event received: 0
10-21 17:13:45.961 11311 11311 I DialerModernizedMainFragmentPeer: com.android.dialer.modernizedmain.impl.ui.ModernizedMainFragmentPeer.onResume:423 enter
10-21 17:13:45.962  1055  1256 W Looper  : Drained
10-21 17:13:45.964 11311 11311 I DialerAndroidxActivityEmbeddingApi: com.android.dialer.largescreensupport.activityembedding.AndroidxActivityEmbeddingApi$splitInfoList$$inlined$map$1$2.emit:29 splitInfoList: []
10-21 17:13:45.964 11311 11311 I DialerCallLogFragmentPeer: com.android.dialer.calllog.ui.CallLogFragmentPeer.onResume:649 isHidden = false
10-21 17:13:45.964 11311 11311 I DialerCallLogFragmentPeer: com.android.dialer.calllog.ui.CallLogFragmentPeer.startUpdateTimer:1360 start update timer
10-21 17:13:45.965 11311 11311 I DialerCallLogFragmentDataService: com.android.dialer.calllog.dataservice.CallLogFragmentDataService.forceRefreshUi:98 forceRefreshUi
10-21 17:13:45.970   767  2053 W ActivityManager: registerReceiverWithFeature: no app for null
10-21 17:13:45.971 11311 11343 I DialerAnnotatedCallLogRefreshStarterImpl: com.android.dialer.calllog.refresh.impl.AnnotatedCallLogRefreshStarterImpl.refreshWithDirtyCheck:41 refreshWithDirtyCheck
10-21 17:13:45.972 11311 11343 I DialerDialerDatabaseHelper: com.android.dialer.database.DialerDatabaseHelper.updateSmartDialDatabase:790 forceUpdate
10-21 17:13:45.975 11311 11340 I GFXSTREAM: [eglDisplay.cpp(297)] Opening libGLESv1_CM_emulation.so
10-21 17:13:45.975 11311 11332 W DialerPostCallDao: com.android.dialer.postcall.impl.storage.PostCallDao.isPostCall:82 received null call connect time, returning false [CONTEXT disable_client_error_logging=true ]
10-21 17:13:45.975 11311 11332 I DialerRttConfigurationLoaderImpl: com.android.dialer.rtt.settings.impl.configuration.RttConfigurationLoaderImpl.load:73 Load RTT configuration without optimizing
10-21 17:13:45.975 11311 11332 I DialerAnnotatedCallLogRefreshRequestRegulator: com.android.dialer.calllog.refresh.impl.AnnotatedCallLogRefreshRequestRegulator.throttleInternalSequentially:105 throttle sequentially
10-21 17:13:45.975 11311 11340 I GFXSTREAM: [eglDisplay.cpp(297)] Opening libGLESv2_emulation.so
10-21 17:13:45.975 11311 11332 I DialerAnnotatedCallLogRefreshRequestRegulator: com.android.dialer.calllog.refresh.impl.AnnotatedCallLogRefreshRequestRegulator.throttleInternalSequentially:136 start refreshing, checkDirty=true
10-21 17:13:45.975 11311 11332 I DialerRefreshAnnotatedCallLogWorker: com.android.dialer.calllog.refresh.impl.RefreshAnnotatedCallLogWorker.refresh:155 submitting serialized refresh request
10-21 17:13:45.976 11311 11343 I DialerDialerDatabaseHelper: com.android.dialer.database.DialerDatabaseHelper.updateSmartDialDatabase:805 last updated at 1761038010123
10-21 17:13:45.991 11311 11340 W HWUI    : Failed to initialize 101010-2 format, error = EGL_SUCCESS
10-21 17:13:46.004   767  1000 D BackgroundInstallControlService: Package event received: 0
10-21 17:13:46.004   767  1000 D BackgroundInstallControlService: Package event received: 0
10-21 17:13:46.004   767  1000 D BackgroundInstallControlService: Package event received: 0
10-21 17:13:46.004   767  1000 D BackgroundInstallControlService: Package event received: 0
10-21 17:13:46.006  1643  1643 D BoundBrokerSvc: onUnbind: Intent { act=com.google.android.gms.potokens.service.START dat=chimera-action:/... xflg=0x4 cmp=com.google.android.gms/.chimera.GmsApiService }
10-21 17:13:46.016 11311 11333 I DialerCallerIdFeedbackPhoneLookupContributor: com.android.dialer.calleridfeedback.impl.phonelookup.CallerIdFeedbackPhoneLookupContributor.isDirty:70 Read lastLookupTimestamp:1761038010278
10-21 17:13:46.017 11311 11333 I DialerDataStoreReverseLookupSettings: com.android.dialer.reverselookup.settings.DataStoreReverseLookupSettings.isAapmEnabledByUser:185 Darpa is present
10-21 17:13:46.024 11311 11342 I DialerSystemCallLogDataSource: com.android.dialer.calllog.datasources.systemcalllog.SystemCallLogDataSource.isDirty:174 no max timestamp processed
10-21 17:13:46.031 12029 12246 I HWUI    : Davey! duration=1616ms; Flags=1, FrameTimelineVsyncId=76138, IntendedVsync=92784996592277, Vsync=92785479925591, InputEventId=0, HandleInputStart=92785493255449, AnimationStart=92785493256283, PerformTraversalsStart=92785514362299, DrawStart=92785590448230, FrameDeadline=92785013258943, FrameStartTime=92785493042463, FrameInterval=16666666, WorkloadTarget=16666666, SyncQueued=92785679722237, SyncStart=92785680036694, IssueDrawCommandsStart=92785689537319, SwapBuffers=92786437867457, FrameCompleted=92786613450332, DequeueBufferDuration=7233283, QueueBufferDuration=5663575, GpuCompleted=92786610466606, SwapBuffersCompleted=92786613450332, DisplayPresentTime=0, CommandSubmissionCompleted=92786437867457, 
10-21 17:13:46.032 11311 11332 I DialerRefreshAnnotatedCallLogWorker: com.android.dialer.calllog.refresh.impl.RefreshAnnotatedCallLogWorker.checkDirtyAndRebuildIfNecessary:183 isDirty: true
10-21 17:13:46.040   767  1153 W ActivityTaskManager: callingPackage for (uid=0, pid=12543) has no WPC
10-21 17:13:46.047   767  1153 V WindowManager: DesktopModeLaunchParamsModifier: phase= 0 task=null activity=null display-area-from-current-params=null display-area-from-default-fallback=DefaultTaskDisplayArea@155435942 display-id=0 task-display-area-windowing-mode=1 suggested-display-area=DefaultTaskDisplayArea@155435942 task null, skipping
10-21 17:13:46.051 11311 11332 I DialerRefreshAnnotatedCallLogWorker: com.android.dialer.calllog.refresh.impl.RefreshAnnotatedCallLogWorker.rebuild:217 filling systemCallLogDataSource
10-21 17:13:46.052 11311 11333 I DialerSystemCallLogDataSource: com.android.dialer.calllog.datasources.systemcalllog.SystemCallLogDataSource.fill:254 found 0 existing annotated call log ids
10-21 17:13:46.071  1730  1730 W AiAiVC  : Unexpected capture event type: 11
10-21 17:13:46.073   767  1153 V WindowManager: TaskLaunchParamsModifier:phase=0 task=null activity=null display-area-from-current-params=null display-area-from-default-fallback=DefaultTaskDisplayArea@155435942 display-id=0 task-display-area-windowing-mode=1 suggested-display-area=DefaultTaskDisplayArea@155435942
10-21 17:13:46.079   767  1153 V GrammaticalInflectionUtils: AttributionSource: AttributionSource { uid = 10155, packageName = null, attributionTag = null, token = android.os.Binder@b9d83fb, deviceId = 0, next = null } does not have READ_SYSTEM_GRAMMATICAL_GENDER permission.
10-21 17:13:46.085   767  1153 V WindowManager: DesktopModeLaunchParamsModifier: phase= 0 task=null activity=ActivityRecord{116214567 u0 com.google.android.contacts/com.android.contacts.activities.PeopleActivity display-area-from-current-params=null display-area-for-record=DefaultTaskDisplayArea@155435942 display-id=0 task-display-area-windowing-mode=1 suggested-display-area=DefaultTaskDisplayArea@155435942 task null, skipping
10-21 17:13:46.086   767  1153 V WindowManager: TaskLaunchParamsModifier:phase=0 task=null activity=ActivityRecord{116214567 u0 com.google.android.contacts/com.android.contacts.activities.PeopleActivity t-1} display-area-from-current-params=null display-area-for-record=DefaultTaskDisplayArea@155435942 display-id=0 task-display-area-windowing-mode=1 suggested-display-area=DefaultTaskDisplayArea@155435942
10-21 17:13:46.086   767  1153 V WindowManager: DesktopModeLaunchParamsModifier: phase= 3 task=Task{5a365e4 #46 type=standard I=com.google.android.contacts/com.android.contacts.activities.PeopleActivity} activity=ActivityRecord{116214567 u0 com.google.android.contacts/com.android.contacts.activities.PeopleActivity t-1} display-from-task=0 display-id=0 task-display-area-windowing-mode=1 suggested-display-area=DefaultTaskDisplayArea@155435942 not entering desktop mode, skipping
10-21 17:13:46.086   767  1153 V WindowManager: TaskLaunchParamsModifier:phase=3 task=Task{5a365e4 #46 type=standard I=com.google.android.contacts/com.android.contacts.activities.PeopleActivity} activity=ActivityRecord{116214567 u0 com.google.android.contacts/com.android.contacts.activities.PeopleActivity t-1} display-from-task=0 display-id=0 task-display-area-windowing-mode=1 suggested-display-area=DefaultTaskDisplayArea@155435942 inherit-from-task=fullscreen non-freeform-task-display-area display-area=DefaultTaskDisplayArea@155435942 skip-bounds-fullscreen
10-21 17:13:46.086   767  1153 V WindowManager: DesktopModeLaunchParamsModifier: phase= 3 task=Task{5a365e4 #46 type=standard I=com.google.android.contacts/com.android.contacts.activities.PeopleActivity} activity=ActivityRecord{116214567 u0 com.google.android.contacts/com.android.contacts.activities.PeopleActivity t-1} display-from-task=0 display-id=0 task-display-area-windowing-mode=1 suggested-display-area=DefaultTaskDisplayArea@155435942 not entering desktop mode, skipping
10-21 17:13:46.086   767  1153 V WindowManager: TaskLaunchParamsModifier:phase=3 task=Task{5a365e4 #46 type=standard I=com.google.android.contacts/com.android.contacts.activities.PeopleActivity} activity=ActivityRecord{116214567 u0 com.google.android.contacts/com.android.contacts.activities.PeopleActivity t-1} display-from-task=0 display-id=0 task-display-area-windowing-mode=1 suggested-display-area=DefaultTaskDisplayArea@155435942 inherit-from-task=fullscreen non-freeform-task-display-area display-area=DefaultTaskDisplayArea@155435942 skip-bounds-fullscreen
10-21 17:13:46.087   767   857 W ActivityManager: Unable to start service Intent { act=com.google.android.apps.tachyon.services.CLIENT_API xflg=0x4 pkg=com.google.android.apps.tachyon } U=0: not found
10-21 17:13:46.088   582   658 I libbinder.BpBinder: onLastStrongRef automatically unlinking death recipients for descriptor: '(not cached)'
10-21 17:13:46.091   767  1153 I ActivityTaskManager: START u0 {act=android.intent.action.MAIN cat=[android.intent.category.LAUNCHER] flg=0x10200000 cmp=com.google.android.contacts/com.android.contacts.activities.PeopleActivity} with LAUNCH_SINGLE_TOP from uid 0 (BAL_ALLOW_ALLOWLISTED_UID) result code=2
10-21 17:13:46.092 12543 12543 I Monkey  : Events injected: 1
10-21 17:13:46.095  1055  1178 D WindowManagerShell: onActivityRestartAttempt: topActivity=ComponentInfo{com.google.android.contacts/com.google.android.apps.contacts.activities.PeopleActivity}, wasVisible=false
10-21 17:13:46.095  1197  1197 D b/417220811: invalidateLoadedTasks - previous requestLoadId: -1
10-21 17:13:46.096 12543 12543 I Monkey  : ## Network stats: elapsed time=77ms (0ms mobile, 0ms wifi, 77ms not connected)
10-21 17:13:46.097 12543 12543 I app_process: System.exit called, status: 0
10-21 17:13:46.097 12543 12543 I AndroidRuntime: VM exiting with result code 0.
10-21 17:13:46.097  1055  1178 V WindowManagerShell: Transition requested (#30): android.os.BinderProxy@c30ec3 TransitionRequestInfo { type = OPEN, triggerTask = TaskInfo{userId=0 taskId=46 effectiveUid=10155 displayId=0 isRunning=true baseIntent=Intent { act=android.intent.action.MAIN cat=[android.intent.category.LAUNCHER] flg=0x10200000 cmp=com.google.android.contacts/com.android.contacts.activities.PeopleActivity } baseActivity=ComponentInfo{com.google.android.contacts/com.google.android.apps.contacts.activities.PeopleActivity} topActivity=ComponentInfo{com.google.android.contacts/com.google.android.apps.contacts.activities.PeopleActivity} origActivity=ComponentInfo{com.google.android.contacts/com.android.contacts.activities.PeopleActivity} realActivity=ComponentInfo{com.google.android.contacts/com.google.android.apps.contacts.activities.PeopleActivity} numActivities=1 lastActiveTime=92773621 supportsMultiWindow=true resizeMode=1 isResizeable=true minWidth=-1 minHeight=-1 defaultMinSize=220 token=WCT{android.os.BinderProxy@58c6c47} topActivityType=1 pictureInPictureParams=null shouldDockBigOverlays=false launchIntoPipHostTaskId=-1 lastParentTaskIdBeforePip=-1 displayCutoutSafeInsets=Rect(0, 0 - 0, 0) topActivityInfo=ActivityInfo{f5ee340 com.android.contacts.activities.PeopleActivity} launchCookies=[] positionInParent=Point(0, 0) parentTaskId=-1 isFocused=false isVisible=false isVisibleRequested=false isTopActivityNoDisplay=false isSleeping=false locusId=null displayAreaFeatureId=1 isTopActivityTransparent=false isActivityStackTransparent=false lastNonFullscreenBounds=null capturedLink=null capturedLinkTimestamp=0 requestedVisibleTypes=503 topActivityRequestOpenInBrowserEducationTimestamp=0 appCompatTaskInfo=AppCompatTaskInfo { topActivityInSizeCompat=false isLeafTask= true eligibleForLetterboxEducation= false isLetterboxEducationEnabled= true isLetterboxDoubleTapEnabled= false eligibleForUserAspectRatioButton= false topActivityBoundsLetterboxed= false isFromLetterboxDoubleTap= false topActivityLetterboxVerticalPosition= -1 topActivityLetterboxHorizontalPosition= -1 topActivityLetterboxWidth=-1 topActivityLetterboxHeight=-1 topActivityAppBounds=Rect(0, 0 - 1080, 2400) isUserFullscreenOverrideEnabled=false isSystemFullscreenOverrideEnabled=false hasMinAspectRatioOverride=false topActivityLetterboxBounds=null cameraCompatTaskInfo=CameraCompatTaskInfo { cameraCompatMode=inactiveundefined} topNonResizableActivityAspectRatio=-1.0} topActivityMainWindowFrame=null isAppBubble=false}, pipChange = null, remoteTransition = null, displayChange = null, requestedLocation = null, userChange = null, flags = 0, debugId = 30 }
10-21 17:13:46.097  1055  1178 D ShellSplitScreen: logExit: no-op, mLoggerSessionId is null
10-21 17:13:46.109  1055  1285 V SnapshotDrawerUtils: Drawing snapshot surface sizeMismatch=true
10-21 17:13:46.154   767  1000 D BackgroundInstallControlService: Package event received: 0
10-21 17:13:46.155 11311 11342 I DialerSystemCallLogDataSource: com.android.dialer.calllog.datasources.systemcalllog.SystemCallLogDataSource.handleInsertsAndUpdatesInternal:464 no results for CALL_IN_DIRECT_BOOT_MODE
10-21 17:13:46.158 11311 11334 I DialerSystemCallLogDataSource: com.android.dialer.calllog.datasources.systemcalllog.SystemCallLogDataSource.handleInsertsAndUpdatesInternal:464 no results for REGULAR_CALL
10-21 17:13:46.165 11311 11334 I DialerSystemCallLogDataSource: com.android.dialer.calllog.datasources.systemcalllog.SystemCallLogDataSource.handleDeletes:750 found 0 call log entries to remove
10-21 17:13:46.168 11311 11332 I DialerRefreshAnnotatedCallLogWorker: com.android.dialer.calllog.refresh.impl.RefreshAnnotatedCallLogWorker.rebuild:233 filling CallLogChangeBroadcaster
10-21 17:13:46.169 11311 11332 I DialerRefreshAnnotatedCallLogWorker: com.android.dialer.calllog.refresh.impl.RefreshAnnotatedCallLogWorker.rebuild:233 filling PhoneLookupDataSource
10-21 17:13:46.173 11311 11343 I DialerDialerDatabaseHelper: com.android.dialer.database.DialerDatabaseHelper.updateSmartDialDatabase:813 Finished removing deleted and corrupted contacts.
10-21 17:13:46.177 11311 11336 I DialerRttDeviceCompatibility: com.android.dialer.rtt.settings.impl.configuration.RttDeviceCompatibility.isIgnoreRttModeFlagSet:72 RTT carrier config ignore_rtt_mode_setting_bool is enabled.
10-21 17:13:46.189   767   898 I EventHub: Removing device Monkey touch due to epoll hang-up event.
10-21 17:13:46.189   767   898 I EventHub: Removed device: path=/dev/input/event14 name=Monkey touch id=32 fd=569 classes=TOUCH | TOUCH_MT
10-21 17:13:46.192 11311 11336 I DialerRttDeviceCompatibility: com.android.dialer.rtt.settings.impl.configuration.RttDeviceCompatibility.isDeviceSupported:54 [RTT] isDeviceSupported: false
10-21 17:13:46.203 11311 11334 I DialerSystemBlockedNumberPhoneLookupContributor: com.android.dialer.phonelookup.blockednumber.SystemBlockedNumberPhoneLookupContributor.getMostRecentInfo:106 getMostRecentInfo
10-21 17:13:46.204 11311 11333 I DialerRttConfigurationLoaderImpl: com.android.dialer.rtt.settings.impl.configuration.RttConfigurationLoaderImpl.internalLoad:91 Is device supported for RTT: false
10-21 17:13:46.212   767   898 I EventHub: Removing device '/dev/input/event14' due to inotify event
10-21 17:13:46.212   767   898 I InputReader: Device removed: id=32, eventHubId=32, name='Monkey touch', descriptor='e1fe28b90f915c7d1febbd52c1ef84b3c4cbed9f', sources=TOUCHSCREEN
10-21 17:13:46.226 12029 12029 I Choreographer: Skipped 80 frames!  The application may be doing too much work on its main thread.
10-21 17:13:46.264 11311 11343 I DialerDialerDatabaseHelper: com.android.dialer.database.DialerDatabaseHelper.updateSmartDialDatabase:845 Finished removing entries belonging to updated contacts.
10-21 17:13:46.265 11311 11332 I DialerDataStoreReverseLookupSettings: com.android.dialer.reverselookup.settings.DataStoreReverseLookupSettings.isAapmEnabledByUser:185 Darpa is present
10-21 17:13:46.274 11311 11334 I DialerLegacyCountryDetector: com.android.dialer.location.LegacyCountryDetector.getCurrentCountryIso:98 returning Redacted-2-chars
10-21 17:13:46.285  1055  1256 W Looper  : Slow delivery took 41ms wmshell.anim app=com.android.systemui main=false group=FOREGROUND h=android.view.Choreographer$FrameHandler c=android.view.Choreographer$FrameDisplayEventReceiver@43c5758 m=0
10-21 17:13:46.286   767   802 W libbinder.IPCThreadState: Sending oneway calls to frozen process.
10-21 17:13:46.289  1197  1197 D TouchInteractionService: disposeEventHandlers: Reason: Initializing input monitor due to: onTrackpadConnected() instance=177253505
10-21 17:13:46.289   767   802 W PermissionService: getPermissionFlags: Unknown user -1
10-21 17:13:46.289   767   802 W PermissionService: getPermissionFlags: Unknown user -1
10-21 17:13:46.289   767   897 W InputDispatcher: channel '[Gesture Monitor] swipe-up' ~ Consumer closed input channel or an error occurred.  events=0x9
10-21 17:13:46.289   767   897 E InputDispatcher: channel '[Gesture Monitor] swipe-up' ~ Channel is unrecoverably broken and will be disposed!
10-21 17:13:46.290  1197  1197 D InputMonitorCompat: Input event receiver for monitor (swipe-up-disp0) disposed
10-21 17:13:46.290  1197  1197 D InputMonitorCompat: Input monitor (swipe-up-disp0) disposed
10-21 17:13:46.291  1197  1197 D InputMonitorCompat: Input monitor (swipe-up-disp0) created
10-21 17:13:46.291  1197  1197 D InputMonitorCompat: Input event receiver for monitor (swipe-up-disp0) created
10-21 17:13:46.294   767   949 D ConnectivityService: NetReassign [no changes] [c 11] [a 5] [i 7]
10-21 17:13:46.294  1055  1256 W Looper  : Drained
10-21 17:13:46.304  1055  1055 D NavigationModeController: getCurrentUserContext: contextUser=0 currentUser=0
10-21 17:13:46.317 11311 11343 I DialerDialerDatabaseHelper: com.android.dialer.database.DialerDatabaseHelper.updateSmartDialDatabase:873 Finished building the smart dial table.
10-21 17:13:46.318 11311 11343 I DialerDialerDatabaseHelper: com.android.dialer.database.DialerDatabaseHelper.updateSmartDialDatabase:895 Finished querying the smart dial table for contact names.
10-21 17:13:46.319 11311 11343 I DialerDialerDatabaseHelper: com.android.dialer.database.DialerDatabaseHelper.updateSmartDialDatabase:950 Finished recreating index.
10-21 17:13:46.319 11311 11343 I DialerDialerDatabaseHelper: com.android.dialer.database.DialerDatabaseHelper.updateSmartDialDatabase:956 Finished updating index stats.
10-21 17:13:46.320 11311 11343 I DialerDialerDatabaseHelper: com.android.dialer.database.DialerDatabaseHelper.updateSmartDialDatabase:962 broadcasting smart dial update
10-21 17:13:46.327 11311 11333 I DialerFixedDialingNumberPhoneLookupContributor: com.android.dialer.fixeddialingnumber.impl.phonelookup.FixedDialingNumberPhoneLookupContributor.getFdnListFromUri:242 empty cursor
10-21 17:13:46.331 12029 12246 I HWUI    : Davey! duration=1415ms; Flags=0, FrameTimelineVsyncId=76731, IntendedVsync=92785496592257, Vsync=92786829925537, InputEventId=0, HandleInputStart=92786846758561, AnimationStart=92786846759787, PerformTraversalsStart=92786848056730, DrawStart=92786849107421, FrameDeadline=92786629925545, FrameStartTime=92786846465620, FrameInterval=16666666, WorkloadTarget=16666666, SyncQueued=92786849223055, SyncStart=92786861753038, IssueDrawCommandsStart=92786863060438, SwapBuffers=92786872847283, FrameCompleted=92786925038232, DequeueBufferDuration=4995244, QueueBufferDuration=240335, GpuCompleted=92786919940080, SwapBuffersCompleted=92786925038232, DisplayPresentTime=0, CommandSubmissionCompleted=92786872847283, 
10-21 17:13:46.332 11311 11333 I DialerRefreshAnnotatedCallLogWorker: com.android.dialer.calllog.refresh.impl.RefreshAnnotatedCallLogWorker.rebuild:233 filling VoicemailDataSource
10-21 17:13:46.333 11311 11333 I DialerRefreshAnnotatedCallLogWorker: com.android.dialer.calllog.refresh.impl.RefreshAnnotatedCallLogWorker.rebuild:233 filling SpamCallDataSource
10-21 17:13:46.333 11311 11333 I DialerSpamCallDataSource: com.android.dialer.spam.calllog.SpamCallDataSource.fill:93 fill
10-21 17:13:46.333 11311 11333 I DialerSpamCallDataSource: com.android.dialer.spam.calllog.SpamCallDataSource.handleInserts:99 handleInserts
10-21 17:13:46.338 11311 11343 I DialerCompositeSpam: com.android.dialer.spam.composite.CompositeSpam.batchDeleteCallSpamStatus:265 deleted 0 rows
10-21 17:13:46.338 11311 11332 I DialerRefreshAnnotatedCallLogWorker: com.android.dialer.calllog.refresh.impl.RefreshAnnotatedCallLogWorker.rebuild:233 filling CallingNetworksDataSource
10-21 17:13:46.339 11311 11332 I DialerCallingNetworksStorage: com.android.dialer.callingnetworks.impl.CallingNetworksStorage.deleteAllMatching:306 Nothing to delete
10-21 17:13:46.353 11311 11333 I DialerRefreshAnnotatedCallLogWorker: com.android.dialer.calllog.refresh.impl.RefreshAnnotatedCallLogWorker.rebuild:233 filling CallRecordingDataSource
10-21 17:13:46.353 11311 11333 I DialerCallRecordingDataSource: com.android.dialer.callrecording.impl.calllog.CallRecordingDataSource.fill:109 enter
10-21 17:13:46.353 11311 11333 I DialerCallRecordingDataSource: com.android.dialer.callrecording.impl.calllog.CallRecordingDataSource.handleInsertsAndUpdatesFromAnnotatedCallLog:124 enter
10-21 17:13:46.357 11311 11332 I DialerCallRecordingDataSourceStatusService: com.android.dialer.callrecording.impl.calllog.CallRecordingDataSourceStatusService.getTimestampOfLastSyncedCallRecordingInfoMillis:100 lastSyncedCallRecordingInfoTimestamp 0
10-21 17:13:46.357 11311 11343 I DialerCallRecordingDataSource: com.android.dialer.callrecording.impl.calllog.CallRecordingDataSource.getAnnotatedCallLogIdsToCallRecordingInfoMap:364 lastSyncedCallRecordingInfoTimestamp 0
10-21 17:13:46.359   767  1000 D BackgroundInstallControlService: Package event received: 0
10-21 17:13:46.368 11311 11332 I DialerCallRecordingDataSource: com.android.dialer.callrecording.impl.calllog.CallRecordingDataSource.handleDeletesFromAnnotatedCallLog:148 enter
10-21 17:13:46.375 11311 11332 I DialerCallRecordingInfoStorageAsyncSqlite: com.android.dialer.callrecording.impl.storage.CallRecordingInfoStorageAsyncSqlite.deleteCallLogInitiated:501 enter
10-21 17:13:46.375 11311 11332 I DialerCallRecordingDataSource: com.android.dialer.callrecording.impl.calllog.CallRecordingDataSource.addDeleteUpdatesFromCallRecordingInitiatedDeletes:192 enter
10-21 17:13:46.380 11311 11333 I DialerRefreshAnnotatedCallLogWorker: com.android.dialer.calllog.refresh.impl.RefreshAnnotatedCallLogWorker.rebuild:248 applying mutations
10-21 17:13:46.384  1055  1178 V WindowManagerShell: Transition animation finished (aborted=false), notifying core (#29) android.os.BinderProxy@4ce4a3f@0
10-21 17:13:46.391 11311 11333 I DialerRefreshAnnotatedCallLogWorker: com.android.dialer.calllog.refresh.impl.RefreshAnnotatedCallLogWorker.rebuild:266 coalescing call history
10-21 17:13:46.391 11311 11333 I DialerRefreshAnnotatedCallLogWorker: com.android.dialer.calllog.refresh.impl.RefreshAnnotatedCallLogWorker.rebuild:279 coalescing conversation history
10-21 17:13:46.393   767   799 V WindowManager: Finish Transition (#29): created at 10-21 17:13:45.312 collect-started=0.108ms request-sent=7.367ms started=10.745ms ready=513.222ms sent=518.074ms commit=31.757ms finished=1080.923ms
10-21 17:13:46.402 11311 11333 I DialerCallRecordingDataSource: com.android.dialer.callrecording.impl.calllog.CallRecordingDataSource.onSuccessfulFill:232 enter
10-21 17:13:46.403 11311 11333 I DialerCoalescedRowsDao: com.android.dialer.calllog.coalescer.CoalescedRowsDao.saveToFileForAllCallsInConversationHistory:185 saveToFileForAllCallsInConversationHistory
10-21 17:13:46.403 11311 11333 I DialerCoalescedRowsUpdatedNotifier: com.android.dialer.calllog.coalescer.CoalescedRowsUpdatedNotifier.notifyForConversationHistory:53 notifyForConversationHistory
10-21 17:13:46.403 11311 11334 I DialerSystemCallLogDataSource: com.android.dialer.calllog.datasources.systemcalllog.SystemCallLogDataSource.onSuccessfulFillInternal:379 on successful fill with maxTimestampProcessed: null
10-21 17:13:46.405 11311 11333 I DialerCoalescedRowsDao: com.android.dialer.calllog.coalescer.CoalescedRowsDao.saveToFileForAllCalls:138 saveToFileForAllCalls
10-21 17:13:46.405 11311 11333 I DialerCoalescedRowsDao: com.android.dialer.calllog.coalescer.CoalescedRowsDao.saveToFileForMissedCalls:161 saveToFileForMissedCalls
10-21 17:13:46.405 11311 11333 I DialerRefreshAnnotatedCallLogWorker: com.android.dialer.calllog.refresh.impl.RefreshAnnotatedCallLogWorker.rebuild:293 coalesced row updated
10-21 17:13:46.406 11311 11333 I DialerCoalescedRowsDao: com.android.dialer.calllog.coalescer.CoalescedRowsDao.saveToFileForAllCallsInConversationHistory:210 Finished saving coalesced rows for conversation history.
10-21 17:13:46.409 11311 11334 I DialerCoalescedRowsDao: com.android.dialer.calllog.coalescer.CoalescedRowsDao.save:245 start writing coalesced_rows_for_all_calls
10-21 17:13:46.409 11311 11334 I DialerCoalescedRowsDao: com.android.dialer.calllog.coalescer.CoalescedRowsDao.save:250 finished writing coalesced_rows_for_all_calls
10-21 17:13:46.410 11311 11334 I DialerCoalescedRowsDao: com.android.dialer.calllog.coalescer.CoalescedRowsDao.save:245 start writing coalesced_rows_for_missed_calls
10-21 17:13:46.410 11311 11334 I DialerCoalescedRowsDao: com.android.dialer.calllog.coalescer.CoalescedRowsDao.save:250 finished writing coalesced_rows_for_missed_calls
10-21 17:13:46.410 11311 11334 I DialerCallerIdFeedbackPhoneLookupContributor: com.android.dialer.calleridfeedback.impl.phonelookup.CallerIdFeedbackPhoneLookupContributor.onSuccessfulBulkUpdate:130 Writing timestampOfLastCallerIdFeedbackLookup : 1761038026260
10-21 17:13:46.412 11311 11328 I DialerSystemCallLogUpdater: com.android.dialer.calllog.refresh.impl.SystemCallLogUpdater.getCallTypeUpdates:199 There are no system call log mutations
10-21 17:13:46.413  1055  1178 V WindowManagerShell: Track 0 became idle
10-21 17:13:46.413  1055  1178 W Looper  : Slow dispatch took 30ms wmshell.main app=com.android.systemui main=false group=FOREGROUND h=android.os.Handler c=com.android.wm.shell.transition.DefaultSurfaceAnimator$$ExternalSyntheticLambda0@270bd35 m=0
10-21 17:13:46.430 12029 12029 D VRI[Shell$HomeActivity]: visibilityChanged oldVisibility=true newVisibility=false
10-21 17:13:46.453 11311 11333 I DialerLogcatLoggingBindings: com.android.dialer.logging.logcat.LogcatLoggingBindings.logImpression:47 Impression: ANNOTATED_CALL_LOG_NO_CHANGES_NEEDED
10-21 17:13:46.479  1379 12234 I DiscoveryManager: Filter criteria(233637DE) scannerFlags(0)
10-21 17:13:46.488  1730  1730 W AiAiVC  : Unexpected capture event type: 11
10-21 17:13:46.496  1730  2423 W AiAiEcho: LyftNotificationParser Ridesharing ETA not enabled
10-21 17:13:46.496  1730  2423 I AiAiEcho: SmartspaceNotificationPredictor no parser can handle this notification or notification is invalid
10-21 17:13:46.504  1379 12234 W DatabaseProcessor: processLocalDevices: failed to get the network info with non-null networkId.
10-21 17:13:46.505   767  2053 D FileUtils: Rounded bytes from 2061942784 to 4000000000
10-21 17:13:46.508  1379  1379 I CastMediaRouteProvider: Published 0 routes
10-21 17:13:46.512 12029 12029 W YT.mlplayer: Stayawake OFF
10-21 17:13:46.516 11311 11333 I DialerLoggingConsentCheckerImpl: com.google.android.dialershared.logging.consent.impl.LoggingConsentCheckerImpl.getConsent:72 timer stop with success, timer present: false
10-21 17:13:46.538  1379  2297 I libbinder.IPCThreadState: oneway function results for code 1 on binder at 0x75a089c4ad50 will be dropped but finished with status UNKNOWN_TRANSACTION and reply parcel size 80
10-21 17:13:46.539  1379  2297 I libbinder.IPCThreadState: oneway function results for code 1 on binder at 0x75a089c4ad50 will be dropped but finished with status UNKNOWN_TRANSACTION and reply parcel size 80
10-21 17:13:46.539   767  1000 D BackgroundInstallControlService: Package event received: 0
10-21 17:13:46.587   767  1967 I WifiService: acquireMulticastLock uid=10146 lockTag=MdnsServiceBrowserImpl
10-21 17:13:46.591  1643 12247 D AdvertisingIdClient: AdvertisingIdClient already created.
10-21 17:13:46.592   767   802 W ActivityTaskManager: Activity pause timeout for ActivityRecord{202764099 u0 com.google.android.dialer/.extensions.GoogleDialtactsActivity t45}
10-21 17:13:46.596   767   952 I serviceDiscovery: [MdnsSocketProvider] Start monitoring sockets.
10-21 17:13:46.597   767   952 I TetheringManager: registerTetheringEventCallback caller:android
10-21 17:13:46.602   767   952 I serviceDiscovery: [MdnsDiscoveryManager] Registering listener for serviceType: _googlecast._tcp.local
10-21 17:13:46.603  1154  1327 E ProcfsParsingUtils: failed to read /sys/class/net/wlan0/mtu
10-21 17:13:46.603  1154  1327 E ProcfsParsingUtils: java.nio.file.AccessDeniedException: /sys/class/net/wlan0/mtu
10-21 17:13:46.603  1154  1327 E ProcfsParsingUtils: 	at sun.nio.fs.UnixFileSystemProvider.newByteChannel(UnixFileSystemProvider.java:220)
10-21 17:13:46.603  1154  1327 E ProcfsParsingUtils: 	at java.nio.file.Files.newByteChannel(Files.java:371)
10-21 17:13:46.603  1154  1327 E ProcfsParsingUtils: 	at java.nio.file.Files.newByteChannel(Files.java:422)
10-21 17:13:46.603  1154  1327 E ProcfsParsingUtils: 	at java.nio.file.spi.FileSystemProvider.newInputStream(FileSystemProvider.java:420)
10-21 17:13:46.603  1154  1327 E ProcfsParsingUtils: 	at java.nio.file.Files.newInputStream(Files.java:156)
10-21 17:13:46.603  1154  1327 E ProcfsParsingUtils: 	at java.nio.file.Files.newBufferedReader(Files.java:2844)
10-21 17:13:46.603  1154  1327 E ProcfsParsingUtils: 	at com.android.networkstack.com.android.net.module.util.ProcfsParsingUtils.readFile(ProcfsParsingUtils.java:75)
10-21 17:13:46.603  1154  1327 E ProcfsParsingUtils: 	at com.android.networkstack.com.android.net.module.util.ProcfsParsingUtils.getInterfaceMtu(ProcfsParsingUtils.java:350)
10-21 17:13:46.603  1154  1327 E ProcfsParsingUtils: 	at com.android.networkstack.android.net.apf.ApfFilter$Dependencies.getInterfaceMtu(ApfFilter.java:818)
10-21 17:13:46.603  1154  1327 E ProcfsParsingUtils: 	at com.android.networkstack.android.net.apf.ApfFilter.installNewProgram(ApfFilter.java:3898)
10-21 17:13:46.603  1154  1327 E ProcfsParsingUtils: 	at com.android.networkstack.android.net.apf.ApfFilter.setMulticastFilter(ApfFilter.java:4184)
10-21 17:13:46.603  1154  1327 E ProcfsParsingUtils: 	at com.android.networkstack.android.net.ip.IpClient$RunningState.processMessage(IpClient.java:3894)
10-21 17:13:46.603  1154  1327 E ProcfsParsingUtils: 	at com.android.networkstack.com.android.internal.util.StateMachine$SmHandler.processMsg(StateMachine.java:1007)
10-21 17:13:46.603  1154  1327 E ProcfsParsingUtils: 	at com.android.networkstack.com.android.internal.util.StateMachine$SmHandler.handleMessage(StateMachine.java:820)
10-21 17:13:46.603  1154  1327 E ProcfsParsingUtils: 	at android.os.Handler.dispatchMessage(Handler.java:132)
10-21 17:13:46.603  1154  1327 E ProcfsParsingUtils: 	at android.os.Looper.dispatchMessage(Looper.java:333)
10-21 17:13:46.603  1154  1327 E ProcfsParsingUtils: 	at android.os.Looper.loopOnce(Looper.java:263)
10-21 17:13:46.603  1154  1327 E ProcfsParsingUtils: 	at android.os.Looper.loop(Looper.java:367)
10-21 17:13:46.603  1154  1327 E ProcfsParsingUtils: 	at android.os.HandlerThread.run(HandlerThread.java:139)
10-21 17:13:46.592  1154  1154 W IpClient.wlan0: type=1400 audit(0.0:161): avc:  denied  { search } for  name="net" dev="sysfs" ino=4782 scontext=u:r:network_stack:s0 tcontext=u:object_r:sysfs_net:s0 tclass=dir permissive=0
10-21 17:13:46.609   767   952 I serviceDiscovery: [MdnsDiscoveryManager] Registering listener for serviceType: _googlecast._tcp.local
10-21 17:13:46.610   767   949 D ConnectivityService: NetReassign [no changes] [c 1] [a 1] [i 11]
10-21 17:13:46.721  1154  1327 D IpClient.wlan0: set max DTIM multiplier to 1
10-21 17:13:46.729  1055  1064 V WindowManagerShell: onTransitionReady(transaction=3294239918443)
10-21 17:13:46.739  1055  1178 V WindowManagerShell: onTransitionReady (#30) android.os.BinderProxy@c30ec3: {id=30 t=OPEN f=0x0 trk=1 r=[0@Point(0, 0)] c=[
10-21 17:13:46.739  1055  1178 V WindowManagerShell:         {m=TO_FRONT f=MOVE_TO_TOP leash=Surface(name=Task=46#184)/@0xfa4e5ca sb=Rect(0, 0 - 1080, 2400) eb=Rect(0, 0 - 1080, 2400) epz=Point(1080, 2400) d=0 taskParent=-1 winMode=1 userId=0},
10-21 17:13:46.739  1055  1178 V WindowManagerShell:         {m=TO_BACK f=NONE leash=Surface(name=Task=45#167)/@0xb75933b sb=Rect(0, 0 - 1080, 2400) eb=Rect(0, 0 - 1080, 2400) epz=Point(1080, 2400) d=0 taskParent=-1 winMode=1 userId=0}
10-21 17:13:46.739  1055  1178 V WindowManagerShell:     ]}
10-21 17:13:46.741  1055  1178 V WindowManagerShell: Playing animation for (#30) android.os.BinderProxy@c30ec3@1
10-21 17:13:46.742 11311 12012 I HWUI    : Davey! duration=868ms; Flags=1, FrameTimelineVsyncId=77002, IntendedVsync=92786463258885, Vsync=92786579925547, InputEventId=0, HandleInputStart=92786586452133, AnimationStart=92786586453136, PerformTraversalsStart=92786586453333, DrawStart=92786647709238, FrameDeadline=92786479925551, FrameStartTime=92786586236266, FrameInterval=16666666, WorkloadTarget=16666666, SyncQueued=92786757053604, SyncStart=92786757962875, IssueDrawCommandsStart=92786760582967, SwapBuffers=92787146199098, FrameCompleted=92787332922707, DequeueBufferDuration=18206, QueueBufferDuration=3829763, GpuCompleted=92787332922707, SwapBuffersCompleted=92787330254992, DisplayPresentTime=0, CommandSubmissionCompleted=92787146199098, 
10-21 17:13:46.747  1055  1178 V ShellRecents: RecentsTransitionHandler.startAnimation: no controller found
10-21 17:13:46.747  1055  1178 V WindowManagerShell: Transition doesn't have explicit remote, search filters for match for {id=30 t=OPEN f=0x0 trk=1 r=[0@Point(0, 0)] c=[{m=TO_FRONT f=MOVE_TO_TOP leash=Surface(name=Task=46#184)/@0xfa4e5ca sb=Rect(0, 0 - 1080, 2400) eb=Rect(0, 0 - 1080, 2400) epz=Point(1080, 2400) d=0 taskParent=-1 winMode=1 userId=0},{m=TO_BACK f=NONE leash=Surface(name=Task=45#167)/@0xb75933b sb=Rect(0, 0 - 1080, 2400) eb=Rect(0, 0 - 1080, 2400) epz=Point(1080, 2400) d=0 taskParent=-1 winMode=1 userId=0}]}
10-21 17:13:46.747  1055  1178 V WindowManagerShell:  Checking filter Pair{{types=[] flags=0x0] notFlags=0x0 checks=[{atype=undefined independent=true modes=[CLOSE,TO_BACK] flags=IN_TASK_WITH_EMBEDDED_ACTIVITY mustBeTask=false order=ANY topActivity=null launchCookie=null taskFragmentToken=android.os.BinderProxy@ec792c6 windowingMode=undefined}]} RemoteTransition { remoteTransition = android.window.IRemoteTransition$Stub$Proxy@4d60287, appThread = android.app.IApplicationThread$Stub$Proxy@f4e65b4, debugName = overlayBackTransition }}
10-21 17:13:46.747  1055  1178 V WindowManagerShell:  Checking filter Pair{{types=[] flags=0x0] notFlags=0x0 checks=[{atype=dream independent=true modes=[OPEN,TO_FRONT] flags=NONE mustBeTask=false order=ANY topActivity=null launchCookie=null windowingMode=undefined},{atype=home independent=true modes=[CLOSE,TO_BACK] flags=NONE mustBeTask=false order=ANY topActivity=null launchCookie=null windowingMode=undefined}]} RemoteTransition { remoteTransition = android.window.IRemoteTransition$Stub$Proxy@49655dd, appThread = android.app.IApplicationThread$Stub$Proxy@81a1552, debugName = LauncherToDream }}
10-21 17:13:46.747  1055  1178 V WindowManagerShell:  Checking filter Pair{{types=[] flags=0x0] notFlags=0x100 checks=[{atype=home independent=true modes=[OPEN,TO_FRONT] flags=NONE mustBeTask=false order=TOP topActivity=ComponentInfo{com.google.android.apps.nexuslauncher/com.google.android.apps.nexuslauncher.NexusLauncherActivity} launchCookie=null windowingMode=undefined},{atype=standard independent=true modes=[CLOSE,TO_BACK] flags=NONE mustBeTask=false order=ANY topActivity=null launchCookie=null windowingMode=undefined},{NOT atype=undefined independent=true modes=[] flags=NONE mustBeTask=true order=ANY topActivity=null launchCookie=null customAnim=true windowingMode=undefined}]} RemoteTransition { remoteTransition = android.window.IRemoteTransition$Stub$Proxy@5064023, appThread = android.app.IApplicationThread$Stub$Proxy@9462920, debugName = QuickstepLaunchHome }}
10-21 17:13:46.747  1055  1178 V WindowManagerShell:  Delegate animation for (#30) to null
10-21 17:13:46.748  1055  1178 V WindowManagerShell: start default transition animation, info = {id=30 t=OPEN f=0x0 trk=1 r=[0@Point(0, 0)] c=[{m=TO_FRONT f=MOVE_TO_TOP leash=Surface(name=Task=46#184)/@0xfa4e5ca sb=Rect(0, 0 - 1080, 2400) eb=Rect(0, 0 - 1080, 2400) epz=Point(1080, 2400) d=0 taskParent=-1 winMode=1 userId=0},{m=TO_BACK f=NONE leash=Surface(name=Task=45#167)/@0xb75933b sb=Rect(0, 0 - 1080, 2400) eb=Rect(0, 0 - 1080, 2400) epz=Point(1080, 2400) d=0 taskParent=-1 winMode=1 userId=0}]}
10-21 17:13:46.750  1055  1178 V WindowManagerShell: loadAnimation: anim=android.view.animation.AnimationSet@d139496 animAttr=0x9 type=OPEN isEntrance=false
10-21 17:13:46.751  1055  1178 V WindowManagerShell: loadAnimation: anim=android.view.animation.AnimationSet@aa02817 animAttr=0x8 type=OPEN isEntrance=true
10-21 17:13:46.751 12029 12035 W System  : A resource failed to call release. 
10-21 17:13:46.751 12029 12035 W System  : A resource failed to call release. 
10-21 17:13:46.751   767   799 V WindowManager: Sent Transition (#30) createdAt=10-21 17:13:46.085 via request=TransitionRequestInfo { type = OPEN, triggerTask = TaskInfo{userId=0 taskId=46 effectiveUid=10155 displayId=0 isRunning=true baseIntent=Intent { act=android.intent.action.MAIN cat=[android.intent.category.LAUNCHER] flg=0x10200000 cmp=com.google.android.contacts/com.android.contacts.activities.PeopleActivity } baseActivity=ComponentInfo{com.google.android.contacts/com.google.android.apps.contacts.activities.PeopleActivity} topActivity=ComponentInfo{com.google.android.contacts/com.google.android.apps.contacts.activities.PeopleActivity} origActivity=ComponentInfo{com.google.android.contacts/com.android.contacts.activities.PeopleActivity} realActivity=ComponentInfo{com.google.android.contacts/com.google.android.apps.contacts.activities.PeopleActivity} numActivities=1 lastActiveTime=92773621 supportsMultiWindow=true resizeMode=1 isResizeable=true minWidth=-1 minHeight=-1 defaultMinSize=220 token=WCT{RemoteToken{54b1cd6 Task{5a365e4 #46 type=standard I=com.google.android.contacts/com.android.contacts.activities.PeopleActivity}}} topActivityType=1 pictureInPictureParams=null shouldDockBigOverlays=false launchIntoPipHostTaskId=-1 lastParentTaskIdBeforePip=-1 displayCutoutSafeInsets=Rect(0, 0 - 0, 0) topActivityInfo=ActivityInfo{748ab57 com.android.contacts.activities.PeopleActivity} launchCookies=[] positionInParent=Point(0, 0) parentTaskId=-1 isFocused=false isVisible=false isVisibleRequested=false isTopActivityNoDisplay=false isSleeping=false locusId=null displayAreaFeatureId=1 isTopActivityTransparent=false isActivityStackTransparent=false lastNonFullscreenBounds=null capturedLink=null capturedLinkTimestamp=0 requestedVisibleTypes=503 topActivityRequestOpenInBrowserEducationTimestamp=0 appCompatTaskInfo=AppCompatTaskInfo { topActivityInSizeCompat=false isLeafTask= true eligibleForLetterboxEducation= false isLetterboxEducationEnabled= true isLetterboxDoubleTapEnabled= false eligibleForUserAspectRatioButton= false topActivityBoundsLetterboxed= false isFromLetterboxDoubleTap= false topActivityLetterboxVerticalPosition= -1 topActivityLetterboxHorizontalPosition= -1 topActivityLetterboxWidth=-1 topActivityLetterboxHeight=-1 topActivityAppBounds=Rect(0, 0 - 1080, 2400) isUserFullscreenOverrideEnabled=false isSystemFullscreenOverrideEnabled=false hasMinAspectRatioOverride=false topActivityLetterboxBounds=null cameraCompatTaskInfo=CameraCompatTaskInfo { cameraCompatMode=inactiveundefined} topNonResizableActivityAspectRatio=-1.0} topActivityMainWindowFrame=null isAppBubble=false}, pipChange = null, remoteTransition = null, displayChange = null, requestedLocation = null, userChange = null, flags = 0, debugId = 30 }
10-21 17:13:46.751   767   799 V WindowManager:     startWCT=WindowContainerTransaction { changes= {} hops= [] errorCallbackToken=null taskFragmentOrganizer=null }
10-21 17:13:46.751   767   799 V WindowManager:     info={id=30 t=OPEN f=0x0 trk=1 r=[0@Point(0, 0)] c=[
10-21 17:13:46.751   767   799 V WindowManager:         {WCT{RemoteToken{54b1cd6 Task{5a365e4 #46 type=standard I=com.google.android.contacts/com.android.contacts.activities.PeopleActivity}}} m=TO_FRONT f=MOVE_TO_TOP leash=Surface(name=Task=46#184)/@0x46e0bb9 sb=Rect(0, 0 - 1080, 2400) eb=Rect(0, 0 - 1080, 2400) epz=Point(1080, 2400) d=0 taskParent=-1 winMode=1 userId=0},
10-21 17:13:46.751   767   799 V WindowManager:         {WCT{RemoteToken{97c1008 Task{50f79c0 #45 type=standard A=10137:com.google.android.dialer}}} m=TO_BACK f=NONE leash=Surface(name=Task=45#167)/@0xc832069 sb=Rect(0, 0 - 1080, 2400) eb=Rect(0, 0 - 1080, 2400) epz=Point(1080, 2400) d=0 taskParent=-1 winMode=1 userId=0}
10-21 17:13:46.751   767   799 V WindowManager:     ]}
10-21 17:13:46.753  1055  1178 V WindowManagerShell:  animated by com.android.wm.shell.transition.DefaultTransitionHandler@48ec040
10-21 17:13:46.772 11311 11311 I DialerCallLogFragmentDataService: com.android.dialer.calllog.dataservice.CallLogFragmentDataService.getDataSource$lambda$1:79 loadData from loadUiModel
10-21 17:13:46.773 11311 11333 I DialerMainActivityRetainedStateController: com.android.dialer.modernizedmain.impl.service.MainActivityRetainedStateController.shouldBypassDefaultDialerCheck:198 shouldBypassDefaultDialerCheck called
10-21 17:13:46.773 11311 11333 I DialerMainActivityRetainedStateController: com.android.dialer.modernizedmain.impl.service.MainActivityRetainedStateController.shouldBypassDefaultDialerCheck:205 action is neither ACTION_DIAL nor ACTION_VIEW
10-21 17:13:46.774   582   662 W SurfaceFlinger: Could not find layer id 76
10-21 17:13:46.778 11311 11311 I Choreographer: Skipped 48 frames!  The application may be doing too much work on its main thread.
10-21 17:13:46.785   767  1000 D BackgroundInstallControlService: Package event received: 0
10-21 17:13:46.786 11311 11332 I DialerCallLogFragmentDataService: com.android.dialer.calllog.dataservice.CallLogFragmentDataService.loadUiModel:134 loading full data set
10-21 17:13:46.786 11311 11332 I DialerCallLogFragmentDataService: com.android.dialer.calllog.dataservice.CallLogFragmentDataService.loadUiModelWithProducer:145 loadUiModel
10-21 17:13:46.790  1730  1730 W AiAiVC  : Unexpected capture event type: 11
10-21 17:13:46.794  1643 12247 I AdvertisingIdClient: shouldSendLog -1
10-21 17:13:46.797 11311 11333 I DialerCoalescedRowsDao: com.android.dialer.calllog.coalescer.CoalescedRowsDao.loadForAllCallsInConversationHistory:306 loadForAllCallsInConversationHistory
10-21 17:13:46.798 11311 11333 I DialerRttConfigurationLoaderImpl: com.android.dialer.rtt.settings.impl.configuration.RttConfigurationLoaderImpl.load:73 Load RTT configuration without optimizing
10-21 17:13:46.806 11311 11336 I DialerDefaultDialerImpl: com.android.dialer.defaultdialer.impl.DefaultDialerImpl.isDefaultDialer:40 enter
10-21 17:13:46.813 11311 11350 I DialerRttDeviceCompatibility: com.android.dialer.rtt.settings.impl.configuration.RttDeviceCompatibility.isIgnoreRttModeFlagSet:72 RTT carrier config ignore_rtt_mode_setting_bool is enabled.
10-21 17:13:46.818 11311 11311 I DialerCallLogFragmentPeer: com.android.dialer.calllog.ui.CallLogFragmentPeer.onPause:675 onPause
10-21 17:13:46.822 11311 11350 I DialerRttDeviceCompatibility: com.android.dialer.rtt.settings.impl.configuration.RttDeviceCompatibility.isDeviceSupported:54 [RTT] isDeviceSupported: false
10-21 17:13:46.825 11311 11333 I DialerRttConfigurationLoaderImpl: com.android.dialer.rtt.settings.impl.configuration.RttConfigurationLoaderImpl.internalLoad:91 Is device supported for RTT: false
10-21 17:13:46.826   767  1000 D BackgroundInstallControlService: Package event received: 0
10-21 17:13:46.826   767  1000 D BackgroundInstallControlService: Package event received: 0
10-21 17:13:46.830  1643 12247 I AdvertisingIdClient: GetInfoInternal elapse 184ms
10-21 17:13:46.841  1197  1197 D b/417220811: invalidateLoadedTasks - previous requestLoadId: -1
10-21 17:13:46.865   767   941 D WifiVendorHal: installPacketFilter filter length 1597
10-21 17:13:46.865  1379  1379 D BoundBrokerSvc: onRebind: Intent { act=com.google.android.gms.common.telemetry.service.START dat=chimera-action:/... xflg=0x4 cmp=com.google.android.gms/.chimera.PersistentApiService }
10-21 17:13:46.875  1643  1643 I AdvertisingIdClient: getting error as 17: API: ClientTelemetry.API is not available on this device. Connection failed with: ConnectionResult{statusCode=API_DISABLED, resolution=null, message=null, clientMethodKey=null}
10-21 17:13:46.992 11311 11311 I DialerPhoneAccountInfoFetcher: com.android.dialer.phoneaccount.PhoneAccountInfoFetcher.clearCache:172 Clearing PhoneAccountInfo cache
10-21 17:13:46.995 11311 11311 I DialerInternalSemanticEventLoggerImpl: com.android.dialer.cui.impl.InternalSemanticEventLoggerImpl.handleEvent:147 CUI event: MAIN_ACTIVITY_ON_PAUSE; uniqueCallId: null
10-21 17:13:46.997 11311 11333 I DialerLogcatLoggingBindings: com.android.dialer.logging.logcat.LogcatLoggingBindings.logImpression:54 Impression: CUI_INFRA_CUI_EVENT_LOGGED
10-21 17:13:47.000 11311 11311 I DialerCallLogFragmentPeer: com.android.dialer.calllog.ui.CallLogFragmentPeer$3.onNewData:272 onNewData: forceRefreshUiCounter(3)
10-21 17:13:47.001 11311 11333 I DialerLogcatLoggingBindings: com.android.dialer.logging.logcat.LogcatLoggingBindings.logImpression:54 Impression: CALL_LOG_TAB_RENDERED_AFTER_RESUMED
10-21 17:13:47.005 11311 11333 I DialerLoggingConsentCheckerImpl: com.google.android.dialershared.logging.consent.impl.LoggingConsentCheckerImpl.getConsent:72 timer stop with success, timer present: false
10-21 17:13:47.009 11311 11333 I DialerLoggingConsentCheckerImpl: com.google.android.dialershared.logging.consent.impl.LoggingConsentCheckerImpl.getConsent:72 timer stop with success, timer present: false
10-21 17:13:47.014   767   941 D WifiClientModeImpl[21111:wlan0]:  ClientModeImpl$ConnectableState screen=on len=1597
10-21 17:13:47.038   767  1967 I MediaFocusControl: abandonAudioFocus() from uid/pid 10137/11311 clientId=android.media.AudioManager@6346be7gsj@8dc8394 callingPack=com.google.android.dialer
10-21 17:13:47.041 11311 11336 I DialerSingletonScopedExternalsLogging: com.google.android.dialershared.externals.logging.SingletonScopedExternalsLogging.recordCallMethodInvocation:75 event: AUDIO_MANAGER_ABANDON_AUDIO_FOCUS_REQUEST, function parameters: [2,false,2,1], return value: 1
10-21 17:13:47.055   767   941 E WifiStaIfaceAidlImpl: setDtimMultiplier failed with service-specific exception: android.os.ServiceSpecificException:  (code 4)
10-21 17:13:47.056   767   941 D WifiClientModeImpl: Set maximum DTIM Multiplier to 1 FAIL
10-21 17:13:47.057   767   941 D WifiClientModeImpl[21111:wlan0]:  ClientModeImpl$ConnectableState screen=on maximum multiplier=1
10-21 17:13:47.064 11311 12563 I DialerSingletonScopedExternalsLogging: com.google.android.dialershared.externals.logging.SingletonScopedExternalsLogging.recordCallMethodInvocation:75 event: AUDIO_MANAGER_CLEAR_COMMUNICATION_DEVICE, function parameters: [], return value: <empty>
10-21 17:13:47.072   767   799 D AutofillManagerService: Close system dialogs
10-21 17:13:47.076   767   941 V WifiDialogManager: Received action: android.intent.action.CLOSE_SYSTEM_DIALOGS
10-21 17:13:47.078   767   941 V WifiDialogManager: ACTION_CLOSE_SYSTEM_DIALOGS received, cancelling all legacy dialogs.
10-21 17:13:47.088   767   800 W ActivityTaskManager: callingPackage for (uid=-1, pid=0) has no WPC
10-21 17:13:47.088   767   800 V WindowManager: DesktopModeLaunchParamsModifier: phase= 0 task=null activity=null display-area-token-from-option=DefaultTaskDisplayArea@155435942 display-id=0 task-display-area-windowing-mode=1 suggested-display-area=DefaultTaskDisplayArea@155435942 task null, skipping
10-21 17:13:47.088   767   800 V WindowManager: TaskLaunchParamsModifier:phase=0 task=null activity=null display-area-token-from-option=DefaultTaskDisplayArea@155435942 display-id=0 task-display-area-windowing-mode=1 suggested-display-area=DefaultTaskDisplayArea@155435942
10-21 17:13:47.088   767   800 W ActivityStartInterceptor: Starting home with component specified, uid=0
10-21 17:13:47.089   767   800 V GrammaticalInflectionUtils: AttributionSource: AttributionSource { uid = 10182, packageName = null, attributionTag = null, token = android.os.Binder@b9d83fb, deviceId = 0, next = null } does not have READ_SYSTEM_GRAMMATICAL_GENDER permission.
10-21 17:13:47.090   767   800 V WindowManager: DesktopModeLaunchParamsModifier: phase= 0 task=null activity=ActivityRecord{39974123 u0 com.google.android.apps.nexuslauncher/.NexusLauncherActivity display-area-token-from-option=DefaultTaskDisplayArea@155435942 display-id=0 task-display-area-windowing-mode=1 suggested-display-area=DefaultTaskDisplayArea@155435942 task null, skipping
10-21 17:13:47.090   767   800 V WindowManager: TaskLaunchParamsModifier:phase=0 task=null activity=ActivityRecord{39974123 u0 com.google.android.apps.nexuslauncher/.NexusLauncherActivity t-1} display-area-token-from-option=DefaultTaskDisplayArea@155435942 display-id=0 task-display-area-windowing-mode=1 suggested-display-area=DefaultTaskDisplayArea@155435942
10-21 17:13:47.091   767   800 V WindowManager: DesktopModeLaunchParamsModifier: phase= 3 task=Task{c0b6471 #2 type=home I=com.google.android.apps.nexuslauncher/.NexusLauncherActivity} activity=ActivityRecord{39974123 u0 com.google.android.apps.nexuslauncher/.NexusLauncherActivity t-1} display-area-token-from-option=DefaultTaskDisplayArea@155435942 display-id=0 task-display-area-windowing-mode=1 suggested-display-area=DefaultTaskDisplayArea@155435942 not entering desktop mode, skipping
10-21 17:13:47.091   767   800 V WindowManager: TaskLaunchParamsModifier:phase=3 task=Task{c0b6471 #2 type=home I=com.google.android.apps.nexuslauncher/.NexusLauncherActivity} activity=ActivityRecord{39974123 u0 com.google.android.apps.nexuslauncher/.NexusLauncherActivity t-1} display-area-token-from-option=DefaultTaskDisplayArea@155435942 display-id=0 task-display-area-windowing-mode=1 suggested-display-area=DefaultTaskDisplayArea@155435942 non-freeform-task-display-area display-area=DefaultTaskDisplayArea@155435942 skip-bounds-fullscreen
10-21 17:13:47.091   767   800 V WindowManager: DesktopModeLaunchParamsModifier: phase= 3 task=Task{c0b6471 #2 type=home I=com.google.android.apps.nexuslauncher/.NexusLauncherActivity} activity=ActivityRecord{39974123 u0 com.google.android.apps.nexuslauncher/.NexusLauncherActivity t-1} display-area-token-from-option=DefaultTaskDisplayArea@155435942 display-id=0 task-display-area-windowing-mode=1 suggested-display-area=DefaultTaskDisplayArea@155435942 not entering desktop mode, skipping
10-21 17:13:47.091   767   800 V WindowManager: TaskLaunchParamsModifier:phase=3 task=Task{c0b6471 #2 type=home I=com.google.android.apps.nexuslauncher/.NexusLauncherActivity} activity=ActivityRecord{39974123 u0 com.google.android.apps.nexuslauncher/.NexusLauncherActivity t-1} display-area-token-from-option=DefaultTaskDisplayArea@155435942 display-id=0 task-display-area-windowing-mode=1 suggested-display-area=DefaultTaskDisplayArea@155435942 non-freeform-task-display-area display-area=DefaultTaskDisplayArea@155435942 skip-bounds-fullscreen
10-21 17:13:47.107 11311 11311 I DialerInternalSemanticEventLoggerImpl: com.android.dialer.cui.impl.InternalSemanticEventLoggerImpl.handleEvent:147 CUI event: RECENTS_TAB_RENDERED_AFTER_RESUMED; uniqueCallId: null
10-21 17:13:47.112 12029 12136 W YouTube : Empty persistent device token received from InnerTube.
10-21 17:13:47.119   767   800 V WindowManager: Defer transition id=31 for TaskFragmentTransaction=android.os.Binder@ce1e606
10-21 17:13:47.120  1055  1178 V WindowManagerShell: Transition requested (#31): android.os.BinderProxy@130b634 TransitionRequestInfo { type = OPEN, triggerTask = TaskInfo{userId=0 taskId=2 effectiveUid=10182 displayId=0 isRunning=true baseIntent=Intent { act=android.intent.action.MAIN cat=[android.intent.category.HOME] flg=0x10000100 cmp=com.google.android.apps.nexuslauncher/.NexusLauncherActivity } baseActivity=ComponentInfo{com.google.android.apps.nexuslauncher/com.google.android.apps.nexuslauncher.NexusLauncherActivity} topActivity=ComponentInfo{com.google.android.apps.nexuslauncher/com.google.android.apps.nexuslauncher.NexusLauncherActivity} origActivity=null realActivity=ComponentInfo{com.google.android.apps.nexuslauncher/com.google.android.apps.nexuslauncher.NexusLauncherActivity} numActivities=1 lastActiveTime=92787723 supportsMultiWindow=true resizeMode=2 isResizeable=true minWidth=-1 minHeight=-1 defaultMinSize=220 token=WCT{android.os.BinderProxy@9799c5d} topActivityType=2 pictureInPictureParams=null shouldDockBigOverlays=false launchIntoPipHostTaskId=-1 lastParentTaskIdBeforePip=-1 displayCutoutSafeInsets=Rect(0, 0 - 0, 0) topActivityInfo=ActivityInfo{35a19d2 com.google.android.apps.nexuslauncher.NexusLauncherActivity} launchCookies=[] positionInParent=Point(0, 0) parentTaskId=-1 isFocused=true isVisible=false isVisibleRequested=true isTopActivityNoDisplay=false isSleeping=false locusId=null displayAreaFeatureId=1 isTopActivityTransparent=false isActivityStackTransparent=false lastNonFullscreenBounds=null capturedLink=null capturedLinkTimestamp=0 requestedVisibleTypes=503 topActivityRequestOpenInBrowserEducationTimestamp=0 appCompatTaskInfo=AppCompatTaskInfo { topActivityInSizeCompat=false isLeafTask= true eligibleForLetterboxEducation= false isLetterboxEducationEnabled= true isLetterboxDoubleTapEnabled= false eligibleForUserAspectRatioButton= false topActivityBoundsLetterboxed= false isFromLetterboxDoubleTap= false topActivityLetterboxVerticalPosition= -1 topActivityLetterboxHorizontalPosition= -1 topActivityLetterboxWidth=-1 topActivityLetterboxHeight=-1 topActivityAppBounds=Rect(0, 0 - 1080, 2400) isUserFullscreenOverrideEnabled=false isSystemFullscreenOverrideEnabled=false hasMinAspectRatioOverride=false topActivityLetterboxBounds=null cameraCompatTaskInfo=CameraCompatTaskInfo { cameraCompatMode=inactiveundefined} topNonResizableActivityAspectRatio=-1.0} topActivityMainWindowFrame=null isAppBubble=false}, pipChange = null, remoteTransition = null, displayChange = null, requestedLocation = null, userChange = null, flags = 0, debugId = 31 }
10-21 17:13:47.120  1055  1178 D ShellSplitScreen: logExit: no-op, mLoggerSessionId is null
10-21 17:13:47.126  1197  1197 D ViewRootImpl: Skipping stats log for color mode
10-21 17:13:47.126  1197  1197 D BaseActivity: Launcher flags updated: [state_started] +[state_started]
10-21 17:13:47.127  1197  1197 D TFOManager: playPanelCloseAnimation() duration=200 traceTag=LauncherOverlay-hide isHomeButtonTap=true
10-21 17:13:47.127  1197  1197 D TFOManager: Skipped creating panel close animation because -1 is invisible.
10-21 17:13:47.127  1197  1197 D BaseActivity: Launcher flags updated: [state_started|state_resumed|state_user_active] +[state_resumed|state_user_active]
10-21 17:13:47.128  1197  1197 D BaseActivity: Launcher flags updated: [state_started|state_resumed|state_deferred_resumed|state_user_active] +[state_deferred_resumed]
10-21 17:13:47.128  1197  1197 D StatsLog: LAUNCHER_ONRESUME
10-21 17:13:47.128  1197  1197 D NexusLauncherModelDelegate: notifySmartspaceEvent: SmartspaceTargetEvent{mSmartspaceTarget=null, mSmartspaceActionId='null', mEventType=6}
10-21 17:13:47.129 11311 11333 I DialerLogcatLoggingBindings: com.android.dialer.logging.logcat.LogcatLoggingBindings.logImpression:54 Impression: CUI_INFRA_CUI_EVENT_LOGGED
10-21 17:13:47.137   767  2117 I AppWidgetServiceImpl: startListening() 0
10-21 17:13:47.144 11398 11398 I ContactsIntentResolver: Called with action: android.intent.action.MAIN
10-21 17:13:47.145   767  1307 I AppWidgetServiceImpl: startListening() 0
10-21 17:13:47.169   582   662 W SurfaceFlinger: Could not find layer id 87
10-21 17:13:47.174   767   800 V WindowManager: deferTransitionReady deferReadyDepth=1 stack=com.android.server.wm.TransitionController.deferTransitionReady:1052 com.android.server.wm.TaskFragmentOrganizerController$TaskFragmentOrganizerState.dispatchTransaction:536 com.android.server.wm.TaskFragmentOrganizerController.dispatchPendingEvents:1278 com.android.server.wm.TaskFragmentOrganizerController.dispatchPendingEvents:1247 com.android.server.wm.RootWindowContainer.performSurfacePlacement:777 
10-21 17:13:47.175   767   800 I ActivityTaskManager: START u0 {act=android.intent.action.MAIN cat=[android.intent.category.HOME] flg=0x10000100 cmp=com.google.android.apps.nexuslauncher/.NexusLauncherActivity (has extras)} with LAUNCH_SINGLE_TASK from uid 0 (BAL_ALLOW_ALLOWLISTED_UID) result code=2
10-21 17:13:47.175  1643  1660 I PeopleChimeraService: onService. callbacks = ckvp@ffffdfe, request = com.google.android.gms.common.internal.GetServiceRequest@fd6b95f
10-21 17:13:47.176   767   800 W Looper  : Slow dispatch took 142ms android.ui app=system_server main=false group=TOP_APP h=com.android.server.policy.PhoneWindowManager$PolicyHandler c=com.android.server.policy.PhoneWindowManager$DisplayHomeButtonHandler$$ExternalSyntheticLambda0@ccdc8d m=0
10-21 17:13:47.181  1055  1178 W Looper  : Slow dispatch took 61ms wmshell.main app=com.android.systemui main=false group=FOREGROUND h=android.os.Handler c=com.android.wm.shell.transition.Transitions$ShellTransitionImpl$$ExternalSyntheticLambda3@ba72aa3 m=0
10-21 17:13:47.182  1055  1178 W Looper  : Slow delivery took 53ms wmshell.main app=com.android.systemui main=false group=FOREGROUND h=android.os.Handler c=android.window.TaskOrganizer$1$$ExternalSyntheticLambda5@23d01a0 m=0
10-21 17:13:47.182  1055  1178 D WindowManagerShell: setLauncherKeepClearAreaHeight: visible=true, height=495
10-21 17:13:47.183  1055  1178 W Looper  : Drained
10-21 17:13:47.191  1197  1244 D QuickstepModelDelegate: notifyAppTargetEvent action=1 launchLocation=workspace/0/[-1,-1]/[1,1]
10-21 17:13:47.192   767  1000 D BackgroundInstallControlService: Package event received: 0
10-21 17:13:47.198  1055  1545 D WallpaperService: onVisibilityChanged(true): com.android.systemui.wallpapers.ImageWallpaper$CanvasEngine@b2ed929
10-21 17:13:47.207  1197  1197 D BaseDepthController: setSurface:
10-21 17:13:47.207  1197  1197 D BaseDepthController: 	mWaitingOnSurfaceValidity: false
10-21 17:13:47.207  1197  1197 D BaseDepthController: 	mBaseSurface: Surface(name=com.google.android.apps.nexuslauncher/com.google.android.apps.nexuslauncher.NexusLauncherActivity#364)/@0x1d0a37d
10-21 17:13:47.208  1197  1197 V BaseDepthController: Applying blur: 0 to Surface(name=com.google.android.apps.nexuslauncher/com.google.android.apps.nexuslauncher.NexusLauncherActivity#364)/@0x1d0a37d applyImmediately: false
10-21 17:13:47.208  1197  1197 D BaseDepthController: shouldBlurWorkspace: false targetState: Normal currentStableState: Normal mCurrentBlur: 0 mLauncher.getDepthBlurTargets(): [com.android.launcher3.Workspace{753e272 V.ED..... .......D 0,0-1080,2400 #7f0a049a app:id/workspace}, com.android.launcher3.Hotseat{3e256c3 V.ED..... .......D 0,1905-1080,2400 #7f0a01ed app:id/hotseat}]
10-21 17:13:47.211   767   787 V WindowManager: Continue transition id=31 for TaskFragmentTransaction=android.os.Binder@ce1e606
10-21 17:13:47.215   767   787 V WindowManager: continueTransitionReady deferReadyDepth=0 stack=com.android.server.wm.TransitionController.continueTransitionReady:1062 com.android.server.wm.TaskFragmentOrganizerController$TaskFragmentOrganizerState.onTransactionFinished:565 com.android.server.wm.TaskFragmentOrganizerController.onTransactionHandled:759 android.window.ITaskFragmentOrganizerController$Stub.onTransact:225 android.os.Binder.execTransactInternal:1473 
10-21 17:13:47.216 11398 11431 I GFXSTREAM: [eglDisplay.cpp(297)] Opening libGLESv1_CM_emulation.so
10-21 17:13:47.218 11398 11431 I GFXSTREAM: [eglDisplay.cpp(297)] Opening libGLESv2_emulation.so
10-21 17:13:47.235 11311 11332 I DialerLoggingConsentCheckerImpl: com.google.android.dialershared.logging.consent.impl.LoggingConsentCheckerImpl.getConsent:72 timer stop with success, timer present: false
10-21 17:13:47.236  1055  1178 D WindowManagerShell: onActivityRestartAttempt: topActivity=ComponentInfo{com.google.android.apps.nexuslauncher/com.google.android.apps.nexuslauncher.NexusLauncherActivity}, wasVisible=false
10-21 17:13:47.237   767  1000 D BackgroundInstallControlService: Package event received: 0
10-21 17:13:47.237   767  1000 D BackgroundInstallControlService: Package event received: 0
10-21 17:13:47.241 11398 11431 W HWUI    : Failed to initialize 101010-2 format, error = EGL_SUCCESS
10-21 17:13:47.251  1730  2017 I AiAiEcho: Predicting[0]:  [CONTEXT sampling_count=5 ]
10-21 17:13:47.251  1730  2017 I AiAiEcho: EchoTargets: 
10-21 17:13:47.251  1730  2017 I AiAiEcho: Filtered by AiAi flag check: 
10-21 17:13:47.251  1730  2017 I AiAiEcho: [CONTEXT ratelimit_period="10 SECONDS" ]
10-21 17:13:47.253  1730  2017 I AiAiEcho: #remoteViewsTwiddler: feature disabled.
10-21 17:13:47.264  1730  2017 I AiAiEcho: #postPredictionTargets: Sending updates to UISurface home with targets# 0 (types=[])
10-21 17:13:47.268  1197  1197 D ActivityAllAppsContainerView: rebindAdapters: force: false
10-21 17:13:47.269  1197  1197 D ActivityAllAppsContainerView: rebindAdapters: Not needed.
10-21 17:13:47.271  1197  1197 D b/417220811: invalidateLoadedTasks - previous requestLoadId: -1
10-21 17:13:47.272   582   658 I libbinder.BpBinder: onLastStrongRef automatically unlinking death recipients for descriptor: '(not cached)'
10-21 17:13:47.273  1197  1197 D b/417220811: invalidateLoadedTasks - previous requestLoadId: -1
10-21 17:13:47.278  1055  1178 V WindowManagerShell: Transition animation finished (aborted=false), notifying core (#30) android.os.BinderProxy@c30ec3@1
10-21 17:13:47.280  1197  1197 D SsBaseTemplateCard: Passed-in item info is null
10-21 17:13:47.280  1197  1197 D SsBaseTemplateCard: Passed-in item info is null
10-21 17:13:47.280  1197  1197 D SsBaseTemplateCard: Passed-in item info is null
10-21 17:13:47.280  1197  1197 D SsBaseTemplateCard: Passed-in item info is null
10-21 17:13:47.280  1197  1197 I SsBaseTemplateCard: Secondary card pane is null
10-21 17:13:47.284   767   799 V WindowManager: Finish Transition (#30): created at 10-21 17:13:46.085 collect-started=0.06ms request-sent=5.143ms started=12.245ms ready=540.92ms sent=638.663ms commit=39.318ms finished=1197.715ms
10-21 17:13:47.285  1055  1178 V WindowManagerShell: Track 1 became idle
10-21 17:13:47.288 11311 11311 D VRI[GoogleDialtactsActivity]: visibilityChanged oldVisibility=true newVisibility=false
10-21 17:13:47.308  1055  1814 V WindowManagerShell: onTransitionReady(transaction=3294239918502)
10-21 17:13:47.309  1055  1178 V WindowManagerShell: onTransitionReady (#31) android.os.BinderProxy@130b634: {id=31 t=OPEN f=0x0 trk=2 r=[0@Point(0, 0)] c=[
10-21 17:13:47.309  1055  1178 V WindowManagerShell:         {m=TO_FRONT f=SHOW_WALLPAPER|MOVE_TO_TOP leash=Surface(name=Task=1#44)/@0x477cdff sb=Rect(0, 0 - 1080, 2400) eb=Rect(0, 0 - 1080, 2400) epz=Point(1080, 2400) d=0 taskParent=-1 winMode=1 userId=0},
10-21 17:13:47.309  1055  1178 V WindowManagerShell:         {m=TO_BACK f=NONE leash=Surface(name=Task=46#184)/@0xa0097cc sb=Rect(0, 0 - 1080, 2400) eb=Rect(0, 0 - 1080, 2400) epz=Point(1080, 2400) d=0 taskParent=-1 winMode=1 userId=0},
10-21 17:13:47.309  1055  1178 V WindowManagerShell:         {m=TO_FRONT f=IS_WALLPAPER leash=Surface(name=WallpaperWindowToken{610a901}#62)/@0x448fa15 sb=Rect(0, 0 - 1080, 2400) eb=Rect(0, 0 - 1080, 2400) epz=Point(1080, 2400) d=0}
10-21 17:13:47.309  1055  1178 V WindowManagerShell:     ]}
10-21 17:13:47.310  1055  1178 V WindowManagerShell: Playing animation for (#31) android.os.BinderProxy@130b634@2
10-21 17:13:47.310  1055  1178 V ShellRecents: RecentsTransitionHandler.startAnimation: no controller found
10-21 17:13:47.310  1055  1178 V WindowManagerShell: Transition doesn't have explicit remote, search filters for match for {id=31 t=OPEN f=0x0 trk=2 r=[0@Point(0, 0)] c=[{m=TO_FRONT f=SHOW_WALLPAPER|MOVE_TO_TOP leash=Surface(name=Task=1#44)/@0x477cdff sb=Rect(0, 0 - 1080, 2400) eb=Rect(0, 0 - 1080, 2400) epz=Point(1080, 2400) d=0 taskParent=-1 winMode=1 userId=0},{m=TO_BACK f=NONE leash=Surface(name=Task=46#184)/@0xa0097cc sb=Rect(0, 0 - 1080, 2400) eb=Rect(0, 0 - 1080, 2400) epz=Point(1080, 2400) d=0 taskParent=-1 winMode=1 userId=0},{m=TO_FRONT f=IS_WALLPAPER leash=Surface(name=WallpaperWindowToken{610a901}#62)/@0x448fa15 sb=Rect(0, 0 - 1080, 2400) eb=Rect(0, 0 - 1080, 2400) epz=Point(1080, 2400) d=0}]}
10-21 17:13:47.311  1055  1178 V WindowManagerShell:  Checking filter Pair{{types=[] flags=0x0] notFlags=0x0 checks=[{atype=undefined independent=true modes=[CLOSE,TO_BACK] flags=IN_TASK_WITH_EMBEDDED_ACTIVITY mustBeTask=false order=ANY topActivity=null launchCookie=null taskFragmentToken=android.os.BinderProxy@ec792c6 windowingMode=undefined}]} RemoteTransition { remoteTransition = android.window.IRemoteTransition$Stub$Proxy@4d60287, appThread = android.app.IApplicationThread$Stub$Proxy@f4e65b4, debugName = overlayBackTransition }}
10-21 17:13:47.311  1055  1178 V WindowManagerShell:  Checking filter Pair{{types=[] flags=0x0] notFlags=0x0 checks=[{atype=dream independent=true modes=[OPEN,TO_FRONT] flags=NONE mustBeTask=false order=ANY topActivity=null launchCookie=null windowingMode=undefined},{atype=home independent=true modes=[CLOSE,TO_BACK] flags=NONE mustBeTask=false order=ANY topActivity=null launchCookie=null windowingMode=undefined}]} RemoteTransition { remoteTransition = android.window.IRemoteTransition$Stub$Proxy@49655dd, appThread = android.app.IApplicationThread$Stub$Proxy@81a1552, debugName = LauncherToDream }}
10-21 17:13:47.312  1055  1178 V WindowManagerShell:  Checking filter Pair{{types=[] flags=0x0] notFlags=0x100 checks=[{atype=home independent=true modes=[OPEN,TO_FRONT] flags=NONE mustBeTask=false order=TOP topActivity=ComponentInfo{com.google.android.apps.nexuslauncher/com.google.android.apps.nexuslauncher.NexusLauncherActivity} launchCookie=null windowingMode=undefined},{atype=standard independent=true modes=[CLOSE,TO_BACK] flags=NONE mustBeTask=false order=ANY topActivity=null launchCookie=null windowingMode=undefined},{NOT atype=undefined independent=true modes=[] flags=NONE mustBeTask=true order=ANY topActivity=null launchCookie=null customAnim=true windowingMode=undefined}]} RemoteTransition { remoteTransition = android.window.IRemoteTransition$Stub$Proxy@5064023, appThread = android.app.IApplicationThread$Stub$Proxy@9462920, debugName = QuickstepLaunchHome }}
10-21 17:13:47.342   767  1000 D BackgroundInstallControlService: Package event received: 0
10-21 17:13:47.343  1055  1178 D RemoteTransitionHandler: Found filterPair{{types=[] flags=0x0] notFlags=0x100 checks=[{atype=home independent=true modes=[OPEN,TO_FRONT] flags=NONE mustBeTask=false order=TOP topActivity=ComponentInfo{com.google.android.apps.nexuslauncher/com.google.android.apps.nexuslauncher.NexusLauncherActivity} launchCookie=null windowingMode=undefined},{atype=standard independent=true modes=[CLOSE,TO_BACK] flags=NONE mustBeTask=false order=ANY topActivity=null launchCookie=null windowingMode=undefined},{NOT atype=undefined independent=true modes=[] flags=NONE mustBeTask=true order=ANY topActivity=null launchCookie=null customAnim=true windowingMode=undefined}]} RemoteTransition { remoteTransition = android.window.IRemoteTransition$Stub$Proxy@5064023, appThread = android.app.IApplicationThread$Stub$Proxy@9462920, debugName = QuickstepLaunchHome }}
10-21 17:13:47.349  1055  1178 V WindowManagerShell:  Delegate animation for (#31) to RemoteTransition { remoteTransition = android.window.IRemoteTransition$Stub$Proxy@5064023, appThread = android.app.IApplicationThread$Stub$Proxy@9462920, debugName = QuickstepLaunchHome }
10-21 17:13:47.355   767   799 V WindowManager: Sent Transition (#31) createdAt=10-21 17:13:47.090 via request=TransitionRequestInfo { type = OPEN, triggerTask = TaskInfo{userId=0 taskId=2 effectiveUid=10182 displayId=0 isRunning=true baseIntent=Intent { act=android.intent.action.MAIN cat=[android.intent.category.HOME] flg=0x10000100 cmp=com.google.android.apps.nexuslauncher/.NexusLauncherActivity } baseActivity=ComponentInfo{com.google.android.apps.nexuslauncher/com.google.android.apps.nexuslauncher.NexusLauncherActivity} topActivity=ComponentInfo{com.google.android.apps.nexuslauncher/com.google.android.apps.nexuslauncher.NexusLauncherActivity} origActivity=null realActivity=ComponentInfo{com.google.android.apps.nexuslauncher/com.google.android.apps.nexuslauncher.NexusLauncherActivity} numActivities=1 lastActiveTime=92787723 supportsMultiWindow=true resizeMode=2 isResizeable=true minWidth=-1 minHeight=-1 defaultMinSize=220 token=WCT{RemoteToken{f57286 Task{c0b6471 #2 type=home I=com.google.android.apps.nexuslauncher/.NexusLauncherActivity}}} topActivityType=2 pictureInPictureParams=null shouldDockBigOverlays=false launchIntoPipHostTaskId=-1 lastParentTaskIdBeforePip=-1 displayCutoutSafeInsets=Rect(0, 0 - 0, 0) topActivityInfo=ActivityInfo{b0ac747 com.google.android.apps.nexuslauncher.NexusLauncherActivity} launchCookies=[] positionInParent=Point(0, 0) parentTaskId=-1 isFocused=true isVisible=false isVisibleRequested=true isTopActivityNoDisplay=false isSleeping=false locusId=null displayAreaFeatureId=1 isTopActivityTransparent=false isActivityStackTransparent=false lastNonFullscreenBounds=null capturedLink=null capturedLinkTimestamp=0 requestedVisibleTypes=503 topActivityRequestOpenInBrowserEducationTimestamp=0 appCompatTaskInfo=AppCompatTaskInfo { topActivityInSizeCompat=false isLeafTask= true eligibleForLetterboxEducation= false isLetterboxEducationEnabled= true isLetterboxDoubleTapEnabled= false eligibleForUserAspectRatioButton= false topActivityBoundsLetterboxed= false isFromLetterboxDoubleTap= false topActivityLetterboxVerticalPosition= -1 topActivityLetterboxHorizontalPosition= -1 topActivityLetterboxWidth=-1 topActivityLetterboxHeight=-1 topActivityAppBounds=Rect(0, 0 - 1080, 2400) isUserFullscreenOverrideEnabled=false isSystemFullscreenOverrideEnabled=false hasMinAspectRatioOverride=false topActivityLetterboxBounds=null cameraCompatTaskInfo=CameraCompatTaskInfo { cameraCompatMode=inactiveundefined} topNonResizableActivityAspectRatio=-1.0} topActivityMainWindowFrame=null isAppBubble=false}, pipChange = null, remoteTransition = null, displayChange = null, requestedLocation = null, userChange = null, flags = 0, debugId = 31 }
10-21 17:13:47.355   767   799 V WindowManager:     startWCT=WindowContainerTransaction { changes= {} hops= [] errorCallbackToken=null taskFragmentOrganizer=null }
10-21 17:13:47.355   767   799 V WindowManager:     info={id=31 t=OPEN f=0x0 trk=2 r=[0@Point(0, 0)] c=[
10-21 17:13:47.355   767   799 V WindowManager:         {WCT{RemoteToken{8fff7c7 Task{b32ba16 #1 type=home}}} m=TO_FRONT f=SHOW_WALLPAPER|MOVE_TO_TOP leash=Surface(name=Task=1#44)/@0x4a8d665 sb=Rect(0, 0 - 1080, 2400) eb=Rect(0, 0 - 1080, 2400) epz=Point(1080, 2400) d=0 taskParent=-1 winMode=1 userId=0},
10-21 17:13:47.355   767   799 V WindowManager:         {WCT{RemoteToken{54b1cd6 Task{5a365e4 #46 type=standard I=com.google.android.contacts/com.android.contacts.activities.PeopleActivity}}} m=TO_BACK f=NONE leash=Surface(name=Task=46#184)/@0x46e0bb9 sb=Rect(0, 0 - 1080, 2400) eb=Rect(0, 0 - 1080, 2400) epz=Point(1080, 2400) d=0 taskParent=-1 winMode=1 userId=0},
10-21 17:13:47.355   767   799 V WindowManager:         {m=TO_FRONT f=IS_WALLPAPER leash=Surface(name=WallpaperWindowToken{610a901}#62)/@0x4dff35c sb=Rect(0, 0 - 1080, 2400) eb=Rect(0, 0 - 1080, 2400) epz=Point(1080, 2400) d=0}
10-21 17:13:47.355   767   799 V WindowManager:     ]}
10-21 17:13:47.357  1197  1197 D StateManager: createAtomicAnimation - fromState: Background, toState: Normal, partial trace:
10-21 17:13:47.357  1197  1197 D StateManager: 	at com.android.quickstep.util.WorkspaceRevealAnim.prepareToAnimate(go/retraceme cc159fc410870f9b82d4fff679f5a623fa5746f18e90631cd3706bfb3e28ce20:20)
10-21 17:13:47.357  1197  1197 D StateManager: 	at com.android.quickstep.util.WorkspaceRevealAnim.<init>(go/retraceme cc159fc410870f9b82d4fff679f5a623fa5746f18e90631cd3706bfb3e28ce20:11)
10-21 17:13:47.357  1197  1197 D StateManager: 	at com.android.launcher3.QuickstepTransitionManager.createWallpaperOpenAnimations(go/retraceme cc159fc410870f9b82d4fff679f5a623fa5746f18e90631cd3706bfb3e28ce20:105)
10-21 17:13:47.357  1197  1197 D AllAppsTransitionController: shouldProtectHeader: false skipScrim: true state: Normal stateManager.getState(): Normal
10-21 17:13:47.357  1197  1197 D KeyboardInsetsHandler: removePendingImeController: pendingImeController=null
10-21 17:13:47.357  1197  1197 D b/311077782: LauncherAnimationRunner.setAnimation
10-21 17:13:47.362   767  1000 D BackgroundInstallControlService: Package event received: 0
10-21 17:13:47.363  1055  1178 V WindowManagerShell:  animated by com.android.wm.shell.transition.RemoteTransitionHandler@5a32df4
10-21 17:13:47.367  1055  1178 W Looper  : Slow dispatch took 59ms wmshell.main app=com.android.systemui main=false group=FOREGROUND h=android.os.Handler c=com.android.wm.shell.transition.Transitions$TransitionPlayerImpl$$ExternalSyntheticLambda1@79915f6 m=0
10-21 17:13:47.375  1730  1730 W AiAiVC  : Unexpected capture event type: 11
10-21 17:13:47.396 11311 11311 I DialerCallLogFragmentPeer: com.android.dialer.calllog.ui.CallLogFragmentPeer.onStop:682 onStop
10-21 17:13:47.396 11311 11311 I DialerModernizedMainFragmentPeer: com.android.dialer.modernizedmain.impl.ui.ModernizedMainFragmentPeer.onStop:461 enter
10-21 17:13:47.400 11311 11332 I DialerLogcatLoggingBindings: com.android.dialer.logging.logcat.LogcatLoggingBindings.logImpression:54 Impression: MAIN_ACTIVITY_ON_STOP
10-21 17:13:47.403 11311 11333 I DialerLoggingConsentCheckerImpl: com.google.android.dialershared.logging.consent.impl.LoggingConsentCheckerImpl.getConsent:72 timer stop with success, timer present: false
10-21 17:13:47.420 11311 11311 I DialerModernizedMainActivityPeerDelegate: com.android.dialer.modernizedmain.impl.ui.ModernizedMainActivityPeerDelegate.onSaveInstanceState:266 onSaveInstanceState enter
10-21 17:13:47.455   767  1000 D BackgroundInstallControlService: Package event received: 0
10-21 17:13:47.593   767   802 W ActivityTaskManager: Activity top resumed state loss timeout for ActivityRecord{238757239 u0 com.google.android.contacts/com.android.contacts.activities.PeopleActivity t46}
10-21 17:13:47.596  1197  1197 D BaseActivity: Launcher flags updated: [state_started|state_resumed|state_deferred_resumed|state_window_focused|state_user_active] +[state_window_focused]
10-21 17:13:47.674   767   906 I ImeTracker: com.google.android.apps.nexuslauncher:78ffa061: onRequestHide at ORIGIN_SERVER reason HIDE_SAME_WINDOW_FOCUSED_WITHOUT_EDITOR fromUser false
10-21 17:13:47.741  1197  1197 D InsetsController: hide(ime())
10-21 17:13:47.741  1197  1197 I ImeTracker: com.google.android.apps.nexuslauncher:78ffa061: onCancelled at PHASE_CLIENT_ALREADY_HIDDEN
10-21 17:13:47.750  1197  1197 D WorkspaceRevealAnim: onAnimationEnd: workspace alpha = 1.0
10-21 17:13:47.801  1055  1178 V WindowManagerShell: Transition animation finished (aborted=false), notifying core (#31) android.os.BinderProxy@130b634@2
10-21 17:13:47.818  1589  1589 I GoogleInputMethodService: GoogleInputMethodService.onFinishInput():1984 
10-21 17:13:47.827   767   799 V WindowManager: Finish Transition (#31): created at 10-21 17:13:47.090 collect-started=0.062ms request-sent=15.323ms started=87.86ms ready=127.155ms sent=216.071ms commit=55.186ms finished=732.191ms
10-21 17:13:47.830  1055  1178 V WindowManagerShell: Track 2 became idle
10-21 17:13:47.830  1055  1178 V WindowManagerShell: All active transition animations finished
10-21 17:13:47.830  1055  1178 W Looper  : Slow delivery took 48ms wmshell.main app=com.android.systemui main=false group=FOREGROUND h=android.os.Handler c=com.android.wm.shell.transition.RemoteTransitionHandler$1$$ExternalSyntheticLambda0@1389b82 m=0
10-21 17:13:47.831  1055  1178 W Looper  : Slow dispatch took 30ms wmshell.main app=com.android.systemui main=false group=FOREGROUND h=android.os.Handler c=com.android.wm.shell.transition.RemoteTransitionHandler$1$$ExternalSyntheticLambda0@1389b82 m=0
10-21 17:13:47.846  1589  1589 I Module  : DeviceLockedStatusModuleProvider$Module.updateDeviceLockedStatus():100 repeatCheckTimes = 0, locked = false
10-21 17:13:47.848  1589  1589 W NotificationCenter: NotificationCenter$NotificationQueue.notifyPendingNotificationsOnExecutor():877 Heavy notify work detected on UI thread: [lhc->jje, lhc->gmd, lhc->flp, lhc->jje, lhc->jkm, lhc->niz, lhc->jje, lhc->jje, lhc->jje, lhc->lfy, lhc->fnt, lhc->jje, lhc->kmg, lhc->jje, lhc->jje, lhc->mux, lhc->jje, lhc->jje, lhc->jje, lhc->jgv, lhc->lgc, lhc->jje, lhc->jje] takes 21ms
10-21 17:13:47.860  1055  1178 W Looper  : Drained
10-21 17:13:47.861  1589  1589 I GoogleInputMethodService: GoogleInputMethodService.onStartInput():1248 onStartInput(EditorInfo{EditorInfo{packageName=com.google.android.apps.nexuslauncher, inputType=0, inputTypeString=NULL, enableLearning=false, autoCorrection=false, autoComplete=false, imeOptions=0, privateImeOptions=null, actionName=UNSPECIFIED, actionLabel=null, initialSelStart=-1, initialSelEnd=-1, initialCapsMode=0, label=null, fieldId=0, fieldName=null, extras=null, hintText=null, hintLocales=[]}}, false)
10-21 17:13:47.876  1589  1589 I Module  : DeviceLockedStatusModuleProvider$Module.updateDeviceLockedStatus():100 repeatCheckTimes = 1, locked = false
10-21 17:13:47.878   767  1153 W PackageConfigPersister: App-specific configuration not found for packageName: com.google.android.apps.nexuslauncher and userId: 0
10-21 17:13:48.004   767  1029 W ImageReader_JNI: Unable to acquire a buffer item, very likely client tried to acquire more than maxImages buffers
10-21 17:13:48.117  1197  1211 W System  : A resource failed to call release. 
10-21 17:13:48.118  1197  1211 W System  : A resource failed to call release. 
10-21 17:13:48.118  1197  1211 W System  : A resource failed to call release. 
10-21 17:13:48.223 11398 11456 E SurfaceSyncGroup: Failed to receive transaction ready in 1000ms. Marking SurfaceSyncGroup(wmsSync-VRI[PeopleActivity]#6) as ready
10-21 17:13:48.223 11398 11456 E SurfaceSyncGroup: Failed to receive transaction ready in 1000ms. Marking SurfaceSyncGroup(VRI[PeopleActivity]#7) as ready
10-21 17:13:48.238   767  1029 W ImageReader_JNI: Unable to acquire a buffer item, very likely client tried to acquire more than maxImages buffers
10-21 17:13:48.241   767  1837 E TaskPersister: File error accessing recents directory (directory doesn't exist?).
10-21 17:13:48.290 11398 11413 I HWUI    : Davey! duration=1613ms; Flags=1, FrameTimelineVsyncId=77653, IntendedVsync=92787279925519, Vsync=92787763258833, InputEventId=0, HandleInputStart=92787772927370, AnimationStart=92787772931199, PerformTraversalsStart=92787779871068, DrawStart=92787935178900, FrameDeadline=92787296592185, FrameStartTime=92787769976162, FrameInterval=16666666, WorkloadTarget=16666666, SyncQueued=92787952745064, SyncStart=92787952986581, IssueDrawCommandsStart=92787976846792, SwapBuffers=92788782001882, FrameCompleted=92788893862286, DequeueBufferDuration=14857, QueueBufferDuration=272634, GpuCompleted=92788893862286, SwapBuffersCompleted=92788890730515, DisplayPresentTime=0, CommandSubmissionCompleted=92788782001882, 
10-21 17:13:48.299 11398 11398 I Choreographer: Skipped 68 frames!  The application may be doing too much work on its main thread.
10-21 17:13:48.300 11398 11398 D WindowLayoutComponentImpl: Register WindowLayoutInfoListener on Context=wle@d1d67f, of which baseContext=PeopleActivity{intanceId=0}, of which baseContext=ow@f537695, of which baseContext=android.app.ContextImpl@e913aa
10-21 17:13:48.301 11398 11398 D VRI[PeopleActivity]: visibilityChanged oldVisibility=true newVisibility=false
10-21 17:13:48.343   767  1000 D BackgroundInstallControlService: Package event received: 0
10-21 17:13:48.358   520   596 I netd    : tetherGetStats() -> {[]} <1.08ms>
10-21 17:13:48.433 12029 12227 I FA      : Application backgrounded at: timestamp_millis: 1761038026432
10-21 17:13:48.448   767  1029 W ImageReader_JNI: Unable to acquire a buffer item, very likely client tried to acquire more than maxImages buffers
10-21 17:13:48.947   767   941 D WifiClientModeImpl[21111:wlan0]: updateLinkLayerStatsRssiSpeedFrequencyCapabilities rssi=-50 TxLinkspeed=2 freq=2447 RxLinkSpeed=2
10-21 17:13:48.948   767   941 D WifiDataStall: tx tput in kbps: 11000
10-21 17:13:48.948   767   941 D WifiDataStall: rx tput in kbps: 11000
10-21 17:13:48.948   767   941 V WifiConfigManager: Updating scan detail cache freq=2447 BSSID=00:13:10:85:fe:01 RSSI=-50 for "AndroidWifi"NONE
10-21 17:13:48.948   767   941 D WifiThroughputPredictor:  utilization (LLS) 80 isBluetoothConnected: false final utilization: 80
10-21 17:13:48.948   767   941 D WifiThroughputPredictor:  BW: 0 RSSI: -50 Nss: 1 Mode: 1 symDur: 4000 snrDb 30 bitPerTone: 4500 rate: 54 throughput: 11
10-21 17:13:48.948   767   941 D WifiThroughputPredictor:  utilization (LLS) 80 isBluetoothConnected: false final utilization: 80
10-21 17:13:48.948   767   941 D WifiThroughputPredictor:  BW: 0 RSSI: -50 Nss: 1 Mode: 1 symDur: 4000 snrDb 30 bitPerTone: 4500 rate: 54 throughput: 11
10-21 17:13:48.949   767   941 D WifiThroughputPredictor:  utilization (LLS) 80 isBluetoothConnected: false final utilization: 80
10-21 17:13:48.949   767   941 D WifiThroughputPredictor:  BW: 0 RSSI: -50 Nss: 1 Mode: 1 symDur: 4000 snrDb 30 bitPerTone: 4500 rate: 54 throughput: 11
10-21 17:13:48.949   767   941 D WifiThroughputPredictor:  utilization (LLS) 80 isBluetoothConnected: false final utilization: 80
10-21 17:13:48.949   767   941 D WifiThroughputPredictor:  BW: 0 RSSI: -50 Nss: 1 Mode: 1 symDur: 4000 snrDb 30 bitPerTone: 4500 rate: 54 throughput: 11
10-21 17:13:48.950   767   941 I HalDevMgr: bestIfaceCreationProposal is null, requestIface=STA, existingIface=[name=wlan0 type=STA]
10-21 17:13:48.950   767   941 D WifiScoreCard: BSSID update SIGNAL_POLL ID: 14232187 SSID: "AndroidWifi", BSSID: 00:13:10:85:fe:01, MAC: 02:15:b2:00:00:00, IP: /10.0.2.16, Security type: 0, Supplicant state: COMPLETED, Wi-Fi standard: legacy, RSSI: -50, Link speed: 2Mbps, Tx Link speed: 2Mbps, Max Supported Tx Link speed: 11Mbps, Rx Link speed: 2Mbps, Max Supported Rx Link speed: 11Mbps, Frequency: 2447MHz, Net ID: 0, Metered hint: false, score: 83, isUsable: true, CarrierMerged: false, SubscriptionId: -1, IsPrimary: 1, Trusted: true, Restricted: false, Ephemeral: false, OEM paid: false, OEM private: false, OSU AP: false, FQDN: <none>, Provider friendly name: <none>, Requesting package name: <none>"AndroidWifi"openMLO Information: , Is TID-To-Link negotiation supported by the AP: false, AP MLD Address: <none>, AP MLO Link Id: <none>, AP MLO Affiliated links: <none>, Vendor Data: <none>
10-21 17:13:48.950   767   941 D WifiScoreCard: txRate: 7 txSpeed: 2
10-21 17:13:48.950   767   941 D WifiScoreCard: network update SIGNAL_POLL "AndroidWifi" ID: 1073449701 RSSI -50 txSpeed 2
10-21 17:13:48.950   767   941 D WifiClientModeImpl[21111:wlan0]:  ClientModeImpl$L2ConnectedState screen=on 1 0 "AndroidWifi" 00:13:10:85:fe:01 rssi=-50 f=2447 sc=83 link=2 tx=6.2, 0.0, 0.0 rx=5.2 bcn=0 [on:0 tx:0 rx:0 period:3019] from screen [on:0 period:101437590] score=83
10-21 17:13:50.918   767   949 D InetDiagMessage: Destroyed 0 sockets, proto=IPPROTO_TCP, family=AF_INET, states=14
10-21 17:13:50.918   767   949 D InetDiagMessage: Destroyed 0 sockets, proto=IPPROTO_TCP, family=AF_INET6, states=14
10-21 17:13:50.919   767   949 D InetDiagMessage: Destroyed live tcp sockets for uids={10163} in 1ms
10-21 17:13:50.919   767   949 D InetDiagMessage: Destroyed 0 sockets, proto=IPPROTO_TCP, family=AF_INET, states=14
10-21 17:13:50.919   767   949 D InetDiagMessage: Destroyed 0 sockets, proto=IPPROTO_TCP, family=AF_INET6, states=14
10-21 17:13:50.919   767   949 D InetDiagMessage: Destroyed live tcp sockets for uids={20163} in 1ms
10-21 17:13:51.479   767   949 D InetDiagMessage: Destroyed 0 sockets, proto=IPPROTO_TCP, family=AF_INET, states=14
10-21 17:13:51.480   767   949 D InetDiagMessage: Destroyed 0 sockets, proto=IPPROTO_TCP, family=AF_INET6, states=14
10-21 17:13:51.480   767   949 D InetDiagMessage: Destroyed live tcp sockets for uids={10172} in 1ms
10-21 17:13:51.480   767   949 D InetDiagMessage: Destroyed 0 sockets, proto=IPPROTO_TCP, family=AF_INET, states=14
10-21 17:13:51.481   767   949 D InetDiagMessage: Destroyed 0 sockets, proto=IPPROTO_TCP, family=AF_INET6, states=14
10-21 17:13:51.481   767   949 D InetDiagMessage: Destroyed live tcp sockets for uids={20172} in 0ms
10-21 17:13:51.482   767   949 D InetDiagMessage: Destroyed 0 sockets, proto=IPPROTO_TCP, family=AF_INET, states=14
10-21 17:13:51.482   767   949 D InetDiagMessage: Destroyed 0 sockets, proto=IPPROTO_TCP, family=AF_INET6, states=14
10-21 17:13:51.482   767   949 D InetDiagMessage: Destroyed live tcp sockets for uids={10150} in 1ms
10-21 17:13:51.483   767   949 D InetDiagMessage: Destroyed 0 sockets, proto=IPPROTO_TCP, family=AF_INET, states=14
10-21 17:13:51.483   767   949 D InetDiagMessage: Destroyed 0 sockets, proto=IPPROTO_TCP, family=AF_INET6, states=14
10-21 17:13:51.483   767   949 D InetDiagMessage: Destroyed live tcp sockets for uids={20150} in 1ms
10-21 17:13:51.869  1190  1337 D SatelliteController: iisInCarrierRoamingNbIotNtn: satellite is disabled
10-21 17:13:51.872  1190  1337 D SatelliteController: getCarrierRoamingNtnConnectType: Falling back to global carrier config connect type: 0
10-21 17:13:51.885  1379  1379 D BoundBrokerSvc: onUnbind: Intent { act=com.google.android.gms.common.telemetry.service.START dat=chimera-action:/... xflg=0x4 cmp=com.google.android.gms/.chimera.PersistentApiService }
10-21 17:13:51.955   767   941 D WifiClientModeImpl[21111:wlan0]: updateLinkLayerStatsRssiSpeedFrequencyCapabilities rssi=-50 TxLinkspeed=2 freq=2447 RxLinkSpeed=2
10-21 17:13:51.956   767   941 D WifiDataStall: tx tput in kbps: 11000
10-21 17:13:51.956   767   941 D WifiDataStall: rx tput in kbps: 11000
10-21 17:13:51.956   767   941 V WifiConfigManager: Updating scan detail cache freq=2447 BSSID=00:13:10:85:fe:01 RSSI=-50 for "AndroidWifi"NONE
10-21 17:13:51.956   767   941 D WifiThroughputPredictor:  utilization (LLS) 80 isBluetoothConnected: false final utilization: 80
10-21 17:13:51.956   767   941 D WifiThroughputPredictor:  BW: 0 RSSI: -50 Nss: 1 Mode: 1 symDur: 4000 snrDb 30 bitPerTone: 4500 rate: 54 throughput: 11
10-21 17:13:51.956   767   941 D WifiThroughputPredictor:  utilization (LLS) 80 isBluetoothConnected: false final utilization: 80
10-21 17:13:51.956   767   941 D WifiThroughputPredictor:  BW: 0 RSSI: -50 Nss: 1 Mode: 1 symDur: 4000 snrDb 30 bitPerTone: 4500 rate: 54 throughput: 11
10-21 17:13:51.956   767   941 D WifiThroughputPredictor:  utilization (LLS) 80 isBluetoothConnected: false final utilization: 80
10-21 17:13:51.956   767   941 D WifiThroughputPredictor:  BW: 0 RSSI: -50 Nss: 1 Mode: 1 symDur: 4000 snrDb 30 bitPerTone: 4500 rate: 54 throughput: 11
10-21 17:13:51.956   767   941 D WifiThroughputPredictor:  utilization (LLS) 80 isBluetoothConnected: false final utilization: 80
10-21 17:13:51.956   767   941 D WifiThroughputPredictor:  BW: 0 RSSI: -50 Nss: 1 Mode: 1 symDur: 4000 snrDb 30 bitPerTone: 4500 rate: 54 throughput: 11
10-21 17:13:51.958   767   941 I HalDevMgr: bestIfaceCreationProposal is null, requestIface=STA, existingIface=[name=wlan0 type=STA]
10-21 17:13:51.958   767   941 D WifiScoreCard: BSSID update SIGNAL_POLL ID: 14232187 SSID: "AndroidWifi", BSSID: 00:13:10:85:fe:01, MAC: 02:15:b2:00:00:00, IP: /10.0.2.16, Security type: 0, Supplicant state: COMPLETED, Wi-Fi standard: legacy, RSSI: -50, Link speed: 2Mbps, Tx Link speed: 2Mbps, Max Supported Tx Link speed: 11Mbps, Rx Link speed: 2Mbps, Max Supported Rx Link speed: 11Mbps, Frequency: 2447MHz, Net ID: 0, Metered hint: false, score: 83, isUsable: true, CarrierMerged: false, SubscriptionId: -1, IsPrimary: 1, Trusted: true, Restricted: false, Ephemeral: false, OEM paid: false, OEM private: false, OSU AP: false, FQDN: <none>, Provider friendly name: <none>, Requesting package name: <none>"AndroidWifi"openMLO Information: , Is TID-To-Link negotiation supported by the AP: false, AP MLD Address: <none>, AP MLO Link Id: <none>, AP MLO Affiliated links: <none>, Vendor Data: <none>
10-21 17:13:51.958   767   941 D WifiScoreCard: txRate: 3 txSpeed: 2
10-21 17:13:51.958   767   941 D WifiScoreCard: network update SIGNAL_POLL "AndroidWifi" ID: 1073449701 RSSI -50 txSpeed -1
10-21 17:13:51.958   767   941 D WifiClientModeImpl[21111:wlan0]:  ClientModeImpl$L2ConnectedState screen=on 1 0 "AndroidWifi" 00:13:10:85:fe:01 rssi=-50 f=2447 sc=83 link=2 tx=2.2, 0.0, 0.0 rx=1.9 bcn=0 [on:0 tx:0 rx:0 period:3007] from screen [on:0 period:101440598] score=83
10-21 17:13:52.370   767   949 D InetDiagMessage: Destroyed 0 sockets, proto=IPPROTO_TCP, family=AF_INET, states=14
10-21 17:13:52.371   767   949 D InetDiagMessage: Destroyed 0 sockets, proto=IPPROTO_TCP, family=AF_INET6, states=14
10-21 17:13:52.371   767   949 D InetDiagMessage: Destroyed live tcp sockets for uids={10137} in 1ms
10-21 17:13:52.371   767   949 D InetDiagMessage: Destroyed 0 sockets, proto=IPPROTO_TCP, family=AF_INET, states=14
10-21 17:13:52.371   767   949 D InetDiagMessage: Destroyed 0 sockets, proto=IPPROTO_TCP, family=AF_INET6, states=14
10-21 17:13:52.371   767   949 D InetDiagMessage: Destroyed live tcp sockets for uids={20137} in 1ms
10-21 17:13:52.416   520   596 I netd    : tetherGetStats() -> {[]} <1.30ms>
10-21 17:13:52.840   767   949 D InetDiagMessage: Destroyed 0 sockets, proto=IPPROTO_TCP, family=AF_INET, states=14
10-21 17:13:52.840   767   949 D InetDiagMessage: Destroyed 0 sockets, proto=IPPROTO_TCP, family=AF_INET6, states=14
10-21 17:13:52.840   767   949 D InetDiagMessage: Destroyed live tcp sockets for uids={10155} in 1ms
10-21 17:13:52.841   767   949 D InetDiagMessage: Destroyed 0 sockets, proto=IPPROTO_TCP, family=AF_INET, states=14
10-21 17:13:52.841   767   949 D InetDiagMessage: Destroyed 0 sockets, proto=IPPROTO_TCP, family=AF_INET6, states=14
10-21 17:13:52.841   767   949 D InetDiagMessage: Destroyed live tcp sockets for uids={20155} in 1ms
10-21 17:13:54.962   767   941 D WifiClientModeImpl[21111:wlan0]: updateLinkLayerStatsRssiSpeedFrequencyCapabilities rssi=-50 TxLinkspeed=2 freq=2447 RxLinkSpeed=2
10-21 17:13:54.962   767   941 D WifiDataStall: tx tput in kbps: 11000
10-21 17:13:54.962   767   941 D WifiDataStall: rx tput in kbps: 11000
10-21 17:13:54.962   767   941 V WifiConfigManager: Updating scan detail cache freq=2447 BSSID=00:13:10:85:fe:01 RSSI=-50 for "AndroidWifi"NONE
10-21 17:13:54.963   767   941 D WifiThroughputPredictor:  utilization (LLS) 80 isBluetoothConnected: false final utilization: 80
10-21 17:13:54.963   767   941 D WifiThroughputPredictor:  BW: 0 RSSI: -50 Nss: 1 Mode: 1 symDur: 4000 snrDb 30 bitPerTone: 4500 rate: 54 throughput: 11
10-21 17:13:54.963   767   941 D WifiThroughputPredictor:  utilization (LLS) 80 isBluetoothConnected: false final utilization: 80
10-21 17:13:54.963   767   941 D WifiThroughputPredictor:  BW: 0 RSSI: -50 Nss: 1 Mode: 1 symDur: 4000 snrDb 30 bitPerTone: 4500 rate: 54 throughput: 11
10-21 17:13:54.963   767   941 D WifiThroughputPredictor:  utilization (LLS) 80 isBluetoothConnected: false final utilization: 80
10-21 17:13:54.963   767   941 D WifiThroughputPredictor:  BW: 0 RSSI: -50 Nss: 1 Mode: 1 symDur: 4000 snrDb 30 bitPerTone: 4500 rate: 54 throughput: 11
10-21 17:13:54.963   767   941 D WifiThroughputPredictor:  utilization (LLS) 80 isBluetoothConnected: false final utilization: 80
10-21 17:13:54.963   767   941 D WifiThroughputPredictor:  BW: 0 RSSI: -50 Nss: 1 Mode: 1 symDur: 4000 snrDb 30 bitPerTone: 4500 rate: 54 throughput: 11
10-21 17:13:54.964   767   941 I HalDevMgr: bestIfaceCreationProposal is null, requestIface=STA, existingIface=[name=wlan0 type=STA]
10-21 17:13:54.964   767   941 D WifiScoreCard: BSSID update SIGNAL_POLL ID: 14232187 SSID: "AndroidWifi", BSSID: 00:13:10:85:fe:01, MAC: 02:15:b2:00:00:00, IP: /10.0.2.16, Security type: 0, Supplicant state: COMPLETED, Wi-Fi standard: legacy, RSSI: -50, Link speed: 2Mbps, Tx Link speed: 2Mbps, Max Supported Tx Link speed: 11Mbps, Rx Link speed: 2Mbps, Max Supported Rx Link speed: 11Mbps, Frequency: 2447MHz, Net ID: 0, Metered hint: false, score: 83, isUsable: true, CarrierMerged: false, SubscriptionId: -1, IsPrimary: 1, Trusted: true, Restricted: false, Ephemeral: false, OEM paid: false, OEM private: false, OSU AP: false, FQDN: <none>, Provider friendly name: <none>, Requesting package name: <none>"AndroidWifi"openMLO Information: , Is TID-To-Link negotiation supported by the AP: false, AP MLD Address: <none>, AP MLO Link Id: <none>, AP MLO Affiliated links: <none>, Vendor Data: <none>
10-21 17:13:54.964   767   941 D WifiScoreCard: txRate: 1 txSpeed: 2
10-21 17:13:54.964   767   941 D WifiScoreCard: network update SIGNAL_POLL "AndroidWifi" ID: 1073449701 RSSI -50 txSpeed -1
10-21 17:13:54.964   767   941 D WifiClientModeImpl[21111:wlan0]:  ClientModeImpl$L2ConnectedState screen=on 1 0 "AndroidWifi" 00:13:10:85:fe:01 rssi=-50 f=2447 sc=83 link=2 tx=0.8, 0.0, 0.0 rx=0.7 bcn=0 [on:0 tx:0 rx:0 period:3006] from screen [on:0 period:101443604] score=83
10-21 17:13:56.506   767  1153 D FileUtils: Rounded bytes from 2061942784 to 4000000000
10-21 17:13:56.514   767  1153 D ConnectivityService: Returning BLOCKED NetworkInfo to uid=10172
10-21 17:13:56.567   767   884 D ActivityManager: freezing 12169 com.google.android.deskclock
10-21 17:13:56.569   767   949 D InetDiagMessage: Destroyed 0 sockets, proto=IPPROTO_TCP, family=AF_INET, states=14
10-21 17:13:56.569   767   949 D InetDiagMessage: Destroyed 0 sockets, proto=IPPROTO_TCP, family=AF_INET6, states=14
10-21 17:13:56.569   767   949 D InetDiagMessage: Destroyed live tcp sockets for uids={10163} in 1ms
10-21 17:13:57.442   767   884 D ActivityManager: freezing 12029 com.google.android.youtube
10-21 17:13:57.443   767   884 D ActivityManager: freezing 11265 com.android.chrome
10-21 17:13:57.445   767   949 D InetDiagMessage: Destroyed 0 sockets, proto=IPPROTO_TCP, family=AF_INET, states=14
10-21 17:13:57.445   767   949 D InetDiagMessage: Destroyed 0 sockets, proto=IPPROTO_TCP, family=AF_INET6, states=14
10-21 17:13:57.445   767   949 D InetDiagMessage: Destroyed live tcp sockets for uids={10172} in 1ms
10-21 17:13:57.446   767   949 D InetDiagMessage: Destroyed 0 sockets, proto=IPPROTO_TCP, family=AF_INET, states=14
10-21 17:13:57.446   767   949 D InetDiagMessage: Destroyed 0 sockets, proto=IPPROTO_TCP, family=AF_INET6, states=14
10-21 17:13:57.446   767   949 D InetDiagMessage: Destroyed live tcp sockets for uids={10153} in 1ms
10-21 17:13:57.835   767  1967 I ActivityManager: Process com.google.android.deskclock (pid 12169) has died: cch  +30 CAC 
10-21 17:13:57.837   767  1036 I WindowManager: WIN DEATH: Window{62cf6c3 u0 com.google.android.deskclock/com.android.deskclock.DeskClock}
10-21 17:13:57.842   522   522 I Zygote  : Process 12169 exited due to signal 9 (Killed)
10-21 17:13:57.844   767  1967 E TransitionChain: Can't collect into a chain with no transition
10-21 17:13:57.844   767  1967 E TransitionChain: Can't collect into a chain with no transition
10-21 17:13:57.844   767   802 W ActivityManager: setHasOverlayUi called on unknown pid: 12169
10-21 17:13:57.845   767   873 W UsageStatsService: Unexpected activity event reported! (com.google.android.deskclock/com.android.deskclock.DeskClock event : 23 instanceId : 185855140)
10-21 17:13:57.848   767   811 I libprocessgroup: Removed cgroup /sys/fs/cgroup/apps/uid_10163/pid_12169
10-21 17:13:57.857   520   596 I netd    : tetherGetStats() -> {[]} <0.34ms>
10-21 17:13:57.871   522   522 I Zygote  : Process 12029 exited due to signal 9 (Killed)
10-21 17:13:57.873   767  1914 I ActivityManager: Process com.google.android.youtube (pid 12029) has died: cch  +20 CAC 
10-21 17:13:57.874   767  1035 I WindowManager: WIN DEATH: Window{9c45fa4 u0 com.google.android.youtube/com.google.android.youtube.app.honeycomb.Shell$HomeActivity}
10-21 17:13:57.876   767   949 D ConnectivityService: releasing NetworkRequest [ REQUEST id=343, [ Capabilities: INTERNET&NOT_RESTRICTED&TRUSTED&NOT_VCN_MANAGED&NOT_BANDWIDTH_CONSTRAINED Uid: 10172 RequestorUid: 10172 RequestorPkg: com.google.android.youtube UnderlyingNetworks: Null] ] (release request)
10-21 17:13:57.877   767  1914 D ActivityManager: sync unfroze 11265 com.android.chrome for 5
10-21 17:13:57.878   767   949 D ConnectivityService: releasing NetworkRequest [ REQUEST id=346, [ Capabilities: INTERNET&NOT_RESTRICTED&TRUSTED&NOT_VCN_MANAGED&NOT_BANDWIDTH_CONSTRAINED Uid: 10172 RequestorUid: 10172 RequestorPkg: com.google.android.youtube UnderlyingNetworks: Null] ] (release request)
10-21 17:13:57.878   767   949 D ConnectivityService: releasing NetworkRequest [ REQUEST id=348, [ Capabilities: INTERNET&NOT_RESTRICTED&TRUSTED&NOT_VCN_MANAGED&NOT_BANDWIDTH_CONSTRAINED Uid: 10172 RequestorUid: 10172 RequestorPkg: com.google.android.youtube UnderlyingNetworks: Null] ] (release request)
10-21 17:13:57.879   767   949 D ConnectivityService: releasing NetworkRequest [ REQUEST id=350, [ Capabilities: INTERNET&NOT_RESTRICTED&TRUSTED&NOT_VCN_MANAGED&NOT_BANDWIDTH_CONSTRAINED Uid: 10172 RequestorUid: 10172 RequestorPkg: com.google.android.youtube UnderlyingNetworks: Null] ] (release request)
10-21 17:13:57.879   767   949 D ConnectivityService: releasing NetworkRequest [ REQUEST id=352, [ Capabilities: INTERNET&NOT_RESTRICTED&TRUSTED&NOT_VCN_MANAGED&NOT_BANDWIDTH_CONSTRAINED Uid: 10172 RequestorUid: 10172 RequestorPkg: com.google.android.youtube UnderlyingNetworks: Null] ] (release request)
10-21 17:13:57.880  1643  1643 D BoundBrokerSvc: onUnbind: Intent { act=com.google.android.gms.measurement.START xflg=0x4 pkg=com.google.android.gms }
10-21 17:13:57.881   767   811 I libprocessgroup: Removed cgroup /sys/fs/cgroup/apps/uid_10172/pid_12029
10-21 17:13:57.889   767  1914 E TransitionChain: Can't collect into a chain with no transition
10-21 17:13:57.889   767  1914 E TransitionChain: Can't collect into a chain with no transition
10-21 17:13:57.890  1379 12252 I DiscoveryManager: Filter criteria(null) scannerFlags(0)
10-21 17:13:57.891   767   802 W ActivityManager: setHasOverlayUi called on unknown pid: 12029
10-21 17:13:57.891   767   873 W UsageStatsService: Unexpected activity event reported! (com.google.android.youtube/com.google.android.apps.youtube.app.watchwhile.MainActivity event : 23 instanceId : 86384450)
10-21 17:13:57.899  1379 12252 W DatabaseProcessor: processLocalDevices: failed to get the network info with non-null networkId.
10-21 17:13:57.901   767   952 I serviceDiscovery: [MdnsDiscoveryManager] Unregistering listener for serviceType:_googlecast._tcp.local
10-21 17:13:57.902   767   952 I serviceDiscovery: [MdnsDiscoveryManager] Unregistering listener for serviceType:_googlecast._tcp.local
10-21 17:13:57.902   767   952 I serviceDiscovery: [MdnsSocketProvider] Stop monitoring sockets.
10-21 17:13:57.902   767   952 I TetheringManager: unregisterTetheringEventCallback caller:android
10-21 17:13:57.903   767  2419 I WifiService: releaseMulticastLock uid=10146 lockTag=MdnsServiceBrowserImpl
10-21 17:13:57.904   767  2419 V WifiPermissionsUtil: deviceOwner:null
10-21 17:13:57.907  1154  1327 E ProcfsParsingUtils: failed to read /sys/class/net/wlan0/mtu
10-21 17:13:57.907  1154  1327 E ProcfsParsingUtils: java.nio.file.AccessDeniedException: /sys/class/net/wlan0/mtu
10-21 17:13:57.907  1154  1327 E ProcfsParsingUtils: 	at sun.nio.fs.UnixFileSystemProvider.newByteChannel(UnixFileSystemProvider.java:220)
10-21 17:13:57.907  1154  1327 E ProcfsParsingUtils: 	at java.nio.file.Files.newByteChannel(Files.java:371)
10-21 17:13:57.907  1154  1327 E ProcfsParsingUtils: 	at java.nio.file.Files.newByteChannel(Files.java:422)
10-21 17:13:57.907  1154  1327 E ProcfsParsingUtils: 	at java.nio.file.spi.FileSystemProvider.newInputStream(FileSystemProvider.java:420)
10-21 17:13:57.907  1154  1327 E ProcfsParsingUtils: 	at java.nio.file.Files.newInputStream(Files.java:156)
10-21 17:13:57.907  1154  1327 E ProcfsParsingUtils: 	at java.nio.file.Files.newBufferedReader(Files.java:2844)
10-21 17:13:57.907  1154  1327 E ProcfsParsingUtils: 	at com.android.networkstack.com.android.net.module.util.ProcfsParsingUtils.readFile(ProcfsParsingUtils.java:75)
10-21 17:13:57.907  1154  1327 E ProcfsParsingUtils: 	at com.android.networkstack.com.android.net.module.util.ProcfsParsingUtils.getInterfaceMtu(ProcfsParsingUtils.java:350)
10-21 17:13:57.907  1154  1327 E ProcfsParsingUtils: 	at com.android.networkstack.android.net.apf.ApfFilter$Dependencies.getInterfaceMtu(ApfFilter.java:818)
10-21 17:13:57.907  1154  1327 E ProcfsParsingUtils: 	at com.android.networkstack.android.net.apf.ApfFilter.installNewProgram(ApfFilter.java:3898)
10-21 17:13:57.907  1154  1327 E ProcfsParsingUtils: 	at com.android.networkstack.android.net.apf.ApfFilter.setMulticastFilter(ApfFilter.java:4184)
10-21 17:13:57.907  1154  1327 E ProcfsParsingUtils: 	at com.android.networkstack.android.net.ip.IpClient$RunningState.processMessage(IpClient.java:3894)
10-21 17:13:57.907  1154  1327 E ProcfsParsingUtils: 	at com.android.networkstack.com.android.internal.util.StateMachine$SmHandler.processMsg(StateMachine.java:1007)
10-21 17:13:57.907  1154  1327 E ProcfsParsingUtils: 	at com.android.networkstack.com.android.internal.util.StateMachine$SmHandler.handleMessage(StateMachine.java:820)
10-21 17:13:57.907  1154  1327 E ProcfsParsingUtils: 	at android.os.Handler.dispatchMessage(Handler.java:132)
10-21 17:13:57.907  1154  1327 E ProcfsParsingUtils: 	at android.os.Looper.dispatchMessage(Looper.java:333)
10-21 17:13:57.907  1154  1327 E ProcfsParsingUtils: 	at android.os.Looper.loopOnce(Looper.java:263)
10-21 17:13:57.907  1154  1327 E ProcfsParsingUtils: 	at android.os.Looper.loop(Looper.java:367)
10-21 17:13:57.907  1154  1327 E ProcfsParsingUtils: 	at android.os.HandlerThread.run(HandlerThread.java:139)
10-21 17:13:57.904  1154  1154 W IpClient.wlan0: type=1400 audit(0.0:162): avc:  denied  { search } for  name="net" dev="sysfs" ino=4782 scontext=u:r:network_stack:s0 tcontext=u:object_r:sysfs_net:s0 tclass=dir permissive=0
10-21 17:13:57.910  1154  1327 D IpClient.wlan0: set max DTIM multiplier to 2
10-21 17:13:57.917   767   941 D WifiVendorHal: installPacketFilter filter length 1682
10-21 17:13:57.919   767   941 D WifiClientModeImpl[21111:wlan0]:  ClientModeImpl$ConnectableState screen=on len=1682
10-21 17:13:57.919   767   941 E WifiStaIfaceAidlImpl: setDtimMultiplier failed with service-specific exception: android.os.ServiceSpecificException:  (code 4)
10-21 17:13:57.919   767   941 D WifiClientModeImpl: Set maximum DTIM Multiplier to 2 FAIL
10-21 17:13:57.919   767   941 D WifiClientModeImpl[21111:wlan0]:  ClientModeImpl$ConnectableState screen=on maximum multiplier=2
10-21 17:13:57.965   767   941 D WifiClientModeImpl[21111:wlan0]: updateLinkLayerStatsRssiSpeedFrequencyCapabilities rssi=-50 TxLinkspeed=2 freq=2447 RxLinkSpeed=2
10-21 17:13:57.965   767   941 D WifiDataStall: tx tput in kbps: 11000
10-21 17:13:57.965   767   941 D WifiDataStall: rx tput in kbps: 11000
10-21 17:13:57.965   767   941 V WifiConfigManager: Updating scan detail cache freq=2447 BSSID=00:13:10:85:fe:01 RSSI=-50 for "AndroidWifi"NONE
10-21 17:13:57.965   767   941 D WifiThroughputPredictor:  utilization (LLS) 80 isBluetoothConnected: false final utilization: 80
10-21 17:13:57.965   767   941 D WifiThroughputPredictor:  BW: 0 RSSI: -50 Nss: 1 Mode: 1 symDur: 4000 snrDb 30 bitPerTone: 4500 rate: 54 throughput: 11
10-21 17:13:57.965   767   941 D WifiThroughputPredictor:  utilization (LLS) 80 isBluetoothConnected: false final utilization: 80
10-21 17:13:57.965   767   941 D WifiThroughputPredictor:  BW: 0 RSSI: -50 Nss: 1 Mode: 1 symDur: 4000 snrDb 30 bitPerTone: 4500 rate: 54 throughput: 11
10-21 17:13:57.965   767   941 D WifiThroughputPredictor:  utilization (LLS) 80 isBluetoothConnected: false final utilization: 80
10-21 17:13:57.965   767   941 D WifiThroughputPredictor:  BW: 0 RSSI: -50 Nss: 1 Mode: 1 symDur: 4000 snrDb 30 bitPerTone: 4500 rate: 54 throughput: 11
10-21 17:13:57.965   767   941 D WifiThroughputPredictor:  utilization (LLS) 80 isBluetoothConnected: false final utilization: 80
10-21 17:13:57.965   767   941 D WifiThroughputPredictor:  BW: 0 RSSI: -50 Nss: 1 Mode: 1 symDur: 4000 snrDb 30 bitPerTone: 4500 rate: 54 throughput: 11
10-21 17:13:57.966   767   941 I HalDevMgr: bestIfaceCreationProposal is null, requestIface=STA, existingIface=[name=wlan0 type=STA]
10-21 17:13:57.966   767   941 D WifiScoreCard: BSSID update SIGNAL_POLL ID: 14232187 SSID: "AndroidWifi", BSSID: 00:13:10:85:fe:01, MAC: 02:15:b2:00:00:00, IP: /10.0.2.16, Security type: 0, Supplicant state: COMPLETED, Wi-Fi standard: legacy, RSSI: -50, Link speed: 2Mbps, Tx Link speed: 2Mbps, Max Supported Tx Link speed: 11Mbps, Rx Link speed: 2Mbps, Max Supported Rx Link speed: 11Mbps, Frequency: 2447MHz, Net ID: 0, Metered hint: false, score: 83, isUsable: true, CarrierMerged: false, SubscriptionId: -1, IsPrimary: 1, Trusted: true, Restricted: false, Ephemeral: false, OEM paid: false, OEM private: false, OSU AP: false, FQDN: <none>, Provider friendly name: <none>, Requesting package name: <none>"AndroidWifi"openMLO Information: , Is TID-To-Link negotiation supported by the AP: false, AP MLD Address: <none>, AP MLO Link Id: <none>, AP MLO Affiliated links: <none>, Vendor Data: <none>
10-21 17:13:57.966   767   941 D WifiScoreCard: txRate: 1 txSpeed: 2
10-21 17:13:57.966   767   941 D WifiScoreCard: network update SIGNAL_POLL "AndroidWifi" ID: 1073449701 RSSI -50 txSpeed -1
10-21 17:13:57.966   767   941 D WifiClientModeImpl[21111:wlan0]:  ClientModeImpl$L2ConnectedState screen=on 1 0 "AndroidWifi" 00:13:10:85:fe:01 rssi=-50 f=2447 sc=83 link=2 tx=0.3, 0.0, 0.0 rx=0.2 bcn=0 [on:0 tx:0 rx:0 period:3002] from screen [on:0 period:101446606] score=83
10-21 17:13:58.346   767   884 D ActivityManager: freezing 11398 com.google.android.contacts
10-21 17:13:58.348   767   949 D InetDiagMessage: Destroyed 0 sockets, proto=IPPROTO_TCP, family=AF_INET, states=14
10-21 17:13:58.349   767   949 D InetDiagMessage: Destroyed 0 sockets, proto=IPPROTO_TCP, family=AF_INET6, states=14
10-21 17:13:58.349   767   949 D InetDiagMessage: Destroyed live tcp sockets for uids={10155} in 1ms
10-21 17:14:00.288   767   884 D ActivityManager: freezing 11166 com.google.android.apps.wellbeing
10-21 17:14:00.290   767   949 D InetDiagMessage: Destroyed 0 sockets, proto=IPPROTO_TCP, family=AF_INET, states=14
10-21 17:14:00.291   767   949 D InetDiagMessage: Destroyed 0 sockets, proto=IPPROTO_TCP, family=AF_INET6, states=14
10-21 17:14:00.291   767   949 D InetDiagMessage: Destroyed live tcp sockets for uids={10150} in 1ms
10-21 17:14:00.895  1708  2243 I bbkx    : (REDACTED) getHotwordActive::active query: %s, watch: %s, devices connected: %s
10-21 17:14:00.971   767   941 D WifiClientModeImpl[21111:wlan0]: updateLinkLayerStatsRssiSpeedFrequencyCapabilities rssi=-50 TxLinkspeed=2 freq=2447 RxLinkSpeed=2
10-21 17:14:00.971   767   941 D WifiDataStall: tx tput in kbps: 11000
10-21 17:14:00.971   767   941 D WifiDataStall: rx tput in kbps: 11000
10-21 17:14:00.971   767   941 V WifiConfigManager: Updating scan detail cache freq=2447 BSSID=00:13:10:85:fe:01 RSSI=-50 for "AndroidWifi"NONE
10-21 17:14:00.971   767   941 D WifiThroughputPredictor:  utilization (LLS) 80 isBluetoothConnected: false final utilization: 80
10-21 17:14:00.971   767   941 D WifiThroughputPredictor:  BW: 0 RSSI: -50 Nss: 1 Mode: 1 symDur: 4000 snrDb 30 bitPerTone: 4500 rate: 54 throughput: 11
10-21 17:14:00.971   767   941 D WifiThroughputPredictor:  utilization (LLS) 80 isBluetoothConnected: false final utilization: 80
10-21 17:14:00.971   767   941 D WifiThroughputPredictor:  BW: 0 RSSI: -50 Nss: 1 Mode: 1 symDur: 4000 snrDb 30 bitPerTone: 4500 rate: 54 throughput: 11
10-21 17:14:00.972   767   941 D WifiThroughputPredictor:  utilization (LLS) 80 isBluetoothConnected: false final utilization: 80
10-21 17:14:00.972   767   941 D WifiThroughputPredictor:  BW: 0 RSSI: -50 Nss: 1 Mode: 1 symDur: 4000 snrDb 30 bitPerTone: 4500 rate: 54 throughput: 11
10-21 17:14:00.972   767   941 D WifiThroughputPredictor:  utilization (LLS) 80 isBluetoothConnected: false final utilization: 80
10-21 17:14:00.972   767   941 D WifiThroughputPredictor:  BW: 0 RSSI: -50 Nss: 1 Mode: 1 symDur: 4000 snrDb 30 bitPerTone: 4500 rate: 54 throughput: 11
10-21 17:14:00.973   767   941 I HalDevMgr: bestIfaceCreationProposal is null, requestIface=STA, existingIface=[name=wlan0 type=STA]
10-21 17:14:00.974   767   941 D WifiScoreCard: BSSID update SIGNAL_POLL ID: 14232187 SSID: "AndroidWifi", BSSID: 00:13:10:85:fe:01, MAC: 02:15:b2:00:00:00, IP: /10.0.2.16, Security type: 0, Supplicant state: COMPLETED, Wi-Fi standard: legacy, RSSI: -50, Link speed: 2Mbps, Tx Link speed: 2Mbps, Max Supported Tx Link speed: 11Mbps, Rx Link speed: 2Mbps, Max Supported Rx Link speed: 11Mbps, Frequency: 2447MHz, Net ID: 0, Metered hint: false, score: 83, isUsable: true, CarrierMerged: false, SubscriptionId: -1, IsPrimary: 1, Trusted: true, Restricted: false, Ephemeral: false, OEM paid: false, OEM private: false, OSU AP: false, FQDN: <none>, Provider friendly name: <none>, Requesting package name: <none>"AndroidWifi"openMLO Information: , Is TID-To-Link negotiation supported by the AP: false, AP MLD Address: <none>, AP MLO Link Id: <none>, AP MLO Affiliated links: <none>, Vendor Data: <none>
10-21 17:14:00.974   767   941 D WifiScoreCard: txRate: 1 txSpeed: 2
10-21 17:14:00.974   767   941 D WifiScoreCard: network update SIGNAL_POLL "AndroidWifi" ID: 1073449701 RSSI -50 txSpeed -1
10-21 17:14:00.974   767   941 D WifiClientModeImpl[21111:wlan0]:  ClientModeImpl$L2ConnectedState screen=on 1 0 "AndroidWifi" 00:13:10:85:fe:01 rssi=-50 f=2447 sc=83 link=2 tx=0.1, 0.0, 0.0 rx=0.0 bcn=0 [on:0 tx:0 rx:0 period:3008] from screen [on:0 period:101449614] score=83
10-21 17:14:01.849  1190  1337 D SatelliteController: iisInCarrierRoamingNbIotNtn: satellite is disabled
10-21 17:14:01.850  1190  1337 D SatelliteController: getCarrierRoamingNtnConnectType: Falling back to global carrier config connect type: 0
10-21 17:14:02.400   767   884 D ActivityManager: freezing 11351 android.process.acore
10-21 17:14:02.401   767   949 D InetDiagMessage: Destroyed 0 sockets, proto=IPPROTO_TCP, family=AF_INET, states=14
10-21 17:14:02.401   767   949 D InetDiagMessage: Destroyed 0 sockets, proto=IPPROTO_TCP, family=AF_INET6, states=14
10-21 17:14:02.401   767   949 D InetDiagMessage: Destroyed live tcp sockets for uids={10096} in 1ms
10-21 17:14:02.959   767   949 D InetDiagMessage: Destroyed 0 sockets, proto=IPPROTO_TCP, family=AF_INET, states=14
10-21 17:14:02.959   767   949 D InetDiagMessage: Destroyed 0 sockets, proto=IPPROTO_TCP, family=AF_INET6, states=14
10-21 17:14:02.959   767   949 D InetDiagMessage: Destroyed live tcp sockets for uids={10153} in 1ms
10-21 17:14:02.960   767   949 D InetDiagMessage: Destroyed 0 sockets, proto=IPPROTO_TCP, family=AF_INET, states=14
10-21 17:14:02.961   767   949 D InetDiagMessage: Destroyed 0 sockets, proto=IPPROTO_TCP, family=AF_INET6, states=14
10-21 17:14:02.961   767   949 D InetDiagMessage: Destroyed live tcp sockets for uids={20153} in 1ms
10-21 17:14:03.764   767   819 I WifiService: isFeatureSupported uid=1000 returns [WIFI_FEATURE_INFRA, WIFI_FEATURE_P2P, WIFI_FEATURE_MOBILE_HOTSPOT, WIFI_FEATURE_WPA3_SAE, WIFI_FEATURE_WPA3_SUITE_B, WIFI_FEATURE_OWE, WIFI_FEATURE_DPP, WIFI_FEATURE_AP_RAND_MAC, WIFI_FEATURE_MBO, WIFI_FEATURE_FILS_SHA256, WIFI_FEATURE_FILS_SHA384, WIFI_FEATURE_SAE_PK, WIFI_FEATURE_DPP_ENROLLEE_RESPONDER, WIFI_FEATURE_PASSPOINT_TERMS_AND_CONDITIONS, WIFI_FEATURE_WFD_R2, WIFI_FEATURE_DECORATED_IDENTITY, WIFI_FEATURE_TRUST_ON_FIRST_USE, WIFI_FEATURE_SET_TLS_MINIMUM_VERSION, WIFI_FEATURE_TLS_V1_3, WIFI_FEATURE_WEP, WIFI_FEATURE_WPA_PERSONAL]
10-21 17:14:03.977   767   941 D WifiClientModeImpl[21111:wlan0]: updateLinkLayerStatsRssiSpeedFrequencyCapabilities rssi=-50 TxLinkspeed=2 freq=2447 RxLinkSpeed=2
10-21 17:14:03.977   767   941 D WifiDataStall: tx tput in kbps: 11000
10-21 17:14:03.977   767   941 D WifiDataStall: rx tput in kbps: 11000
10-21 17:14:03.978   767   941 V WifiConfigManager: Updating scan detail cache freq=2447 BSSID=00:13:10:85:fe:01 RSSI=-50 for "AndroidWifi"NONE
10-21 17:14:03.978   767   941 D WifiThroughputPredictor:  utilization (LLS) 80 isBluetoothConnected: false final utilization: 80
10-21 17:14:03.978   767   941 D WifiThroughputPredictor:  BW: 0 RSSI: -50 Nss: 1 Mode: 1 symDur: 4000 snrDb 30 bitPerTone: 4500 rate: 54 throughput: 11
10-21 17:14:03.978   767   941 D WifiThroughputPredictor:  utilization (LLS) 80 isBluetoothConnected: false final utilization: 80
10-21 17:14:03.978   767   941 D WifiThroughputPredictor:  BW: 0 RSSI: -50 Nss: 1 Mode: 1 symDur: 4000 snrDb 30 bitPerTone: 4500 rate: 54 throughput: 11
10-21 17:14:03.978   767   941 D WifiThroughputPredictor:  utilization (LLS) 80 isBluetoothConnected: false final utilization: 80
10-21 17:14:03.978   767   941 D WifiThroughputPredictor:  BW: 0 RSSI: -50 Nss: 1 Mode: 1 symDur: 4000 snrDb 30 bitPerTone: 4500 rate: 54 throughput: 11
10-21 17:14:03.978   767   941 D WifiThroughputPredictor:  utilization (LLS) 80 isBluetoothConnected: false final utilization: 80
10-21 17:14:03.978   767   941 D WifiThroughputPredictor:  BW: 0 RSSI: -50 Nss: 1 Mode: 1 symDur: 4000 snrDb 30 bitPerTone: 4500 rate: 54 throughput: 11
10-21 17:14:03.980   767   941 I HalDevMgr: bestIfaceCreationProposal is null, requestIface=STA, existingIface=[name=wlan0 type=STA]
10-21 17:14:03.980   767   941 D WifiScoreCard: BSSID update SIGNAL_POLL ID: 14232187 SSID: "AndroidWifi", BSSID: 00:13:10:85:fe:01, MAC: 02:15:b2:00:00:00, IP: /10.0.2.16, Security type: 0, Supplicant state: COMPLETED, Wi-Fi standard: legacy, RSSI: -50, Link speed: 2Mbps, Tx Link speed: 2Mbps, Max Supported Tx Link speed: 11Mbps, Rx Link speed: 2Mbps, Max Supported Rx Link speed: 11Mbps, Frequency: 2447MHz, Net ID: 0, Metered hint: false, score: 83, isUsable: true, CarrierMerged: false, SubscriptionId: -1, IsPrimary: 1, Trusted: true, Restricted: false, Ephemeral: false, OEM paid: false, OEM private: false, OSU AP: false, FQDN: <none>, Provider friendly name: <none>, Requesting package name: <none>"AndroidWifi"openMLO Information: , Is TID-To-Link negotiation supported by the AP: false, AP MLD Address: <none>, AP MLO Link Id: <none>, AP MLO Affiliated links: <none>, Vendor Data: <none>
10-21 17:14:03.980   767   941 D WifiScoreCard: txRate: 1 txSpeed: 2
10-21 17:14:03.980   767   941 D WifiScoreCard: network update SIGNAL_POLL "AndroidWifi" ID: 1073449701 RSSI -50 txSpeed -1
10-21 17:14:03.980   767   941 D WifiClientModeImpl[21111:wlan0]:  ClientModeImpl$L2ConnectedState screen=on 1 0 "AndroidWifi" 00:13:10:85:fe:01 rssi=-50 f=2447 sc=83 link=2 tx=0.0, 0.0, 0.0 rx=0.0 bcn=0 [on:0 tx:0 rx:0 period:3006] from screen [on:0 period:101452620] score=83
10-21 17:14:04.049   625   625 I perfetto: ng_service_impl.cc:2285 FlushAndDisableTracing(2) done, success=1
10-21 17:14:04.050   624   624 I perfetto:  probes_producer.cc:505 Producer stop (id=7)
10-21 17:14:04.054   624   624 I perfetto:          tracefs.cc:600 disabled ftrace in /sys/kernel/tracing/
10-21 17:14:04.095     0     0 W perfetto: disabled ftrace
10-21 17:14:04.177   624   624 I perfetto:          tracefs.cc:600 disabled ftrace in /sys/kernel/tracing/
10-21 17:14:04.217     0     0 W perfetto: disabled ftrace
10-21 17:14:04.207   624   624 I perfetto:  probes_producer.cc:505 Producer stop (id=8)
10-21 17:14:04.207   624   624 I perfetto:  probes_producer.cc:505 Producer stop (id=9)
10-21 17:14:04.207   624   624 I perfetto:  probes_producer.cc:505 Producer stop (id=12)
10-21 17:14:04.214   625   625 E perfetto:    android_utils.cc:127 Unable to read ro.boot.hardware.revision
10-21 17:14:04.214   625   625 E perfetto:    android_utils.cc:132 Unable to read ro.boot.hardware.ufs
10-21 17:14:04.214   625   625 E perfetto:    android_utils.cc:137 Unable to read ro.boot.hardware.ddr
10-21 17:14:04.553 12146 12146 I perfetto:    perfetto_cmd.cc:1211 Wrote 61899402 bytes into /data/misc/perfetto-traces/trace.pftrace
10-21 17:14:04.559   625   625 I perfetto: ng_service_impl.cc:2888 Tracing session 2 ended, total sessions:0
10-21 17:14:04.771     0     0 I logd    : logdr: UID=0 GID=0 PID=12811 n tail=0 logMask=99 pid=0 start=0ns deadline=0ns
