Open logfile: stress.log

*** adb root'ed.

*** Reset stress test app.
*** Power loss after 7 seconds...
*** Starting stress... #0
--------- beginning of main
--------- beginning of system
01-30 13:13:09.033  8495  8495 D SQLiteStress: Intent configuration threads=10
01-30 13:13:09.033  8495  8495 D SQLiteStress: Intent configuration delay=10 ms
01-30 13:13:09.033  8495  8495 I SQLiteStress: startStress
01-30 13:13:09.088  8495  8524 D SQLiteStress: #7 create db: counts
01-30 13:13:09.091  8495  8521 D SQLiteStress: #4 create db: counts
01-30 13:13:09.091  8495  8525 D SQLiteStress: #8 create db: counts
01-30 13:13:09.091  8495  8517 D SQLiteStress: #0 create db: counts
01-30 13:13:09.091  8495  8526 D SQLiteStress: #9 create db: counts
01-30 13:13:09.094  8495  8518 D SQLiteStress: #1 create db: counts
01-30 13:13:09.094  8495  8520 D SQLiteStress: #3 create db: counts
01-30 13:13:09.094  8495  8519 D SQLiteStress: #2 create db: counts
01-30 13:13:09.094  8495  8523 D SQLiteStress: #6 create db: counts
01-30 13:13:09.101  8495  8522 D SQLiteStress: #5 create db: counts
01-30 13:13:09.102  8495  8524 D SQLiteStress: #7 getReadableDatabase()
01-30 13:13:09.105  8495  8524 W SQLiteStress: #7 cursor.getCount() returns 0
01-30 13:13:09.106  8495  8524 D SQLiteStress: #7 closeDatabase()
01-30 13:13:09.107  8495  8525 D SQLiteStress: #8 getReadableDatabase()
01-30 13:13:09.108  8495  8521 D SQLiteStress: #4 getReadableDatabase()
01-30 13:13:09.108  8495  8519 D SQLiteStress: #2 getReadableDatabase()
01-30 13:13:09.108  8495  8520 D SQLiteStress: #3 getReadableDatabase()
01-30 13:13:09.108  8495  8521 W SQLiteStress: #4 cursor.getCount() returns 0
01-30 13:13:09.108  8495  8525 W SQLiteStress: #8 cursor.getCount() returns 0
01-30 13:13:09.109  8495  8525 D SQLiteStress: #8 closeDatabase()
01-30 13:13:09.109  8495  8521 D SQLiteStress: #4 closeDatabase()
01-30 13:13:09.109  8495  8519 W SQLiteStress: #2 cursor.getCount() returns 0
01-30 13:13:09.109  8495  8517 D SQLiteStress: #0 getReadableDatabase()
01-30 13:13:09.109  8495  8526 D SQLiteStress: #9 getReadableDatabase()
01-30 13:13:09.109  8495  8520 W SQLiteStress: #3 cursor.getCount() returns 0
01-30 13:13:09.109  8495  8519 D SQLiteStress: #2 closeDatabase()
01-30 13:13:09.110  8495  8520 D SQLiteStress: #3 closeDatabase()
01-30 13:13:09.110  8495  8523 D SQLiteStress: #6 getReadableDatabase()
01-30 13:13:09.110  8495  8518 D SQLiteStress: #1 getReadableDatabase()
01-30 13:13:09.111  8495  8517 W SQLiteStress: #0 cursor.getCount() returns 0
01-30 13:13:09.111  8495  8526 W SQLiteStress: #9 cursor.getCount() returns 0
01-30 13:13:09.111  8495  8526 D SQLiteStress: #9 closeDatabase()
01-30 13:13:09.111  8495  8523 W SQLiteStress: #6 cursor.getCount() returns 0
01-30 13:13:09.111  8495  8523 D SQLiteStress: #6 closeDatabase()
01-30 13:13:09.112  8495  8518 W SQLiteStress: #1 cursor.getCount() returns 0
01-30 13:13:09.112  8495  8517 D SQLiteStress: #0 closeDatabase()
01-30 13:13:09.112  8495  8518 D SQLiteStress: #1 closeDatabase()
01-30 13:13:09.114  8495  8525 D SQLiteStress: #8 getWritableDatabase()
01-30 13:13:09.114  8495  8523 D SQLiteStress: #6 getWritableDatabase()
01-30 13:13:09.115  8495  8522 D SQLiteStress: #5 getReadableDatabase()
01-30 13:13:09.115  8495  8524 D SQLiteStress: #7 getWritableDatabase()
01-30 13:13:09.115  8495  8521 D SQLiteStress: #4 getWritableDatabase()
01-30 13:13:09.115  8495  8519 D SQLiteStress: #2 getWritableDatabase()
01-30 13:13:09.116  8495  8526 D SQLiteStress: #9 getWritableDatabase()
01-30 13:13:09.117  8495  8518 D SQLiteStress: #1 getWritableDatabase()
01-30 13:13:09.117  8495  8522 W SQLiteStress: #5 cursor.getCount() returns 0
01-30 13:13:09.118  8495  8520 D SQLiteStress: #3 getWritableDatabase()
01-30 13:13:09.118  8495  8517 D SQLiteStress: #0 getWritableDatabase()
01-30 13:13:09.118  8495  8522 D SQLiteStress: #5 closeDatabase()
01-30 13:13:09.121  8495  8522 D SQLiteStress: #5 getWritableDatabase()
01-30 13:13:09.129  8495  8523 D SQLiteStress: #6 setCount: 1
01-30 13:13:09.131  8495  8526 D SQLiteStress: #9 setCount: 1
01-30 13:13:09.131  8495  8518 D SQLiteStress: #1 setCount: 1
01-30 13:13:09.131  8495  8521 D SQLiteStress: #4 setCount: 1
01-30 13:13:09.131  8495  8518 D SQLiteStress: #1 setCount: 1

### Data loss detected: error=-1.
Thread: 1
Last  : 1
Expect: 2
Get   : 1
01-30 13:13:09.135  8495  8525 D SQLiteStress: #8 setCount: 1
01-30 13:13:09.135  8495  8520 D SQLiteStress: #3 setCount: 1
01-30 13:13:09.135  8495  8517 D SQLiteStress: #0 setCount: 1
01-30 13:13:09.135  8495  8524 D SQLiteStress: #7 setCount: 1
01-30 13:13:09.135  8495  8519 D SQLiteStress: #2 setCount: 1
01-30 13:13:09.138  8495  8522 D SQLiteStress: #5 setCount: 1
01-30 13:13:09.151  8495  8517 D SQLiteStress: #0 setCount: 2
01-30 13:13:09.157  8495  8518 D SQLiteStress: #1 setCount: 2
01-30 13:13:09.167  8495  8517 D SQLiteStress: #0 setCount: 3
01-30 13:13:09.171  8495  8519 D SQLiteStress: #2 setCount: 2
01-30 13:13:09.199  8495  8520 D SQLiteStress: #3 setCount: 2
01-30 13:13:09.199  8495  8517 D SQLiteStress: #0 setCount: 4
01-30 13:13:09.199  8495  8520 D SQLiteStress: #3 setCount: 2

### Data loss detected: error=-1.
Thread: 3
Last  : 2
Expect: 3
Get   : 2
01-30 13:13:09.199  8495  8518 D SQLiteStress: #1 setCount: 3
01-30 13:13:09.202  8495  8521 D SQLiteStress: #4 setCount: 2
01-30 13:13:09.207  8495  8522 D SQLiteStress: #5 setCount: 2
01-30 13:13:09.208  8495  8519 D SQLiteStress: #2 setCount: 3
01-30 13:13:09.208  8495  8523 D SQLiteStress: #6 setCount: 2
01-30 13:13:09.214  8495  8517 D SQLiteStress: #0 setCount: 5
01-30 13:13:09.222  8495  8524 D SQLiteStress: #7 setCount: 2
01-30 13:13:09.226  8495  8518 D SQLiteStress: #1 setCount: 4
01-30 13:13:09.231  8495  8525 D SQLiteStress: #8 setCount: 2
01-30 13:13:09.232  8495  8517 D SQLiteStress: #0 setCount: 6
01-30 13:13:09.237  8495  8526 D SQLiteStress: #9 setCount: 2
01-30 13:13:09.248  8495  8519 D SQLiteStress: #2 setCount: 4
01-30 13:13:09.249  8495  8520 D SQLiteStress: #3 setCount: 3
01-30 13:13:09.252  8495  8517 D SQLiteStress: #0 setCount: 7
01-30 13:13:09.254  8495  8518 D SQLiteStress: #1 setCount: 5
01-30 13:13:09.258  8495  8521 D SQLiteStress: #4 setCount: 3
01-30 13:13:09.271  8495  8517 D SQLiteStress: #0 setCount: 8
01-30 13:13:09.275  8495  8522 D SQLiteStress: #5 setCount: 3
01-30 13:13:09.285  8495  8518 D SQLiteStress: #1 setCount: 6
01-30 13:13:09.290  8495  8519 D SQLiteStress: #2 setCount: 5
01-30 13:13:09.291  8495  8523 D SQLiteStress: #6 setCount: 3
01-30 13:13:09.292  8495  8517 D SQLiteStress: #0 setCount: 9
01-30 13:13:09.297  8495  8520 D SQLiteStress: #3 setCount: 4
01-30 13:13:09.314  8495  8524 D SQLiteStress: #7 setCount: 3
01-30 13:13:09.318  8495  8517 D SQLiteStress: #0 setCount: 10
01-30 13:13:09.320  8495  8518 D SQLiteStress: #1 setCount: 7
01-30 13:13:09.322  8495  8521 D SQLiteStress: #4 setCount: 4
01-30 13:13:09.338  8495  8519 D SQLiteStress: #2 setCount: 6
01-30 13:13:09.342  8495  8525 D SQLiteStress: #8 setCount: 3
01-30 13:13:09.347  8495  8517 D SQLiteStress: #0 setCount: 11
01-30 13:13:09.349  8495  8522 D SQLiteStress: #5 setCount: 4
01-30 13:13:09.350  8495  8526 D SQLiteStress: #9 setCount: 3
01-30 13:13:09.350  8495  8520 D SQLiteStress: #3 setCount: 5
01-30 13:13:09.352  8495  8518 D SQLiteStress: #1 setCount: 8
01-30 13:13:09.364  8495  8517 D SQLiteStress: #0 setCount: 12
01-30 13:13:09.367  8495  8523 D SQLiteStress: #6 setCount: 4
01-30 13:13:09.378  8495  8519 D SQLiteStress: #2 setCount: 7
01-30 13:13:09.383  8495  8518 D SQLiteStress: #1 setCount: 9
01-30 13:13:09.385  8495  8521 D SQLiteStress: #4 setCount: 5
01-30 13:13:09.387  8495  8517 D SQLiteStress: #0 setCount: 13
01-30 13:13:09.399  8495  8520 D SQLiteStress: #3 setCount: 6
01-30 13:13:09.404  8495  8524 D SQLiteStress: #7 setCount: 4
01-30 13:13:09.408  8495  8517 D SQLiteStress: #0 setCount: 14
01-30 13:13:09.417  8495  8522 D SQLiteStress: #5 setCount: 5
01-30 13:13:09.420  8495  8518 D SQLiteStress: #1 setCount: 10
01-30 13:13:09.420  8495  8519 D SQLiteStress: #2 setCount: 8
01-30 13:13:09.427  8495  8517 D SQLiteStress: #0 setCount: 15
01-30 13:13:09.440  8495  8525 D SQLiteStress: #8 setCount: 4
01-30 13:13:09.448  8495  8521 D SQLiteStress: #4 setCount: 6
01-30 13:13:09.450  8495  8523 D SQLiteStress: #6 setCount: 5
01-30 13:13:09.453  8495  8517 D SQLiteStress: #0 setCount: 16
01-30 13:13:09.453  8495  8520 D SQLiteStress: #3 setCount: 7
01-30 13:13:09.454  8495  8518 D SQLiteStress: #1 setCount: 11
01-30 13:13:09.462  8495  8526 D SQLiteStress: #9 setCount: 4
01-30 13:13:09.463  8495  8519 D SQLiteStress: #2 setCount: 9
01-30 13:13:09.468  8495  8517 D SQLiteStress: #0 setCount: 17
01-30 13:13:09.480  8495  8518 D SQLiteStress: #1 setCount: 12
01-30 13:13:09.485  8495  8522 D SQLiteStress: #5 setCount: 6
01-30 13:13:09.490  8495  8517 D SQLiteStress: #0 setCount: 18
01-30 13:13:09.493  8495  8524 D SQLiteStress: #7 setCount: 5
01-30 13:13:09.503  8495  8520 D SQLiteStress: #3 setCount: 8
01-30 13:13:09.503  8495  8519 D SQLiteStress: #2 setCount: 10
01-30 13:13:09.510  8495  8521 D SQLiteStress: #4 setCount: 7
01-30 13:13:09.512  8495  8518 D SQLiteStress: #1 setCount: 13
01-30 13:13:09.513  8495  8517 D SQLiteStress: #0 setCount: 19
01-30 13:13:09.528  8495  8523 D SQLiteStress: #6 setCount: 6
01-30 13:13:09.532  8495  8517 D SQLiteStress: #0 setCount: 20
01-30 13:13:09.548  8495  8525 D SQLiteStress: #8 setCount: 5
01-30 13:13:09.553  8495  8519 D SQLiteStress: #2 setCount: 11
01-30 13:13:09.560  8495  8517 D SQLiteStress: #0 setCount: 21
01-30 13:13:09.561  8495  8518 D SQLiteStress: #1 setCount: 14
01-30 13:13:09.563  8495  8520 D SQLiteStress: #3 setCount: 9
01-30 13:13:09.564  8495  8522 D SQLiteStress: #5 setCount: 7
01-30 13:13:09.570  8495  8526 D SQLiteStress: #9 setCount: 5
01-30 13:13:09.571  8495  8521 D SQLiteStress: #4 setCount: 8
01-30 13:13:09.578  8495  8517 D SQLiteStress: #0 setCount: 22
01-30 13:13:09.581  8495  8524 D SQLiteStress: #7 setCount: 6
01-30 13:13:09.589  8495  8518 D SQLiteStress: #1 setCount: 15
01-30 13:13:09.593  8495  8519 D SQLiteStress: #2 setCount: 12
01-30 13:13:09.596  8495  8517 D SQLiteStress: #0 setCount: 23
01-30 13:13:09.607  8495  8523 D SQLiteStress: #6 setCount: 7
01-30 13:13:09.613  8495  8520 D SQLiteStress: #3 setCount: 10
01-30 13:13:09.615  8495  8517 D SQLiteStress: #0 setCount: 24
01-30 13:13:09.620  8495  8518 D SQLiteStress: #1 setCount: 16
01-30 13:13:09.632  8495  8521 D SQLiteStress: #4 setCount: 9
01-30 13:13:09.632  8495  8519 D SQLiteStress: #2 setCount: 13
01-30 13:13:09.639  8495  8517 D SQLiteStress: #0 setCount: 25
01-30 13:13:09.643  8495  8522 D SQLiteStress: #5 setCount: 8
01-30 13:13:09.649  8495  8525 D SQLiteStress: #8 setCount: 6
01-30 13:13:09.650  8495  8518 D SQLiteStress: #1 setCount: 17
01-30 13:13:09.655  8495  8517 D SQLiteStress: #0 setCount: 26
01-30 13:13:09.659  8495  8520 D SQLiteStress: #3 setCount: 11
01-30 13:13:09.668  8495  8519 D SQLiteStress: #2 setCount: 14
01-30 13:13:09.670  8495  8524 D SQLiteStress: #7 setCount: 7
01-30 13:13:09.673  8495  8517 D SQLiteStress: #0 setCount: 27
01-30 13:13:09.677  8495  8526 D SQLiteStress: #9 setCount: 6
01-30 13:13:09.679  8495  8518 D SQLiteStress: #1 setCount: 18
01-30 13:13:09.684  8495  8523 D SQLiteStress: #6 setCount: 8
01-30 13:13:09.690  8495  8521 D SQLiteStress: #4 setCount: 10
01-30 13:13:09.691  8495  8517 D SQLiteStress: #0 setCount: 28
01-30 13:13:09.717  8495  8519 D SQLiteStress: #2 setCount: 15
01-30 13:13:09.717  8495  8518 D SQLiteStress: #1 setCount: 19
01-30 13:13:09.719  8495  8522 D SQLiteStress: #5 setCount: 9
01-30 13:13:09.720  8495  8520 D SQLiteStress: #3 setCount: 12
01-30 13:13:09.720  8495  8517 D SQLiteStress: #0 setCount: 29
01-30 13:13:09.742  8495  8517 D SQLiteStress: #0 setCount: 30
01-30 13:13:09.750  8495  8525 D SQLiteStress: #8 setCount: 7
01-30 13:13:09.751  8495  8518 D SQLiteStress: #1 setCount: 20
01-30 13:13:09.754  8495  8521 D SQLiteStress: #4 setCount: 11
01-30 13:13:09.763  8495  8524 D SQLiteStress: #7 setCount: 8
01-30 13:13:09.763  8495  8519 D SQLiteStress: #2 setCount: 16
01-30 13:13:09.765  8495  8517 D SQLiteStress: #0 setCount: 31
01-30 13:13:09.766  8495  8523 D SQLiteStress: #6 setCount: 9
01-30 13:13:09.770  8495  8520 D SQLiteStress: #3 setCount: 13
01-30 13:13:09.777  8495  8518 D SQLiteStress: #1 setCount: 21
01-30 13:13:09.783  8495  8517 D SQLiteStress: #0 setCount: 32
01-30 13:13:09.786  8495  8526 D SQLiteStress: #9 setCount: 7
01-30 13:13:09.788  8495  8522 D SQLiteStress: #5 setCount: 10
01-30 13:13:09.804  8495  8519 D SQLiteStress: #2 setCount: 17
01-30 13:13:09.807  8495  8517 D SQLiteStress: #0 setCount: 33
01-30 13:13:09.807  8495  8518 D SQLiteStress: #1 setCount: 22
01-30 13:13:09.812  8495  8521 D SQLiteStress: #4 setCount: 12
01-30 13:13:09.818  8495  8520 D SQLiteStress: #3 setCount: 14
01-30 13:13:09.826  8495  8517 D SQLiteStress: #0 setCount: 34
01-30 13:13:09.838  8495  8518 D SQLiteStress: #1 setCount: 23
01-30 13:13:09.858  8495  8519 D SQLiteStress: #2 setCount: 18
01-30 13:13:09.860  8495  8517 D SQLiteStress: #0 setCount: 35
01-30 13:13:09.860  8495  8525 D SQLiteStress: #8 setCount: 8
01-30 13:13:09.860  8495  8523 D SQLiteStress: #6 setCount: 10
01-30 13:13:09.863  8495  8524 D SQLiteStress: #7 setCount: 9
01-30 13:13:09.869  8495  8522 D SQLiteStress: #5 setCount: 11
01-30 13:13:09.876  8495  8518 D SQLiteStress: #1 setCount: 24
01-30 13:13:09.876  8495  8520 D SQLiteStress: #3 setCount: 15
01-30 13:13:09.876  8495  8518 D SQLiteStress: #1 setCount: 24

### Data loss detected: error=-1.
Thread: 1
Last  : 24
Expect: 25
Get   : 24
01-30 13:13:09.883  8495  8521 D SQLiteStress: #4 setCount: 13
01-30 13:13:09.883  8495  8517 D SQLiteStress: #0 setCount: 36
01-30 13:13:09.893  8495  8519 D SQLiteStress: #2 setCount: 19
01-30 13:13:09.895  8495  8526 D SQLiteStress: #9 setCount: 8
01-30 13:13:09.901  8495  8517 D SQLiteStress: #0 setCount: 37
01-30 13:13:09.904  8495  8518 D SQLiteStress: #1 setCount: 25
01-30 13:13:09.917  8495  8517 D SQLiteStress: #0 setCount: 38
01-30 13:13:09.922  8495  8520 D SQLiteStress: #3 setCount: 16
01-30 13:13:09.932  8495  8519 D SQLiteStress: #2 setCount: 20
01-30 13:13:09.935  8495  8518 D SQLiteStress: #1 setCount: 26
01-30 13:13:09.940  8495  8517 D SQLiteStress: #0 setCount: 39
01-30 13:13:09.942  8495  8522 D SQLiteStress: #5 setCount: 12
01-30 13:13:09.943  8495  8523 D SQLiteStress: #6 setCount: 11
01-30 13:13:09.946  8495  8521 D SQLiteStress: #4 setCount: 14
01-30 13:13:09.948  8495  8524 D SQLiteStress: #7 setCount: 10
01-30 13:13:09.958  8495  8525 D SQLiteStress: #8 setCount: 9
01-30 13:13:09.960  8495  8517 D SQLiteStress: #0 setCount: 40
01-30 13:13:09.963  8495  8518 D SQLiteStress: #1 setCount: 27
01-30 13:13:09.970  8495  8520 D SQLiteStress: #3 setCount: 17
01-30 13:13:09.971  8495  8519 D SQLiteStress: #2 setCount: 21
01-30 13:13:09.976  8495  8517 D SQLiteStress: #0 setCount: 41
01-30 13:13:09.995  8495  8518 D SQLiteStress: #1 setCount: 28
01-30 13:13:09.999  8495  8517 D SQLiteStress: #0 setCount: 42
01-30 13:13:10.006  8495  8521 D SQLiteStress: #4 setCount: 15
01-30 13:13:10.009  8495  8526 D SQLiteStress: #9 setCount: 9
01-30 13:13:10.018  8495  8519 D SQLiteStress: #2 setCount: 22
01-30 13:13:10.019  8495  8522 D SQLiteStress: #5 setCount: 13
01-30 13:13:10.024  8495  8517 D SQLiteStress: #0 setCount: 43
01-30 13:13:10.025  8495  8523 D SQLiteStress: #6 setCount: 12
01-30 13:13:10.027  8495  8520 D SQLiteStress: #3 setCount: 18
01-30 13:13:10.029  8495  8518 D SQLiteStress: #1 setCount: 29
01-30 13:13:10.034  8495  8524 D SQLiteStress: #7 setCount: 11
01-30 13:13:10.039  8495  8517 D SQLiteStress: #0 setCount: 44
01-30 13:13:10.063  8495  8525 D SQLiteStress: #8 setCount: 10
01-30 13:13:10.066  8495  8519 D SQLiteStress: #2 setCount: 23
01-30 13:13:10.066  8495  8517 D SQLiteStress: #0 setCount: 45
01-30 13:13:10.067  8495  8518 D SQLiteStress: #1 setCount: 30
01-30 13:13:10.070  8495  8521 D SQLiteStress: #4 setCount: 16
01-30 13:13:10.075  8495  8520 D SQLiteStress: #3 setCount: 19
01-30 13:13:10.085  8495  8517 D SQLiteStress: #0 setCount: 46
01-30 13:13:10.090  8495  8522 D SQLiteStress: #5 setCount: 14
01-30 13:13:10.101  8495  8518 D SQLiteStress: #1 setCount: 31
01-30 13:13:10.107  8495  8523 D SQLiteStress: #6 setCount: 13
01-30 13:13:10.107  8495  8519 D SQLiteStress: #2 setCount: 24
01-30 13:13:10.110  8495  8517 D SQLiteStress: #0 setCount: 47
01-30 13:13:10.117  8495  8526 D SQLiteStress: #9 setCount: 10
01-30 13:13:10.124  8495  8524 D SQLiteStress: #7 setCount: 12
01-30 13:13:10.125  8495  8520 D SQLiteStress: #3 setCount: 20
01-30 13:13:10.130  8495  8521 D SQLiteStress: #4 setCount: 17
01-30 13:13:10.130  8495  8517 D SQLiteStress: #0 setCount: 48
01-30 13:13:10.131  8495  8518 D SQLiteStress: #1 setCount: 32
01-30 13:13:10.147  8495  8519 D SQLiteStress: #2 setCount: 25
01-30 13:13:10.148  8495  8517 D SQLiteStress: #0 setCount: 49
01-30 13:13:10.161  8495  8518 D SQLiteStress: #1 setCount: 33
01-30 13:13:10.163  8495  8525 D SQLiteStress: #8 setCount: 11
01-30 13:13:10.163  8495  8522 D SQLiteStress: #5 setCount: 15
01-30 13:13:10.166  8495  8517 D SQLiteStress: #0 setCount: 50
01-30 13:13:10.172  8495  8520 D SQLiteStress: #3 setCount: 21
01-30 13:13:10.187  8495  8517 D SQLiteStress: #0 setCount: 51
01-30 13:13:10.201  8495  8521 D SQLiteStress: #4 setCount: 18
01-30 13:13:10.201  8495  8519 D SQLiteStress: #2 setCount: 26
01-30 13:13:10.201  8495  8521 D SQLiteStress: #4 setCount: 18

### Data loss detected: error=-1.
Thread: 4
Last  : 18
Expect: 19
Get   : 18
01-30 13:13:10.203  8495  8523 D SQLiteStress: #6 setCount: 14
01-30 13:13:10.204  8495  8518 D SQLiteStress: #1 setCount: 34
01-30 13:13:10.207  8495  8517 D SQLiteStress: #0 setCount: 52
01-30 13:13:10.210  8495  8524 D SQLiteStress: #7 setCount: 13
01-30 13:13:10.219  8495  8520 D SQLiteStress: #3 setCount: 22
01-30 13:13:10.224  8495  8526 D SQLiteStress: #9 setCount: 11
01-30 13:13:10.225  8495  8517 D SQLiteStress: #0 setCount: 53
01-30 13:13:10.231  8495  8522 D SQLiteStress: #5 setCount: 16
01-30 13:13:10.232  8495  8518 D SQLiteStress: #1 setCount: 35
01-30 13:13:10.243  8495  8519 D SQLiteStress: #2 setCount: 27
01-30 13:13:10.248  8495  8517 D SQLiteStress: #0 setCount: 54
01-30 13:13:10.264  8495  8525 D SQLiteStress: #8 setCount: 12
01-30 13:13:10.265  8495  8521 D SQLiteStress: #4 setCount: 19
01-30 13:13:10.267  8495  8518 D SQLiteStress: #1 setCount: 36
01-30 13:13:10.270  8495  8517 D SQLiteStress: #0 setCount: 55
01-30 13:13:10.272  8495  8520 D SQLiteStress: #3 setCount: 23
01-30 13:13:10.279  8495  8519 D SQLiteStress: #2 setCount: 28
01-30 13:13:10.280  8495  8523 D SQLiteStress: #6 setCount: 15
01-30 13:13:10.286  8495  8517 D SQLiteStress: #0 setCount: 56
01-30 13:13:10.297  8495  8518 D SQLiteStress: #1 setCount: 37
01-30 13:13:10.301  8495  8524 D SQLiteStress: #7 setCount: 14
01-30 13:13:10.303  8495  8522 D SQLiteStress: #5 setCount: 17
01-30 13:13:10.305  8495  8517 D SQLiteStress: #0 setCount: 57
01-30 13:13:10.321  8495  8519 D SQLiteStress: #2 setCount: 29
01-30 13:13:10.323  8495  8520 D SQLiteStress: #3 setCount: 24
01-30 13:13:10.328  8495  8521 D SQLiteStress: #4 setCount: 20
01-30 13:13:10.330  8495  8518 D SQLiteStress: #1 setCount: 38
01-30 13:13:10.330  8495  8517 D SQLiteStress: #0 setCount: 58
01-30 13:13:10.333  8495  8526 D SQLiteStress: #9 setCount: 12
01-30 13:13:10.352  8495  8517 D SQLiteStress: #0 setCount: 59
01-30 13:13:10.362  8495  8523 D SQLiteStress: #6 setCount: 16
01-30 13:13:10.368  8495  8525 D SQLiteStress: #8 setCount: 13
01-30 13:13:10.368  8495  8518 D SQLiteStress: #1 setCount: 39
01-30 13:13:10.370  8495  8519 D SQLiteStress: #2 setCount: 30
01-30 13:13:10.375  8495  8517 D SQLiteStress: #0 setCount: 60
01-30 13:13:10.375  8495  8522 D SQLiteStress: #5 setCount: 18
01-30 13:13:10.377  8495  8520 D SQLiteStress: #3 setCount: 25
01-30 13:13:10.392  8495  8521 D SQLiteStress: #4 setCount: 21
01-30 13:13:10.396  8495  8524 D SQLiteStress: #7 setCount: 15
01-30 13:13:10.400  8495  8517 D SQLiteStress: #0 setCount: 61
01-30 13:13:10.405  8495  8518 D SQLiteStress: #1 setCount: 40
01-30 13:13:10.410  8495  8519 D SQLiteStress: #2 setCount: 31
01-30 13:13:10.417  8495  8517 D SQLiteStress: #0 setCount: 62
01-30 13:13:10.427  8495  8520 D SQLiteStress: #3 setCount: 26
01-30 13:13:10.436  8495  8517 D SQLiteStress: #0 setCount: 63
01-30 13:13:10.436  8495  8518 D SQLiteStress: #1 setCount: 41
01-30 13:13:10.444  8495  8523 D SQLiteStress: #6 setCount: 17
01-30 13:13:10.446  8495  8526 D SQLiteStress: #9 setCount: 13
01-30 13:13:10.448  8495  8522 D SQLiteStress: #5 setCount: 19
01-30 13:13:10.451  8495  8521 D SQLiteStress: #4 setCount: 22
01-30 13:13:10.453  8495  8519 D SQLiteStress: #2 setCount: 32
01-30 13:13:10.456  8495  8517 D SQLiteStress: #0 setCount: 64
01-30 13:13:10.463  8495  8518 D SQLiteStress: #1 setCount: 42
01-30 13:13:10.466  8495  8525 D SQLiteStress: #8 setCount: 14
01-30 13:13:10.474  8495  8517 D SQLiteStress: #0 setCount: 65
01-30 13:13:10.476  8495  8520 D SQLiteStress: #3 setCount: 27
01-30 13:13:10.483  8495  8524 D SQLiteStress: #7 setCount: 16
01-30 13:13:10.495  8495  8518 D SQLiteStress: #1 setCount: 43
01-30 13:13:10.497  8495  8519 D SQLiteStress: #2 setCount: 33
01-30 13:13:10.498  8495  8517 D SQLiteStress: #0 setCount: 66
01-30 13:13:10.509  8495  8521 D SQLiteStress: #4 setCount: 23
01-30 13:13:10.515  8495  8522 D SQLiteStress: #5 setCount: 20
01-30 13:13:10.517  8495  8517 D SQLiteStress: #0 setCount: 67
01-30 13:13:10.522  8495  8523 D SQLiteStress: #6 setCount: 18
01-30 13:13:10.522  8495  8520 D SQLiteStress: #3 setCount: 28
01-30 13:13:10.524  8495  8518 D SQLiteStress: #1 setCount: 44
01-30 13:13:10.535  8495  8517 D SQLiteStress: #0 setCount: 68
01-30 13:13:10.537  8495  8519 D SQLiteStress: #2 setCount: 34
01-30 13:13:10.559  8495  8517 D SQLiteStress: #0 setCount: 69
01-30 13:13:10.559  8495  8526 D SQLiteStress: #9 setCount: 14
01-30 13:13:10.561  8495  8518 D SQLiteStress: #1 setCount: 45
01-30 13:13:10.569  8495  8525 D SQLiteStress: #8 setCount: 15
01-30 13:13:10.572  8495  8521 D SQLiteStress: #4 setCount: 24
01-30 13:13:10.575  8495  8524 D SQLiteStress: #7 setCount: 17
01-30 13:13:10.575  8495  8520 D SQLiteStress: #3 setCount: 29
01-30 13:13:10.579  8495  8519 D SQLiteStress: #2 setCount: 35
01-30 13:13:10.581  8495  8517 D SQLiteStress: #0 setCount: 70
01-30 13:13:10.584  8495  8522 D SQLiteStress: #5 setCount: 21
01-30 13:13:10.589  8495  8518 D SQLiteStress: #1 setCount: 46
01-30 13:13:10.598  8495  8517 D SQLiteStress: #0 setCount: 71
01-30 13:13:10.601  8495  8523 D SQLiteStress: #6 setCount: 19
01-30 13:13:10.618  8495  8519 D SQLiteStress: #2 setCount: 36
01-30 13:13:10.619  8495  8518 D SQLiteStress: #1 setCount: 47
01-30 13:13:10.620  8495  8517 D SQLiteStress: #0 setCount: 72
01-30 13:13:10.623  8495  8520 D SQLiteStress: #3 setCount: 30
01-30 13:13:10.629  8495  8521 D SQLiteStress: #4 setCount: 25
01-30 13:13:10.640  8495  8517 D SQLiteStress: #0 setCount: 73
01-30 13:13:10.650  8495  8518 D SQLiteStress: #1 setCount: 48
01-30 13:13:10.654  8495  8522 D SQLiteStress: #5 setCount: 22
01-30 13:13:10.662  8495  8519 D SQLiteStress: #2 setCount: 37
01-30 13:13:10.665  8495  8517 D SQLiteStress: #0 setCount: 74
01-30 13:13:10.667  8495  8524 D SQLiteStress: #7 setCount: 18
01-30 13:13:10.671  8495  8526 D SQLiteStress: #9 setCount: 15
01-30 13:13:10.671  8495  8525 D SQLiteStress: #8 setCount: 16
01-30 13:13:10.674  8495  8520 D SQLiteStress: #3 setCount: 31
01-30 13:13:10.679  8495  8523 D SQLiteStress: #6 setCount: 20
01-30 13:13:10.681  8495  8518 D SQLiteStress: #1 setCount: 49
01-30 13:13:10.687  8495  8517 D SQLiteStress: #0 setCount: 75
01-30 13:13:10.688  8495  8521 D SQLiteStress: #4 setCount: 26
01-30 13:13:10.699  8495  8519 D SQLiteStress: #2 setCount: 38
01-30 13:13:10.703  8495  8517 D SQLiteStress: #0 setCount: 76
01-30 13:13:10.708  8495  8518 D SQLiteStress: #1 setCount: 50
01-30 13:13:10.726  8495  8520 D SQLiteStress: #3 setCount: 32
01-30 13:13:10.726  8495  8517 D SQLiteStress: #0 setCount: 77
01-30 13:13:10.727  8495  8522 D SQLiteStress: #5 setCount: 23
01-30 13:13:10.739  8495  8518 D SQLiteStress: #1 setCount: 51
01-30 13:13:10.741  8495  8519 D SQLiteStress: #2 setCount: 39
01-30 13:13:10.748  8495  8517 D SQLiteStress: #0 setCount: 78
01-30 13:13:10.753  8495  8521 D SQLiteStress: #4 setCount: 27
01-30 13:13:10.758  8495  8524 D SQLiteStress: #7 setCount: 19
01-30 13:13:10.760  8495  8523 D SQLiteStress: #6 setCount: 21
01-30 13:13:10.766  8495  8517 D SQLiteStress: #0 setCount: 79
01-30 13:13:10.769  8495  8518 D SQLiteStress: #1 setCount: 52
01-30 13:13:10.769  8495  8525 D SQLiteStress: #8 setCount: 17
01-30 13:13:10.769  8495  8518 D SQLiteStress: #1 setCount: 52

### Data loss detected: error=-1.
Thread: 1
Last  : 52
Expect: 53
Get   : 52
01-30 13:13:10.775  8495  8520 D SQLiteStress: #3 setCount: 33
01-30 13:13:10.780  8495  8526 D SQLiteStress: #9 setCount: 16
01-30 13:13:10.782  8495  8519 D SQLiteStress: #2 setCount: 40
01-30 13:13:10.785  8495  8517 D SQLiteStress: #0 setCount: 80
01-30 13:13:10.797  8495  8522 D SQLiteStress: #5 setCount: 24
01-30 13:13:10.799  8495  8518 D SQLiteStress: #1 setCount: 53
01-30 13:13:10.802  8495  8517 D SQLiteStress: #0 setCount: 81
01-30 13:13:10.811  8495  8521 D SQLiteStress: #4 setCount: 28
01-30 13:13:10.823  8495  8519 D SQLiteStress: #2 setCount: 41
01-30 13:13:10.824  8495  8517 D SQLiteStress: #0 setCount: 82
01-30 13:13:10.826  8495  8520 D SQLiteStress: #3 setCount: 34
01-30 13:13:10.829  8495  8518 D SQLiteStress: #1 setCount: 54
01-30 13:13:10.836  8495  8523 D SQLiteStress: #6 setCount: 22
01-30 13:13:10.840  8495  8517 D SQLiteStress: #0 setCount: 83
01-30 13:13:10.843  8495  8524 D SQLiteStress: #7 setCount: 20
01-30 13:13:10.856  8495  8518 D SQLiteStress: #1 setCount: 55
01-30 13:13:10.859  8495  8517 D SQLiteStress: #0 setCount: 84
01-30 13:13:10.863  8495  8519 D SQLiteStress: #2 setCount: 42
01-30 13:13:10.867  8495  8522 D SQLiteStress: #5 setCount: 25
01-30 13:13:10.871  8495  8525 D SQLiteStress: #8 setCount: 18
01-30 13:13:10.871  8495  8521 D SQLiteStress: #4 setCount: 29
01-30 13:13:10.875  8495  8520 D SQLiteStress: #3 setCount: 35
01-30 13:13:10.877  8495  8517 D SQLiteStress: #0 setCount: 85
01-30 13:13:10.882  8495  8518 D SQLiteStress: #1 setCount: 56
01-30 13:13:10.886  8495  8526 D SQLiteStress: #9 setCount: 17
01-30 13:13:10.894  8495  8517 D SQLiteStress: #0 setCount: 86
01-30 13:13:10.901  8495  8519 D SQLiteStress: #2 setCount: 43
01-30 13:13:10.910  8495  8518 D SQLiteStress: #1 setCount: 57
01-30 13:13:10.915  8495  8523 D SQLiteStress: #6 setCount: 23
01-30 13:13:10.915  8495  8517 D SQLiteStress: #0 setCount: 87
01-30 13:13:10.923  8495  8520 D SQLiteStress: #3 setCount: 36
01-30 13:13:10.932  8495  8521 D SQLiteStress: #4 setCount: 30
01-30 13:13:10.935  8495  8517 D SQLiteStress: #0 setCount: 88
01-30 13:13:10.939  8495  8524 D SQLiteStress: #7 setCount: 21
01-30 13:13:10.941  8495  8522 D SQLiteStress: #5 setCount: 26
01-30 13:13:10.943  8495  8519 D SQLiteStress: #2 setCount: 44
01-30 13:13:10.945  8495  8518 D SQLiteStress: #1 setCount: 58
01-30 13:13:10.953  8495  8517 D SQLiteStress: #0 setCount: 89
01-30 13:13:10.974  8495  8525 D SQLiteStress: #8 setCount: 19
01-30 13:13:10.976  8495  8517 D SQLiteStress: #0 setCount: 90
01-30 13:13:10.978  8495  8520 D SQLiteStress: #3 setCount: 37
01-30 13:13:10.979  8495  8518 D SQLiteStress: #1 setCount: 59
01-30 13:13:10.982  8495  8519 D SQLiteStress: #2 setCount: 45
01-30 13:13:10.994  8495  8521 D SQLiteStress: #4 setCount: 31
01-30 13:13:10.997  8495  8517 D SQLiteStress: #0 setCount: 91
01-30 13:13:10.997  8495  8523 D SQLiteStress: #6 setCount: 24
01-30 13:13:11.000  8495  8526 D SQLiteStress: #9 setCount: 18
01-30 13:13:11.008  8495  8518 D SQLiteStress: #1 setCount: 60
01-30 13:13:11.010  8495  8522 D SQLiteStress: #5 setCount: 27
01-30 13:13:11.013  8495  8517 D SQLiteStress: #0 setCount: 92
01-30 13:13:11.019  8495  8519 D SQLiteStress: #2 setCount: 46
01-30 13:13:11.027  8495  8520 D SQLiteStress: #3 setCount: 38
01-30 13:13:11.029  8495  8524 D SQLiteStress: #7 setCount: 22
01-30 13:13:11.042  8495  8517 D SQLiteStress: #0 setCount: 93
01-30 13:13:11.045  8495  8518 D SQLiteStress: #1 setCount: 61
01-30 13:13:11.050  8495  8521 D SQLiteStress: #4 setCount: 32
01-30 13:13:11.056  8495  8519 D SQLiteStress: #2 setCount: 47
01-30 13:13:11.060  8495  8517 D SQLiteStress: #0 setCount: 94
01-30 13:13:11.080  8495  8518 D SQLiteStress: #1 setCount: 62
01-30 13:13:11.081  8495  8525 D SQLiteStress: #8 setCount: 20
01-30 13:13:11.083  8495  8523 D SQLiteStress: #6 setCount: 25
01-30 13:13:11.085  8495  8520 D SQLiteStress: #3 setCount: 39
01-30 13:13:11.086  8495  8522 D SQLiteStress: #5 setCount: 28
01-30 13:13:11.087  8495  8517 D SQLiteStress: #0 setCount: 95
01-30 13:13:11.091  8495  8519 D SQLiteStress: #2 setCount: 48
01-30 13:13:11.104  8495  8517 D SQLiteStress: #0 setCount: 96
01-30 13:13:11.109  8495  8521 D SQLiteStress: #4 setCount: 33
01-30 13:13:11.111  8495  8526 D SQLiteStress: #9 setCount: 19
01-30 13:13:11.113  8495  8518 D SQLiteStress: #1 setCount: 63
01-30 13:13:11.116  8495  8524 D SQLiteStress: #7 setCount: 23
01-30 13:13:11.120  8495  8517 D SQLiteStress: #0 setCount: 97
01-30 13:13:11.129  8495  8519 D SQLiteStress: #2 setCount: 49
01-30 13:13:11.135  8495  8520 D SQLiteStress: #3 setCount: 40
01-30 13:13:11.140  8495  8517 D SQLiteStress: #0 setCount: 98
01-30 13:13:11.143  8495  8518 D SQLiteStress: #1 setCount: 64
01-30 13:13:11.155  8495  8522 D SQLiteStress: #5 setCount: 29
01-30 13:13:11.158  8495  8517 D SQLiteStress: #0 setCount: 99
01-30 13:13:11.166  8495  8523 D SQLiteStress: #6 setCount: 26
01-30 13:13:11.170  8495  8519 D SQLiteStress: #2 setCount: 50
01-30 13:13:11.172  8495  8521 D SQLiteStress: #4 setCount: 34
01-30 13:13:11.174  8495  8518 D SQLiteStress: #1 setCount: 65
01-30 13:13:11.182  8495  8517 D SQLiteStress: #0 setCount: 100
01-30 13:13:11.182  8495  8525 D SQLiteStress: #8 setCount: 21
01-30 13:13:11.185  8495  8520 D SQLiteStress: #3 setCount: 41
01-30 13:13:11.201  8495  8517 D SQLiteStress: #0 setCount: 101
01-30 13:13:11.204  8495  8518 D SQLiteStress: #1 setCount: 66
01-30 13:13:11.207  8495  8524 D SQLiteStress: #7 setCount: 24
01-30 13:13:11.209  8495  8519 D SQLiteStress: #2 setCount: 51
01-30 13:13:11.219  8495  8517 D SQLiteStress: #0 setCount: 102
01-30 13:13:11.221  8495  8526 D SQLiteStress: #9 setCount: 20
01-30 13:13:11.223  8495  8522 D SQLiteStress: #5 setCount: 30
01-30 13:13:11.231  8495  8521 D SQLiteStress: #4 setCount: 35
01-30 13:13:11.234  8495  8520 D SQLiteStress: #3 setCount: 42
01-30 13:13:11.234  8495  8518 D SQLiteStress: #1 setCount: 67
01-30 13:13:11.237  8495  8517 D SQLiteStress: #0 setCount: 103
01-30 13:13:11.242  8495  8523 D SQLiteStress: #6 setCount: 27
01-30 13:13:11.247  8495  8519 D SQLiteStress: #2 setCount: 52
01-30 13:13:11.254  8495  8517 D SQLiteStress: #0 setCount: 104
01-30 13:13:11.260  8495  8518 D SQLiteStress: #1 setCount: 68
01-30 13:13:11.270  8495  8517 D SQLiteStress: #0 setCount: 105
01-30 13:13:11.279  8495  8525 D SQLiteStress: #8 setCount: 22
01-30 13:13:11.282  8495  8520 D SQLiteStress: #3 setCount: 43
01-30 13:13:11.295  8495  8519 D SQLiteStress: #2 setCount: 53
01-30 13:13:11.299  8495  8517 D SQLiteStress: #0 setCount: 106
01-30 13:13:11.301  8495  8518 D SQLiteStress: #1 setCount: 69
01-30 13:13:11.301  8495  8521 D SQLiteStress: #4 setCount: 36
01-30 13:13:11.302  8495  8522 D SQLiteStress: #5 setCount: 31
01-30 13:13:11.304  8495  8524 D SQLiteStress: #7 setCount: 25
01-30 13:13:11.315  8495  8517 D SQLiteStress: #0 setCount: 107
01-30 13:13:11.318  8495  8523 D SQLiteStress: #6 setCount: 28
01-30 13:13:11.333  8495  8518 D SQLiteStress: #1 setCount: 70
01-30 13:13:11.335  8495  8526 D SQLiteStress: #9 setCount: 21
01-30 13:13:11.337  8495  8520 D SQLiteStress: #3 setCount: 44
01-30 13:13:11.339  8495  8519 D SQLiteStress: #2 setCount: 54
01-30 13:13:11.341  8495  8517 D SQLiteStress: #0 setCount: 108
01-30 13:13:11.363  8495  8521 D SQLiteStress: #4 setCount: 37
01-30 13:13:11.366  8495  8517 D SQLiteStress: #0 setCount: 109
01-30 13:13:11.366  8495  8518 D SQLiteStress: #1 setCount: 71
01-30 13:13:11.370  8495  8522 D SQLiteStress: #5 setCount: 32
01-30 13:13:11.376  8495  8519 D SQLiteStress: #2 setCount: 55
01-30 13:13:11.378  8495  8525 D SQLiteStress: #8 setCount: 23
01-30 13:13:11.385  8495  8517 D SQLiteStress: #0 setCount: 110
01-30 13:13:11.386  8495  8520 D SQLiteStress: #3 setCount: 45
01-30 13:13:11.395  8495  8524 D SQLiteStress: #7 setCount: 26
01-30 13:13:11.397  8495  8518 D SQLiteStress: #1 setCount: 72
01-30 13:13:11.398  8495  8523 D SQLiteStress: #6 setCount: 29
01-30 13:13:11.402  8495  8517 D SQLiteStress: #0 setCount: 111
01-30 13:13:11.414  8495  8519 D SQLiteStress: #2 setCount: 56
01-30 13:13:11.423  8495  8517 D SQLiteStress: #0 setCount: 112
01-30 13:13:11.426  8495  8521 D SQLiteStress: #4 setCount: 38
01-30 13:13:11.432  8495  8518 D SQLiteStress: #1 setCount: 73
01-30 13:13:11.437  8495  8520 D SQLiteStress: #3 setCount: 46
01-30 13:13:11.442  8495  8522 D SQLiteStress: #5 setCount: 33
01-30 13:13:11.448  8495  8526 D SQLiteStress: #9 setCount: 22
01-30 13:13:11.450  8495  8517 D SQLiteStress: #0 setCount: 113
01-30 13:13:11.454  8495  8519 D SQLiteStress: #2 setCount: 57
01-30 13:13:11.461  8495  8518 D SQLiteStress: #1 setCount: 74
01-30 13:13:11.469  8495  8517 D SQLiteStress: #0 setCount: 114
01-30 13:13:11.478  8495  8523 D SQLiteStress: #6 setCount: 30
01-30 13:13:11.479  8495  8525 D SQLiteStress: #8 setCount: 24
01-30 13:13:11.490  8495  8524 D SQLiteStress: #7 setCount: 27
01-30 13:13:11.490  8495  8521 D SQLiteStress: #4 setCount: 39
01-30 13:13:11.491  8495  8520 D SQLiteStress: #3 setCount: 47
01-30 13:13:11.491  8495  8517 D SQLiteStress: #0 setCount: 115
01-30 13:13:11.494  8495  8518 D SQLiteStress: #1 setCount: 75
01-30 13:13:11.497  8495  8519 D SQLiteStress: #2 setCount: 58
01-30 13:13:11.511  8495  8517 D SQLiteStress: #0 setCount: 116
01-30 13:13:11.512  8495  8522 D SQLiteStress: #5 setCount: 34
01-30 13:13:11.521  8495  8518 D SQLiteStress: #1 setCount: 76
01-30 13:13:11.528  8495  8517 D SQLiteStress: #0 setCount: 117
01-30 13:13:11.535  8495  8519 D SQLiteStress: #2 setCount: 59
01-30 13:13:11.538  8495  8520 D SQLiteStress: #3 setCount: 48
01-30 13:13:11.548  8495  8517 D SQLiteStress: #0 setCount: 118
01-30 13:13:11.548  8495  8521 D SQLiteStress: #4 setCount: 40
01-30 13:13:11.551  8495  8518 D SQLiteStress: #1 setCount: 77
01-30 13:13:11.557  8495  8523 D SQLiteStress: #6 setCount: 31
01-30 13:13:11.558  8495  8526 D SQLiteStress: #9 setCount: 23
01-30 13:13:11.565  8495  8517 D SQLiteStress: #0 setCount: 119
01-30 13:13:11.573  8495  8519 D SQLiteStress: #2 setCount: 60
01-30 13:13:11.581  8495  8525 D SQLiteStress: #8 setCount: 25
01-30 13:13:11.581  8495  8518 D SQLiteStress: #1 setCount: 78
01-30 13:13:11.582  8495  8524 D SQLiteStress: #7 setCount: 28
01-30 13:13:11.583  8495  8522 D SQLiteStress: #5 setCount: 35
01-30 13:13:11.585  8495  8517 D SQLiteStress: #0 setCount: 120
01-30 13:13:11.588  8495  8520 D SQLiteStress: #3 setCount: 49
01-30 13:13:11.602  8495  8517 D SQLiteStress: #0 setCount: 121
01-30 13:13:11.607  8495  8521 D SQLiteStress: #4 setCount: 41
01-30 13:13:11.612  8495  8518 D SQLiteStress: #1 setCount: 79
01-30 13:13:11.612  8495  8519 D SQLiteStress: #2 setCount: 61
01-30 13:13:11.619  8495  8517 D SQLiteStress: #0 setCount: 122
01-30 13:13:11.642  8495  8520 D SQLiteStress: #3 setCount: 50
01-30 13:13:11.644  8495  8523 D SQLiteStress: #6 setCount: 32
01-30 13:13:11.645  8495  8518 D SQLiteStress: #1 setCount: 80
01-30 13:13:11.647  8495  8517 D SQLiteStress: #0 setCount: 123
01-30 13:13:11.650  8495  8519 D SQLiteStress: #2 setCount: 62
01-30 13:13:11.652  8495  8522 D SQLiteStress: #5 setCount: 36
01-30 13:13:11.666  8495  8517 D SQLiteStress: #0 setCount: 124
01-30 13:13:11.668  8495  8526 D SQLiteStress: #9 setCount: 24
01-30 13:13:11.668  8495  8521 D SQLiteStress: #4 setCount: 42
01-30 13:13:11.672  8495  8524 D SQLiteStress: #7 setCount: 29
01-30 13:13:11.676  8495  8518 D SQLiteStress: #1 setCount: 81
01-30 13:13:11.679  8495  8525 D SQLiteStress: #8 setCount: 26
01-30 13:13:11.684  8495  8517 D SQLiteStress: #0 setCount: 125
01-30 13:13:11.691  8495  8519 D SQLiteStress: #2 setCount: 63
01-30 13:13:11.692  8495  8520 D SQLiteStress: #3 setCount: 51
01-30 13:13:11.701  8495  8517 D SQLiteStress: #0 setCount: 126
01-30 13:13:11.703  8495  8518 D SQLiteStress: #1 setCount: 82
01-30 13:13:11.721  8495  8517 D SQLiteStress: #0 setCount: 127
01-30 13:13:11.722  8495  8522 D SQLiteStress: #5 setCount: 37
01-30 13:13:11.726  8495  8523 D SQLiteStress: #6 setCount: 33
01-30 13:13:11.729  8495  8521 D SQLiteStress: #4 setCount: 43
01-30 13:13:11.731  8495  8519 D SQLiteStress: #2 setCount: 64
01-30 13:13:11.733  8495  8518 D SQLiteStress: #1 setCount: 83
01-30 13:13:11.740  8495  8517 D SQLiteStress: #0 setCount: 128
01-30 13:13:11.741  8495  8520 D SQLiteStress: #3 setCount: 52
01-30 13:13:11.758  8495  8517 D SQLiteStress: #0 setCount: 129
01-30 13:13:11.760  8495  8524 D SQLiteStress: #7 setCount: 30
01-30 13:13:11.762  8495  8518 D SQLiteStress: #1 setCount: 84
01-30 13:13:11.768  8495  8519 D SQLiteStress: #2 setCount: 65
01-30 13:13:11.776  8495  8517 D SQLiteStress: #0 setCount: 130
01-30 13:13:11.776  8495  8526 D SQLiteStress: #9 setCount: 25
01-30 13:13:11.776  8495  8517 D SQLiteStress: #0 setCount: 130

### Data loss detected: error=-1.
Thread: 0
Last  : 130
Expect: 131
Get   : 130
01-30 13:13:11.777  8495  8525 D SQLiteStress: #8 setCount: 27
01-30 13:13:11.787  8495  8521 D SQLiteStress: #4 setCount: 44
01-30 13:13:11.792  8495  8522 D SQLiteStress: #5 setCount: 38
01-30 13:13:11.794  8495  8520 D SQLiteStress: #3 setCount: 53
01-30 13:13:11.794  8495  8518 D SQLiteStress: #1 setCount: 85
01-30 13:13:11.797  8495  8517 D SQLiteStress: #0 setCount: 131
01-30 13:13:11.818  8495  8523 D SQLiteStress: #6 setCount: 34
01-30 13:13:11.824  8495  8519 D SQLiteStress: #2 setCount: 66
01-30 13:13:11.827  8495  8518 D SQLiteStress: #1 setCount: 86
01-30 13:13:11.827  8495  8517 D SQLiteStress: #0 setCount: 132
01-30 13:13:11.842  8495  8520 D SQLiteStress: #3 setCount: 54
01-30 13:13:11.848  8495  8521 D SQLiteStress: #4 setCount: 45
01-30 13:13:11.848  8495  8517 D SQLiteStress: #0 setCount: 133
01-30 13:13:11.850  8495  8524 D SQLiteStress: #7 setCount: 31
01-30 13:13:11.854  8495  8518 D SQLiteStress: #1 setCount: 87
01-30 13:13:11.859  8495  8522 D SQLiteStress: #5 setCount: 39
01-30 13:13:11.863  8495  8519 D SQLiteStress: #2 setCount: 67
01-30 13:13:11.866  8495  8517 D SQLiteStress: #0 setCount: 134
01-30 13:13:11.874  8495  8525 D SQLiteStress: #8 setCount: 28
01-30 13:13:11.884  8495  8518 D SQLiteStress: #1 setCount: 88
01-30 13:13:11.888  8495  8526 D SQLiteStress: #9 setCount: 26
01-30 13:13:11.888  8495  8517 D SQLiteStress: #0 setCount: 135
01-30 13:13:11.892  8495  8520 D SQLiteStress: #3 setCount: 55
01-30 13:13:11.895  8495  8523 D SQLiteStress: #6 setCount: 35
01-30 13:13:11.899  8495  8519 D SQLiteStress: #2 setCount: 68
01-30 13:13:11.904  8495  8517 D SQLiteStress: #0 setCount: 136
01-30 13:13:11.905  8495  8521 D SQLiteStress: #4 setCount: 46
01-30 13:13:11.911  8495  8518 D SQLiteStress: #1 setCount: 89
01-30 13:13:11.922  8495  8517 D SQLiteStress: #0 setCount: 137
01-30 13:13:11.927  8495  8522 D SQLiteStress: #5 setCount: 40
01-30 13:13:11.942  8495  8519 D SQLiteStress: #2 setCount: 69
01-30 13:13:11.942  8495  8524 D SQLiteStress: #7 setCount: 32
01-30 13:13:11.942  8495  8519 D SQLiteStress: #2 setCount: 69

### Data loss detected: error=-1.
Thread: 2
Last  : 69
Expect: 70
Get   : 69
01-30 13:13:11.945  8495  8518 D SQLiteStress: #1 setCount: 90
01-30 13:13:11.945  8495  8520 D SQLiteStress: #3 setCount: 56
01-30 13:13:11.946  8495  8517 D SQLiteStress: #0 setCount: 138
01-30 13:13:11.962  8495  8521 D SQLiteStress: #4 setCount: 47
01-30 13:13:11.962  8495  8517 D SQLiteStress: #0 setCount: 139
01-30 13:13:11.973  8495  8525 D SQLiteStress: #8 setCount: 29
01-30 13:13:11.976  8495  8518 D SQLiteStress: #1 setCount: 91
01-30 13:13:11.976  8495  8523 D SQLiteStress: #6 setCount: 36
01-30 13:13:11.980  8495  8519 D SQLiteStress: #2 setCount: 70
01-30 13:13:11.982  8495  8517 D SQLiteStress: #0 setCount: 140
01-30 13:13:11.993  8495  8522 D SQLiteStress: #5 setCount: 41
01-30 13:13:11.994  8495  8520 D SQLiteStress: #3 setCount: 57
01-30 13:13:11.998  8495  8526 D SQLiteStress: #9 setCount: 27
01-30 13:13:12.000  8495  8517 D SQLiteStress: #0 setCount: 141
01-30 13:13:12.003  8495  8518 D SQLiteStress: #1 setCount: 92
01-30 13:13:12.019  8495  8519 D SQLiteStress: #2 setCount: 71
01-30 13:13:12.022  8495  8517 D SQLiteStress: #0 setCount: 142
01-30 13:13:12.026  8495  8521 D SQLiteStress: #4 setCount: 48
01-30 13:13:12.032  8495  8524 D SQLiteStress: #7 setCount: 33
01-30 13:13:12.035  8495  8518 D SQLiteStress: #1 setCount: 93
01-30 13:13:12.043  8495  8517 D SQLiteStress: #0 setCount: 143
01-30 13:13:12.043  8495  8520 D SQLiteStress: #3 setCount: 58
01-30 13:13:12.052  8495  8523 D SQLiteStress: #6 setCount: 37
01-30 13:13:12.055  8495  8519 D SQLiteStress: #2 setCount: 72
01-30 13:13:12.062  8495  8522 D SQLiteStress: #5 setCount: 42
01-30 13:13:12.062  8495  8517 D SQLiteStress: #0 setCount: 144
01-30 13:13:12.064  8495  8518 D SQLiteStress: #1 setCount: 94
01-30 13:13:12.069  8495  8525 D SQLiteStress: #8 setCount: 30
01-30 13:13:12.078  8495  8517 D SQLiteStress: #0 setCount: 145
01-30 13:13:12.083  8495  8521 D SQLiteStress: #4 setCount: 49
01-30 13:13:12.094  8495  8518 D SQLiteStress: #1 setCount: 95
01-30 13:13:12.096  8495  8520 D SQLiteStress: #3 setCount: 59
01-30 13:13:12.097  8495  8519 D SQLiteStress: #2 setCount: 73
01-30 13:13:12.101  8495  8517 D SQLiteStress: #0 setCount: 146
01-30 13:13:12.105  8495  8526 D SQLiteStress: #9 setCount: 28
01-30 13:13:12.118  8495  8517 D SQLiteStress: #0 setCount: 147
01-30 13:13:12.122  8495  8518 D SQLiteStress: #1 setCount: 96
01-30 13:13:12.122  8495  8524 D SQLiteStress: #7 setCount: 34
01-30 13:13:12.133  8495  8522 D SQLiteStress: #5 setCount: 43
01-30 13:13:12.133  8495  8523 D SQLiteStress: #6 setCount: 38
01-30 13:13:12.138  8495  8519 D SQLiteStress: #2 setCount: 74
01-30 13:13:12.139  8495  8517 D SQLiteStress: #0 setCount: 148
01-30 13:13:12.144  8495  8521 D SQLiteStress: #4 setCount: 50
01-30 13:13:12.146  8495  8520 D SQLiteStress: #3 setCount: 60
01-30 13:13:12.150  8495  8518 D SQLiteStress: #1 setCount: 97
01-30 13:13:12.156  8495  8517 D SQLiteStress: #0 setCount: 149
01-30 13:13:12.167  8495  8525 D SQLiteStress: #8 setCount: 31
01-30 13:13:12.176  8495  8517 D SQLiteStress: #0 setCount: 150
01-30 13:13:12.178  8495  8519 D SQLiteStress: #2 setCount: 75
01-30 13:13:12.178  8495  8518 D SQLiteStress: #1 setCount: 98
01-30 13:13:12.193  8495  8520 D SQLiteStress: #3 setCount: 61
01-30 13:13:12.193  8495  8517 D SQLiteStress: #0 setCount: 151
01-30 13:13:12.202  8495  8522 D SQLiteStress: #5 setCount: 44
01-30 13:13:12.203  8495  8521 D SQLiteStress: #4 setCount: 51
01-30 13:13:12.209  8495  8518 D SQLiteStress: #1 setCount: 99
01-30 13:13:12.214  8495  8524 D SQLiteStress: #7 setCount: 35
01-30 13:13:12.214  8495  8517 D SQLiteStress: #0 setCount: 152
01-30 13:13:12.214  8495  8523 D SQLiteStress: #6 setCount: 39
01-30 13:13:12.216  8495  8526 D SQLiteStress: #9 setCount: 29
01-30 13:13:12.219  8495  8519 D SQLiteStress: #2 setCount: 76
01-30 13:13:12.230  8495  8517 D SQLiteStress: #0 setCount: 153
01-30 13:13:12.235  8495  8518 D SQLiteStress: #1 setCount: 100
01-30 13:13:12.239  8495  8520 D SQLiteStress: #3 setCount: 62
01-30 13:13:12.246  8495  8517 D SQLiteStress: #0 setCount: 154
01-30 13:13:12.265  8495  8519 D SQLiteStress: #2 setCount: 77
01-30 13:13:12.269  8495  8521 D SQLiteStress: #4 setCount: 52
01-30 13:13:12.271  8495  8517 D SQLiteStress: #0 setCount: 155
01-30 13:13:12.271  8495  8525 D SQLiteStress: #8 setCount: 32
01-30 13:13:12.272  8495  8518 D SQLiteStress: #1 setCount: 101
01-30 13:13:12.273  8495  8522 D SQLiteStress: #5 setCount: 45
01-30 13:13:12.288  8495  8520 D SQLiteStress: #3 setCount: 63
01-30 13:13:12.290  8495  8517 D SQLiteStress: #0 setCount: 156
01-30 13:13:12.295  8495  8523 D SQLiteStress: #6 setCount: 40
01-30 13:13:12.303  8495  8518 D SQLiteStress: #1 setCount: 102
01-30 13:13:12.305  8495  8524 D SQLiteStress: #7 setCount: 36
01-30 13:13:12.306  8495  8519 D SQLiteStress: #2 setCount: 78
01-30 13:13:12.309  8495  8517 D SQLiteStress: #0 setCount: 157
01-30 13:13:12.325  8495  8526 D SQLiteStress: #9 setCount: 30
01-30 13:13:12.329  8495  8517 D SQLiteStress: #0 setCount: 158
01-30 13:13:12.329  8495  8521 D SQLiteStress: #4 setCount: 53
01-30 13:13:12.333  8495  8518 D SQLiteStress: #1 setCount: 103
01-30 13:13:12.336  8495  8520 D SQLiteStress: #3 setCount: 64
01-30 13:13:12.341  8495  8522 D SQLiteStress: #5 setCount: 46
01-30 13:13:12.346  8495  8519 D SQLiteStress: #2 setCount: 79
01-30 13:13:12.348  8495  8517 D SQLiteStress: #0 setCount: 159
01-30 13:13:12.370  8495  8518 D SQLiteStress: #1 setCount: 104
01-30 13:13:12.372  8495  8517 D SQLiteStress: #0 setCount: 160
01-30 13:13:12.374  8495  8525 D SQLiteStress: #8 setCount: 33
01-30 13:13:12.374  8495  8523 D SQLiteStress: #6 setCount: 41
01-30 13:13:12.374  8495  8525 D SQLiteStress: #8 setCount: 33

### Data loss detected: error=-1.
Thread: 8
Last  : 33
Expect: 34
Get   : 33
01-30 13:13:12.383  8495  8520 D SQLiteStress: #3 setCount: 65
01-30 13:13:12.384  8495  8519 D SQLiteStress: #2 setCount: 80
01-30 13:13:12.389  8495  8521 D SQLiteStress: #4 setCount: 54
01-30 13:13:12.391  8495  8517 D SQLiteStress: #0 setCount: 161
01-30 13:13:12.396  8495  8524 D SQLiteStress: #7 setCount: 37
01-30 13:13:12.398  8495  8518 D SQLiteStress: #1 setCount: 105
01-30 13:13:12.407  8495  8517 D SQLiteStress: #0 setCount: 162
01-30 13:13:12.407  8495  8522 D SQLiteStress: #5 setCount: 47
01-30 13:13:12.421  8495  8519 D SQLiteStress: #2 setCount: 81
01-30 13:13:12.426  8495  8518 D SQLiteStress: #1 setCount: 106
01-30 13:13:12.426  8495  8517 D SQLiteStress: #0 setCount: 163
01-30 13:13:12.433  8495  8520 D SQLiteStress: #3 setCount: 66
01-30 13:13:12.435  8495  8526 D SQLiteStress: #9 setCount: 31
01-30 13:13:12.444  8495  8517 D SQLiteStress: #0 setCount: 164
01-30 13:13:12.447  8495  8521 D SQLiteStress: #4 setCount: 55
01-30 13:13:12.453  8495  8523 D SQLiteStress: #6 setCount: 42
01-30 13:13:12.454  8495  8518 D SQLiteStress: #1 setCount: 107
01-30 13:13:12.458  8495  8519 D SQLiteStress: #2 setCount: 82
01-30 13:13:12.461  8495  8517 D SQLiteStress: #0 setCount: 165
01-30 13:13:12.470  8495  8525 D SQLiteStress: #8 setCount: 34
01-30 13:13:12.473  8495  8522 D SQLiteStress: #5 setCount: 48
01-30 13:13:12.478  8495  8517 D SQLiteStress: #0 setCount: 166
01-30 13:13:12.482  8495  8520 D SQLiteStress: #3 setCount: 67
01-30 13:13:12.483  8495  8524 D SQLiteStress: #7 setCount: 38
01-30 13:13:12.484  8495  8518 D SQLiteStress: #1 setCount: 108
01-30 13:13:12.495  8495  8517 D SQLiteStress: #0 setCount: 167
01-30 13:13:12.496  8495  8519 D SQLiteStress: #2 setCount: 83
01-30 13:13:12.503  8495  8521 D SQLiteStress: #4 setCount: 56
01-30 13:13:12.511  8495  8517 D SQLiteStress: #0 setCount: 168
01-30 13:13:12.512  8495  8518 D SQLiteStress: #1 setCount: 109
01-30 13:13:12.533  8495  8520 D SQLiteStress: #3 setCount: 68
01-30 13:13:12.538  8495  8517 D SQLiteStress: #0 setCount: 169
01-30 13:13:12.540  8495  8523 D SQLiteStress: #6 setCount: 43
01-30 13:13:12.543  8495  8519 D SQLiteStress: #2 setCount: 84
01-30 13:13:12.546  8495  8522 D SQLiteStress: #5 setCount: 49
01-30 13:13:12.547  8495  8526 D SQLiteStress: #9 setCount: 32
01-30 13:13:12.547  8495  8518 D SQLiteStress: #1 setCount: 110
01-30 13:13:12.553  8495  8517 D SQLiteStress: #0 setCount: 170
01-30 13:13:12.558  8495  8521 D SQLiteStress: #4 setCount: 57
01-30 13:13:12.567  8495  8525 D SQLiteStress: #8 setCount: 35
01-30 13:13:12.579  8495  8524 D SQLiteStress: #7 setCount: 39
01-30 13:13:12.582  8495  8517 D SQLiteStress: #0 setCount: 171
01-30 13:13:12.584  8495  8520 D SQLiteStress: #3 setCount: 69
01-30 13:13:12.584  8495  8519 D SQLiteStress: #2 setCount: 85
01-30 13:13:12.585  8495  8518 D SQLiteStress: #1 setCount: 111
01-30 13:13:12.598  8495  8517 D SQLiteStress: #0 setCount: 172
01-30 13:13:12.623  8495  8521 D SQLiteStress: #4 setCount: 58
01-30 13:13:12.625  8495  8518 D SQLiteStress: #1 setCount: 112
01-30 13:13:12.626  8495  8522 D SQLiteStress: #5 setCount: 50
01-30 13:13:12.626  8495  8517 D SQLiteStress: #0 setCount: 173
01-30 13:13:12.628  8495  8523 D SQLiteStress: #6 setCount: 44
01-30 13:13:12.631  8495  8519 D SQLiteStress: #2 setCount: 86
01-30 13:13:12.635  8495  8520 D SQLiteStress: #3 setCount: 70
01-30 13:13:12.642  8495  8517 D SQLiteStress: #0 setCount: 174
01-30 13:13:12.662  8495  8518 D SQLiteStress: #1 setCount: 113
01-30 13:13:12.665  8495  8526 D SQLiteStress: #9 setCount: 33
01-30 13:13:12.672  8495  8525 D SQLiteStress: #8 setCount: 36
01-30 13:13:12.672  8495  8517 D SQLiteStress: #0 setCount: 175
01-30 13:13:12.676  8495  8524 D SQLiteStress: #7 setCount: 40
01-30 13:13:12.678  8495  8519 D SQLiteStress: #2 setCount: 87
01-30 13:13:12.682  8495  8521 D SQLiteStress: #4 setCount: 59
01-30 13:13:12.685  8495  8520 D SQLiteStress: #3 setCount: 71
01-30 13:13:12.690  8495  8517 D SQLiteStress: #0 setCount: 176
01-30 13:13:12.691  8495  8518 D SQLiteStress: #1 setCount: 114
01-30 13:13:12.694  8495  8522 D SQLiteStress: #5 setCount: 51
01-30 13:13:12.708  8495  8517 D SQLiteStress: #0 setCount: 177
01-30 13:13:12.709  8495  8523 D SQLiteStress: #6 setCount: 45
01-30 13:13:12.714  8495  8519 D SQLiteStress: #2 setCount: 88
01-30 13:13:12.719  8495  8518 D SQLiteStress: #1 setCount: 115
01-30 13:13:12.727  8495  8517 D SQLiteStress: #0 setCount: 178
01-30 13:13:12.735  8495  8520 D SQLiteStress: #3 setCount: 72
01-30 13:13:12.744  8495  8521 D SQLiteStress: #4 setCount: 60
01-30 13:13:12.749  8495  8517 D SQLiteStress: #0 setCount: 179
01-30 13:13:12.750  8495  8518 D SQLiteStress: #1 setCount: 116
01-30 13:13:12.755  8495  8519 D SQLiteStress: #2 setCount: 89
01-30 13:13:12.767  8495  8522 D SQLiteStress: #5 setCount: 52
01-30 13:13:12.768  8495  8524 D SQLiteStress: #7 setCount: 41
01-30 13:13:12.774  8495  8525 D SQLiteStress: #8 setCount: 37
01-30 13:13:12.776  8495  8517 D SQLiteStress: #0 setCount: 180
01-30 13:13:12.779  8495  8526 D SQLiteStress: #9 setCount: 34
01-30 13:13:12.782  8495  8518 D SQLiteStress: #1 setCount: 117
01-30 13:13:12.786  8495  8520 D SQLiteStress: #3 setCount: 73
01-30 13:13:12.789  8495  8523 D SQLiteStress: #6 setCount: 46
01-30 13:13:12.793  8495  8517 D SQLiteStress: #0 setCount: 181
01-30 13:13:12.793  8495  8519 D SQLiteStress: #2 setCount: 90
01-30 13:13:12.802  8495  8521 D SQLiteStress: #4 setCount: 61
01-30 13:13:12.809  8495  8518 D SQLiteStress: #1 setCount: 118
01-30 13:13:12.810  8495  8517 D SQLiteStress: #0 setCount: 182
01-30 13:13:12.828  8495  8517 D SQLiteStress: #0 setCount: 183
01-30 13:13:12.868  8495  8519 D SQLiteStress: #2 setCount: 91
01-30 13:13:12.873  8495  8520 D SQLiteStress: #3 setCount: 74
01-30 13:13:12.876  8495  8522 D SQLiteStress: #5 setCount: 53
01-30 13:13:12.876  8495  8518 D SQLiteStress: #1 setCount: 119
01-30 13:13:12.876  8495  8524 D SQLiteStress: #7 setCount: 42
01-30 13:13:12.878  8495  8523 D SQLiteStress: #6 setCount: 47
01-30 13:13:12.878  8495  8521 D SQLiteStress: #4 setCount: 62
01-30 13:13:12.880  8495  8525 D SQLiteStress: #8 setCount: 38
01-30 13:13:12.880  8495  8517 D SQLiteStress: #0 setCount: 184
01-30 13:13:12.886  8495  8526 D SQLiteStress: #9 setCount: 35
01-30 13:13:12.897  8495  8517 D SQLiteStress: #0 setCount: 185
01-30 13:13:12.905  8495  8518 D SQLiteStress: #1 setCount: 120
01-30 13:13:12.906  8495  8519 D SQLiteStress: #2 setCount: 92
01-30 13:13:12.913  8495  8517 D SQLiteStress: #0 setCount: 186
01-30 13:13:12.920  8495  8520 D SQLiteStress: #3 setCount: 75
01-30 13:13:12.932  8495  8517 D SQLiteStress: #0 setCount: 187
01-30 13:13:12.933  8495  8518 D SQLiteStress: #1 setCount: 121
01-30 13:13:12.936  8495  8521 D SQLiteStress: #4 setCount: 63
01-30 13:13:12.942  8495  8522 D SQLiteStress: #5 setCount: 54
01-30 13:13:12.944  8495  8519 D SQLiteStress: #2 setCount: 93
01-30 13:13:12.948  8495  8517 D SQLiteStress: #0 setCount: 188
01-30 13:13:12.954  8495  8523 D SQLiteStress: #6 setCount: 48
01-30 13:13:12.960  8495  8518 D SQLiteStress: #1 setCount: 122
01-30 13:13:12.965  8495  8524 D SQLiteStress: #7 setCount: 43
01-30 13:13:12.967  8495  8517 D SQLiteStress: #0 setCount: 189
01-30 13:13:12.968  8495  8520 D SQLiteStress: #3 setCount: 76
01-30 13:13:12.976  8495  8525 D SQLiteStress: #8 setCount: 39
01-30 13:13:12.980  8495  8519 D SQLiteStress: #2 setCount: 94
01-30 13:13:12.985  8495  8517 D SQLiteStress: #0 setCount: 190
01-30 13:13:12.987  8495  8518 D SQLiteStress: #1 setCount: 123
01-30 13:13:12.992  8495  8521 D SQLiteStress: #4 setCount: 64
01-30 13:13:12.992  8495  8526 D SQLiteStress: #9 setCount: 36
01-30 13:13:12.992  8495  8521 D SQLiteStress: #4 setCount: 64

### Data loss detected: error=-1.
Thread: 4
Last  : 64
Expect: 65
Get   : 64
01-30 13:13:13.001  8495  8517 D SQLiteStress: #0 setCount: 191
01-30 13:13:13.009  8495  8522 D SQLiteStress: #5 setCount: 55
01-30 13:13:13.018  8495  8518 D SQLiteStress: #1 setCount: 124
01-30 13:13:13.021  8495  8520 D SQLiteStress: #3 setCount: 77
01-30 13:13:13.023  8495  8519 D SQLiteStress: #2 setCount: 95
01-30 13:13:13.025  8495  8517 D SQLiteStress: #0 setCount: 192
01-30 13:13:13.030  8495  8523 D SQLiteStress: #6 setCount: 49
01-30 13:13:13.040  8495  8517 D SQLiteStress: #0 setCount: 193
01-30 13:13:13.044  8495  8518 D SQLiteStress: #1 setCount: 125
01-30 13:13:13.050  8495  8521 D SQLiteStress: #4 setCount: 65
01-30 13:13:13.054  8495  8524 D SQLiteStress: #7 setCount: 44
01-30 13:13:13.058  8495  8517 D SQLiteStress: #0 setCount: 194
01-30 13:13:13.062  8495  8519 D SQLiteStress: #2 setCount: 96
01-30 13:13:13.072  8495  8520 D SQLiteStress: #3 setCount: 78
01-30 13:13:13.076  8495  8518 D SQLiteStress: #1 setCount: 126
01-30 13:13:13.079  8495  8525 D SQLiteStress: #8 setCount: 40
01-30 13:13:13.082  8495  8522 D SQLiteStress: #5 setCount: 56
01-30 13:13:13.082  8495  8517 D SQLiteStress: #0 setCount: 195
01-30 13:13:13.101  8495  8517 D SQLiteStress: #0 setCount: 196
01-30 13:13:13.104  8495  8519 D SQLiteStress: #2 setCount: 97
01-30 13:13:13.104  8495  8526 D SQLiteStress: #9 setCount: 37
01-30 13:13:13.110  8495  8518 D SQLiteStress: #1 setCount: 127
01-30 13:13:13.113  8495  8521 D SQLiteStress: #4 setCount: 66
01-30 13:13:13.113  8495  8523 D SQLiteStress: #6 setCount: 50
01-30 13:13:13.121  8495  8517 D SQLiteStress: #0 setCount: 197
01-30 13:13:13.122  8495  8520 D SQLiteStress: #3 setCount: 79
01-30 13:13:13.142  8495  8517 D SQLiteStress: #0 setCount: 198
01-30 13:13:13.144  8495  8524 D SQLiteStress: #7 setCount: 45
01-30 13:13:13.146  8495  8519 D SQLiteStress: #2 setCount: 98
01-30 13:13:13.146  8495  8518 D SQLiteStress: #1 setCount: 128
01-30 13:13:13.149  8495  8522 D SQLiteStress: #5 setCount: 57
01-30 13:13:13.159  8495  8517 D SQLiteStress: #0 setCount: 199
01-30 13:13:13.170  8495  8520 D SQLiteStress: #3 setCount: 80
01-30 13:13:13.174  8495  8521 D SQLiteStress: #4 setCount: 67
01-30 13:13:13.179  8495  8518 D SQLiteStress: #1 setCount: 129
01-30 13:13:13.179  8495  8517 D SQLiteStress: #0 setCount: 200
01-30 13:13:13.180  8495  8525 D SQLiteStress: #8 setCount: 41
01-30 13:13:13.184  8495  8519 D SQLiteStress: #2 setCount: 99
01-30 13:13:13.190  8495  8523 D SQLiteStress: #6 setCount: 51
01-30 13:13:13.196  8495  8517 D SQLiteStress: #0 setCount: 201
01-30 13:13:13.205  8495  8518 D SQLiteStress: #1 setCount: 130
01-30 13:13:13.217  8495  8526 D SQLiteStress: #9 setCount: 38
01-30 13:13:13.219  8495  8517 D SQLiteStress: #0 setCount: 202
01-30 13:13:13.222  8495  8522 D SQLiteStress: #5 setCount: 58
01-30 13:13:13.222  8495  8520 D SQLiteStress: #3 setCount: 81
01-30 13:13:13.225  8495  8519 D SQLiteStress: #2 setCount: 100
01-30 13:13:13.234  8495  8521 D SQLiteStress: #4 setCount: 68
01-30 13:13:13.234  8495  8524 D SQLiteStress: #7 setCount: 46
01-30 13:13:13.234  8495  8521 D SQLiteStress: #4 setCount: 68

### Data loss detected: error=-1.
Thread: 4
Last  : 68
Expect: 69
Get   : 68
01-30 13:13:13.237  8495  8518 D SQLiteStress: #1 setCount: 131
01-30 13:13:13.238  8495  8517 D SQLiteStress: #0 setCount: 203
01-30 13:13:13.255  8495  8517 D SQLiteStress: #0 setCount: 204
01-30 13:13:13.263  8495  8519 D SQLiteStress: #2 setCount: 101
01-30 13:13:13.265  8495  8518 D SQLiteStress: #1 setCount: 132
01-30 13:13:13.273  8495  8523 D SQLiteStress: #6 setCount: 52
01-30 13:13:13.275  8495  8520 D SQLiteStress: #3 setCount: 82
01-30 13:13:13.276  8495  8517 D SQLiteStress: #0 setCount: 205
01-30 13:13:13.280  8495  8525 D SQLiteStress: #8 setCount: 42
01-30 13:13:13.293  8495  8522 D SQLiteStress: #5 setCount: 59
01-30 13:13:13.295  8495  8521 D SQLiteStress: #4 setCount: 69
01-30 13:13:13.297  8495  8517 D SQLiteStress: #0 setCount: 206
01-30 13:13:13.298  8495  8518 D SQLiteStress: #1 setCount: 133
01-30 13:13:13.301  8495  8519 D SQLiteStress: #2 setCount: 102
01-30 13:13:13.313  8495  8517 D SQLiteStress: #0 setCount: 207
01-30 13:13:13.323  8495  8520 D SQLiteStress: #3 setCount: 83
01-30 13:13:13.324  8495  8524 D SQLiteStress: #7 setCount: 47
01-30 13:13:13.326  8495  8526 D SQLiteStress: #9 setCount: 39
01-30 13:13:13.328  8495  8518 D SQLiteStress: #1 setCount: 134
01-30 13:13:13.331  8495  8517 D SQLiteStress: #0 setCount: 208
01-30 13:13:13.338  8495  8519 D SQLiteStress: #2 setCount: 103
01-30 13:13:13.350  8495  8517 D SQLiteStress: #0 setCount: 209
01-30 13:13:13.355  8495  8523 D SQLiteStress: #6 setCount: 53
01-30 13:13:13.360  8495  8521 D SQLiteStress: #4 setCount: 70
01-30 13:13:13.361  8495  8518 D SQLiteStress: #1 setCount: 135
01-30 13:13:13.364  8495  8522 D SQLiteStress: #5 setCount: 60
01-30 13:13:13.370  8495  8517 D SQLiteStress: #0 setCount: 210
01-30 13:13:13.373  8495  8520 D SQLiteStress: #3 setCount: 84
01-30 13:13:13.377  8495  8519 D SQLiteStress: #2 setCount: 104
01-30 13:13:13.378  8495  8525 D SQLiteStress: #8 setCount: 43
01-30 13:13:13.387  8495  8517 D SQLiteStress: #0 setCount: 211
01-30 13:13:13.388  8495  8518 D SQLiteStress: #1 setCount: 136
01-30 13:13:13.405  8495  8517 D SQLiteStress: #0 setCount: 212
01-30 13:13:13.428  8495  8524 D SQLiteStress: #7 setCount: 48
01-30 13:13:13.435  8495  8519 D SQLiteStress: #2 setCount: 105
01-30 13:13:13.438  8495  8518 D SQLiteStress: #1 setCount: 137
01-30 13:13:13.440  8495  8521 D SQLiteStress: #4 setCount: 71
01-30 13:13:13.440  8495  8520 D SQLiteStress: #3 setCount: 85
01-30 13:13:13.443  8495  8517 D SQLiteStress: #0 setCount: 213
01-30 13:13:13.444  8495  8523 D SQLiteStress: #6 setCount: 54
01-30 13:13:13.446  8495  8526 D SQLiteStress: #9 setCount: 40
01-30 13:13:13.447  8495  8522 D SQLiteStress: #5 setCount: 61
01-30 13:13:13.460  8495  8517 D SQLiteStress: #0 setCount: 214
01-30 13:13:13.465  8495  8518 D SQLiteStress: #1 setCount: 138
01-30 13:13:13.474  8495  8519 D SQLiteStress: #2 setCount: 106
01-30 13:13:13.479  8495  8525 D SQLiteStress: #8 setCount: 44
01-30 13:13:13.480  8495  8517 D SQLiteStress: #0 setCount: 215
01-30 13:13:13.487  8495  8520 D SQLiteStress: #3 setCount: 86
01-30 13:13:13.492  8495  8518 D SQLiteStress: #1 setCount: 139
01-30 13:13:13.497  8495  8521 D SQLiteStress: #4 setCount: 72
01-30 13:13:13.498  8495  8517 D SQLiteStress: #0 setCount: 216
01-30 13:13:13.515  8495  8519 D SQLiteStress: #2 setCount: 107
01-30 13:13:13.519  8495  8522 D SQLiteStress: #5 setCount: 62
01-30 13:13:13.519  8495  8524 D SQLiteStress: #7 setCount: 49
01-30 13:13:13.519  8495  8522 D SQLiteStress: #5 setCount: 62

### Data loss detected: error=-1.
Thread: 5
Last  : 62
Expect: 63
Get   : 62
01-30 13:13:13.521  8495  8517 D SQLiteStress: #0 setCount: 217
01-30 13:13:13.538  8495  8523 D SQLiteStress: #6 setCount: 55
01-30 13:13:13.540  8495  8518 D SQLiteStress: #1 setCount: 140
01-30 13:13:13.543  8495  8520 D SQLiteStress: #3 setCount: 87
01-30 13:13:13.543  8495  8517 D SQLiteStress: #0 setCount: 218
01-30 13:13:13.555  8495  8519 D SQLiteStress: #2 setCount: 108
01-30 13:13:13.559  8495  8521 D SQLiteStress: #4 setCount: 73
01-30 13:13:13.559  8495  8526 D SQLiteStress: #9 setCount: 41
01-30 13:13:13.564  8495  8517 D SQLiteStress: #0 setCount: 219
01-30 13:13:13.567  8495  8518 D SQLiteStress: #1 setCount: 141
01-30 13:13:13.576  8495  8525 D SQLiteStress: #8 setCount: 45
01-30 13:13:13.580  8495  8517 D SQLiteStress: #0 setCount: 220
01-30 13:13:13.587  8495  8522 D SQLiteStress: #5 setCount: 63
01-30 13:13:13.593  8495  8520 D SQLiteStress: #3 setCount: 88
01-30 13:13:13.595  8495  8519 D SQLiteStress: #2 setCount: 109
01-30 13:13:13.599  8495  8518 D SQLiteStress: #1 setCount: 142
01-30 13:13:13.600  8495  8517 D SQLiteStress: #0 setCount: 221
01-30 13:13:13.606  8495  8524 D SQLiteStress: #7 setCount: 50
01-30 13:13:13.618  8495  8523 D SQLiteStress: #6 setCount: 56
01-30 13:13:13.620  8495  8517 D SQLiteStress: #0 setCount: 222
01-30 13:13:13.621  8495  8521 D SQLiteStress: #4 setCount: 74
01-30 13:13:13.626  8495  8518 D SQLiteStress: #1 setCount: 143
01-30 13:13:13.631  8495  8519 D SQLiteStress: #2 setCount: 110
01-30 13:13:13.636  8495  8517 D SQLiteStress: #0 setCount: 223
01-30 13:13:13.640  8495  8520 D SQLiteStress: #3 setCount: 89
01-30 13:13:13.653  8495  8518 D SQLiteStress: #1 setCount: 144
01-30 13:13:13.654  8495  8522 D SQLiteStress: #5 setCount: 64
01-30 13:13:13.654  8495  8517 D SQLiteStress: #0 setCount: 224
01-30 13:13:13.668  8495  8526 D SQLiteStress: #9 setCount: 42
01-30 13:13:13.669  8495  8519 D SQLiteStress: #2 setCount: 111
01-30 13:13:13.673  8495  8517 D SQLiteStress: #0 setCount: 225
01-30 13:13:13.673  8495  8525 D SQLiteStress: #8 setCount: 46
01-30 13:13:13.673  8495  8517 D SQLiteStress: #0 setCount: 225

### Data loss detected: error=-1.
Thread: 0
Last  : 225
Expect: 226
Get   : 225
01-30 13:13:13.677  8495  8521 D SQLiteStress: #4 setCount: 75
01-30 13:13:13.680  8495  8518 D SQLiteStress: #1 setCount: 145
01-30 13:13:13.686  8495  8520 D SQLiteStress: #3 setCount: 90
01-30 13:13:13.689  8495  8517 D SQLiteStress: #0 setCount: 226
01-30 13:13:13.695  8495  8524 D SQLiteStress: #7 setCount: 51
01-30 13:13:13.698  8495  8523 D SQLiteStress: #6 setCount: 57
01-30 13:13:13.709  8495  8517 D SQLiteStress: #0 setCount: 227
01-30 13:13:13.709  8495  8519 D SQLiteStress: #2 setCount: 112
01-30 13:13:13.711  8495  8518 D SQLiteStress: #1 setCount: 146
01-30 13:13:13.734  8495  8522 D SQLiteStress: #5 setCount: 65
01-30 13:13:13.738  8495  8517 D SQLiteStress: #0 setCount: 228
01-30 13:13:13.740  8495  8521 D SQLiteStress: #4 setCount: 76
01-30 13:13:13.740  8495  8520 D SQLiteStress: #3 setCount: 91
01-30 13:13:13.744  8495  8518 D SQLiteStress: #1 setCount: 147
01-30 13:13:13.747  8495  8519 D SQLiteStress: #2 setCount: 113
01-30 13:13:13.755  8495  8517 D SQLiteStress: #0 setCount: 229
01-30 13:13:13.777  8495  8525 D SQLiteStress: #8 setCount: 47
01-30 13:13:13.780  8495  8518 D SQLiteStress: #1 setCount: 148
01-30 13:13:13.784  8495  8517 D SQLiteStress: #0 setCount: 230
01-30 13:13:13.788  8495  8526 D SQLiteStress: #9 setCount: 43
01-30 13:13:13.788  8495  8523 D SQLiteStress: #6 setCount: 58
01-30 13:13:13.788  8495  8526 D SQLiteStress: #9 setCount: 43

### Data loss detected: error=-1.
Thread: 9
Last  : 43
Expect: 44
Get   : 43
01-30 13:13:13.792  8495  8524 D SQLiteStress: #7 setCount: 52
01-30 13:13:13.794  8495  8520 D SQLiteStress: #3 setCount: 92
01-30 13:13:13.794  8495  8519 D SQLiteStress: #2 setCount: 114
01-30 13:13:13.794  8495  8520 D SQLiteStress: #3 setCount: 92

### Data loss detected: error=-1.
Thread: 3
Last  : 92
Expect: 93
Get   : 92
01-30 13:13:13.799  8495  8521 D SQLiteStress: #4 setCount: 77
01-30 13:13:13.803  8495  8517 D SQLiteStress: #0 setCount: 231
01-30 13:13:13.805  8495  8522 D SQLiteStress: #5 setCount: 66
01-30 13:13:13.808  8495  8518 D SQLiteStress: #1 setCount: 149
01-30 13:13:13.819  8495  8517 D SQLiteStress: #0 setCount: 232
01-30 13:13:13.831  8495  8519 D SQLiteStress: #2 setCount: 115
01-30 13:13:13.836  8495  8518 D SQLiteStress: #1 setCount: 150
01-30 13:13:13.839  8495  8517 D SQLiteStress: #0 setCount: 233
01-30 13:13:13.842  8495  8520 D SQLiteStress: #3 setCount: 93
01-30 13:13:13.857  8495  8517 D SQLiteStress: #0 setCount: 234
01-30 13:13:13.861  8495  8521 D SQLiteStress: #4 setCount: 78
01-30 13:13:13.864  8495  8518 D SQLiteStress: #1 setCount: 151
01-30 13:13:13.865  8495  8523 D SQLiteStress: #6 setCount: 59
01-30 13:13:13.870  8495  8519 D SQLiteStress: #2 setCount: 116
01-30 13:13:13.875  8495  8517 D SQLiteStress: #0 setCount: 235
01-30 13:13:13.875  8495  8525 D SQLiteStress: #8 setCount: 48
01-30 13:13:13.876  8495  8522 D SQLiteStress: #5 setCount: 67
01-30 13:13:13.879  8495  8524 D SQLiteStress: #7 setCount: 53
01-30 13:13:13.892  8495  8520 D SQLiteStress: #3 setCount: 94
01-30 13:13:13.894  8495  8517 D SQLiteStress: #0 setCount: 236
01-30 13:13:13.897  8495  8518 D SQLiteStress: #1 setCount: 152
01-30 13:13:13.897  8495  8526 D SQLiteStress: #9 setCount: 44
01-30 13:13:13.906  8495  8519 D SQLiteStress: #2 setCount: 117
01-30 13:13:13.911  8495  8517 D SQLiteStress: #0 setCount: 237
01-30 13:13:13.917  8495  8521 D SQLiteStress: #4 setCount: 79
01-30 13:13:13.923  8495  8518 D SQLiteStress: #1 setCount: 153
01-30 13:13:13.927  8495  8517 D SQLiteStress: #0 setCount: 238
01-30 13:13:13.944  8495  8520 D SQLiteStress: #3 setCount: 95
01-30 13:13:13.946  8495  8523 D SQLiteStress: #6 setCount: 60
01-30 13:13:13.946  8495  8519 D SQLiteStress: #2 setCount: 118
01-30 13:13:13.946  8495  8522 D SQLiteStress: #5 setCount: 68
01-30 13:13:13.946  8495  8523 D SQLiteStress: #6 setCount: 60

### Data loss detected: error=-1.
Thread: 6
Last  : 60
Expect: 61
Get   : 60
01-30 13:13:13.947  8495  8517 D SQLiteStress: #0 setCount: 239
01-30 13:13:13.950  8495  8518 D SQLiteStress: #1 setCount: 154
01-30 13:13:13.965  8495  8517 D SQLiteStress: #0 setCount: 240
01-30 13:13:13.967  8495  8524 D SQLiteStress: #7 setCount: 54
01-30 13:13:13.974  8495  8525 D SQLiteStress: #8 setCount: 49
01-30 13:13:13.976  8495  8521 D SQLiteStress: #4 setCount: 80
01-30 13:13:13.980  8495  8518 D SQLiteStress: #1 setCount: 155
01-30 13:13:13.984  8495  8517 D SQLiteStress: #0 setCount: 241
01-30 13:13:13.986  8495  8519 D SQLiteStress: #2 setCount: 119
01-30 13:13:13.990  8495  8520 D SQLiteStress: #3 setCount: 96
01-30 13:13:14.000  8495  8517 D SQLiteStress: #0 setCount: 242
01-30 13:13:14.006  8495  8526 D SQLiteStress: #9 setCount: 45
01-30 13:13:14.007  8495  8518 D SQLiteStress: #1 setCount: 156
01-30 13:13:14.012  8495  8522 D SQLiteStress: #5 setCount: 69
01-30 13:13:14.015  8495  8517 D SQLiteStress: #0 setCount: 243
01-30 13:13:14.022  8495  8523 D SQLiteStress: #6 setCount: 61
01-30 13:13:14.022  8495  8519 D SQLiteStress: #2 setCount: 120
01-30 13:13:14.036  8495  8521 D SQLiteStress: #4 setCount: 81
01-30 13:13:14.038  8495  8517 D SQLiteStress: #0 setCount: 244
01-30 13:13:14.038  8495  8518 D SQLiteStress: #1 setCount: 157
01-30 13:13:14.041  8495  8520 D SQLiteStress: #3 setCount: 97
01-30 13:13:14.057  8495  8524 D SQLiteStress: #7 setCount: 55
01-30 13:13:14.061  8495  8517 D SQLiteStress: #0 setCount: 245
01-30 13:13:14.062  8495  8519 D SQLiteStress: #2 setCount: 121
01-30 13:13:14.068  8495  8518 D SQLiteStress: #1 setCount: 158
01-30 13:13:14.074  8495  8525 D SQLiteStress: #8 setCount: 50
01-30 13:13:14.084  8495  8517 D SQLiteStress: #0 setCount: 246
01-30 13:13:14.085  8495  8522 D SQLiteStress: #5 setCount: 70
01-30 13:13:14.089  8495  8520 D SQLiteStress: #3 setCount: 98
01-30 13:13:14.096  8495  8521 D SQLiteStress: #4 setCount: 82
01-30 13:13:14.098  8495  8518 D SQLiteStress: #1 setCount: 159
01-30 13:13:14.103  8495  8523 D SQLiteStress: #6 setCount: 62
01-30 13:13:14.105  8495  8517 D SQLiteStress: #0 setCount: 247
01-30 13:13:14.105  8495  8519 D SQLiteStress: #2 setCount: 122
01-30 13:13:14.105  8495  8517 D SQLiteStress: #0 setCount: 247

### Data loss detected: error=-1.
Thread: 0
Last  : 247
Expect: 248
Get   : 247
01-30 13:13:14.113  8495  8526 D SQLiteStress: #9 setCount: 46
01-30 13:13:14.121  8495  8517 D SQLiteStress: #0 setCount: 248
01-30 13:13:14.125  8495  8518 D SQLiteStress: #1 setCount: 160
01-30 13:13:14.137  8495  8520 D SQLiteStress: #3 setCount: 99
01-30 13:13:14.137  8495  8517 D SQLiteStress: #0 setCount: 249
01-30 13:13:14.137  8495  8520 D SQLiteStress: #3 setCount: 99

### Data loss detected: error=-1.
Thread: 3
Last  : 99
Expect: 100
Get   : 99
01-30 13:13:14.142  8495  8519 D SQLiteStress: #2 setCount: 123
01-30 13:13:14.146  8495  8524 D SQLiteStress: #7 setCount: 56
01-30 13:13:14.155  8495  8522 D SQLiteStress: #5 setCount: 71
01-30 13:13:14.155  8495  8518 D SQLiteStress: #1 setCount: 161
01-30 13:13:14.156  8495  8521 D SQLiteStress: #4 setCount: 83
01-30 13:13:14.157  8495  8517 D SQLiteStress: #0 setCount: 250
01-30 13:13:14.174  8495  8525 D SQLiteStress: #8 setCount: 51
01-30 13:13:14.177  8495  8517 D SQLiteStress: #0 setCount: 251
01-30 13:13:14.183  8495  8519 D SQLiteStress: #2 setCount: 124
01-30 13:13:14.186  8495  8523 D SQLiteStress: #6 setCount: 63
01-30 13:13:14.187  8495  8518 D SQLiteStress: #1 setCount: 162
01-30 13:13:14.188  8495  8520 D SQLiteStress: #3 setCount: 100
01-30 13:13:14.193  8495  8517 D SQLiteStress: #0 setCount: 252
01-30 13:13:14.211  8495  8517 D SQLiteStress: #0 setCount: 253
01-30 13:13:14.214  8495  8518 D SQLiteStress: #1 setCount: 163
01-30 13:13:14.216  8495  8521 D SQLiteStress: #4 setCount: 84
01-30 13:13:14.223  8495  8526 D SQLiteStress: #9 setCount: 47
01-30 13:13:14.223  8495  8519 D SQLiteStress: #2 setCount: 125
01-30 13:13:14.225  8495  8522 D SQLiteStress: #5 setCount: 72
01-30 13:13:14.229  8495  8517 D SQLiteStress: #0 setCount: 254
01-30 13:13:14.236  8495  8520 D SQLiteStress: #3 setCount: 101
01-30 13:13:14.239  8495  8524 D SQLiteStress: #7 setCount: 57
01-30 13:13:14.242  8495  8518 D SQLiteStress: #1 setCount: 164
01-30 13:13:14.245  8495  8517 D SQLiteStress: #0 setCount: 255
01-30 13:13:14.262  8495  8519 D SQLiteStress: #2 setCount: 126
01-30 13:13:14.264  8495  8523 D SQLiteStress: #6 setCount: 64
01-30 13:13:14.264  8495  8517 D SQLiteStress: #0 setCount: 256
01-30 13:13:14.272  8495  8518 D SQLiteStress: #1 setCount: 165
01-30 13:13:14.274  8495  8525 D SQLiteStress: #8 setCount: 52
01-30 13:13:14.276  8495  8521 D SQLiteStress: #4 setCount: 85
01-30 13:13:14.283  8495  8517 D SQLiteStress: #0 setCount: 257
01-30 13:13:14.285  8495  8520 D SQLiteStress: #3 setCount: 102
01-30 13:13:14.291  8495  8522 D SQLiteStress: #5 setCount: 73
01-30 13:13:14.314  8495  8518 D SQLiteStress: #1 setCount: 166
01-30 13:13:14.314  8495  8519 D SQLiteStress: #2 setCount: 127
01-30 13:13:14.314  8495  8518 D SQLiteStress: #1 setCount: 166

### Data loss detected: error=-1.
Thread: 1
Last  : 166
Expect: 167
Get   : 166
01-30 13:13:14.315  8495  8517 D SQLiteStress: #0 setCount: 258
01-30 13:13:14.326  8495  8524 D SQLiteStress: #7 setCount: 58
01-30 13:13:14.333  8495  8520 D SQLiteStress: #3 setCount: 103
01-30 13:13:14.333  8495  8526 D SQLiteStress: #9 setCount: 48
01-30 13:13:14.333  8495  8517 D SQLiteStress: #0 setCount: 259
01-30 13:13:14.335  8495  8521 D SQLiteStress: #4 setCount: 86
01-30 13:13:14.340  8495  8523 D SQLiteStress: #6 setCount: 65
01-30 13:13:14.341  8495  8518 D SQLiteStress: #1 setCount: 167
01-30 13:13:14.349  8495  8519 D SQLiteStress: #2 setCount: 128
01-30 13:13:14.350  8495  8517 D SQLiteStress: #0 setCount: 260
01-30 13:13:14.357  8495  8522 D SQLiteStress: #5 setCount: 74
01-30 13:13:14.369  8495  8517 D SQLiteStress: #0 setCount: 261
01-30 13:13:14.371  8495  8518 D SQLiteStress: #1 setCount: 168
01-30 13:13:14.373  8495  8525 D SQLiteStress: #8 setCount: 53
01-30 13:13:14.379  8495  8520 D SQLiteStress: #3 setCount: 104
01-30 13:13:14.387  8495  8517 D SQLiteStress: #0 setCount: 262
01-30 13:13:14.388  8495  8519 D SQLiteStress: #2 setCount: 129
01-30 13:13:14.391  8495  8521 D SQLiteStress: #4 setCount: 87
01-30 13:13:14.397  8495  8518 D SQLiteStress: #1 setCount: 169
01-30 13:13:14.403  8495  8517 D SQLiteStress: #0 setCount: 263
01-30 13:13:14.413  8495  8524 D SQLiteStress: #7 setCount: 59
01-30 13:13:14.420  8495  8523 D SQLiteStress: #6 setCount: 66
01-30 13:13:14.424  8495  8517 D SQLiteStress: #0 setCount: 264
01-30 13:13:14.427  8495  8520 D SQLiteStress: #3 setCount: 105
01-30 13:13:14.429  8495  8519 D SQLiteStress: #2 setCount: 130
01-30 13:13:14.429  8495  8518 D SQLiteStress: #1 setCount: 170
01-30 13:13:14.429  8495  8522 D SQLiteStress: #5 setCount: 75
01-30 13:13:14.445  8495  8526 D SQLiteStress: #9 setCount: 49
01-30 13:13:14.447  8495  8517 D SQLiteStress: #0 setCount: 265
01-30 13:13:14.451  8495  8521 D SQLiteStress: #4 setCount: 88
01-30 13:13:14.458  8495  8518 D SQLiteStress: #1 setCount: 171
01-30 13:13:14.482  8495  8517 D SQLiteStress: #0 setCount: 266
01-30 13:13:14.486  8495  8525 D SQLiteStress: #8 setCount: 54
01-30 13:13:14.486  8495  8520 D SQLiteStress: #3 setCount: 106
01-30 13:13:14.486  8495  8519 D SQLiteStress: #2 setCount: 131
01-30 13:13:14.493  8495  8518 D SQLiteStress: #1 setCount: 172
01-30 13:13:14.503  8495  8522 D SQLiteStress: #5 setCount: 76
01-30 13:13:14.506  8495  8524 D SQLiteStress: #7 setCount: 60
01-30 13:13:14.506  8495  8523 D SQLiteStress: #6 setCount: 67
01-30 13:13:14.506  8495  8517 D SQLiteStress: #0 setCount: 267
01-30 13:13:14.511  8495  8521 D SQLiteStress: #4 setCount: 89
01-30 13:13:14.520  8495  8518 D SQLiteStress: #1 setCount: 173
01-30 13:13:14.526  8495  8519 D SQLiteStress: #2 setCount: 132
01-30 13:13:14.527  8495  8517 D SQLiteStress: #0 setCount: 268
01-30 13:13:14.533  8495  8520 D SQLiteStress: #3 setCount: 107
01-30 13:13:14.543  8495  8517 D SQLiteStress: #0 setCount: 269
01-30 13:13:14.547  8495  8518 D SQLiteStress: #1 setCount: 174
01-30 13:13:14.553  8495  8526 D SQLiteStress: #9 setCount: 50
01-30 13:13:14.564  8495  8517 D SQLiteStress: #0 setCount: 270
01-30 13:13:14.566  8495  8519 D SQLiteStress: #2 setCount: 133
01-30 13:13:14.573  8495  8521 D SQLiteStress: #4 setCount: 90
01-30 13:13:14.578  8495  8522 D SQLiteStress: #5 setCount: 77
01-30 13:13:14.581  8495  8518 D SQLiteStress: #1 setCount: 175
01-30 13:13:14.587  8495  8517 D SQLiteStress: #0 setCount: 271
01-30 13:13:14.587  8495  8520 D SQLiteStress: #3 setCount: 108
01-30 13:13:14.587  8495  8525 D SQLiteStress: #8 setCount: 55
01-30 13:13:14.587  8495  8517 D SQLiteStress: #0 setCount: 271

### Data loss detected: error=-1.
Thread: 0
Last  : 271
Expect: 272
Get   : 271
01-30 13:13:14.587  8495  8520 D SQLiteStress: #3 setCount: 108

### Data loss detected: error=-1.
Thread: 3
Last  : 108
Expect: 109
Get   : 108
01-30 13:13:14.589  8495  8523 D SQLiteStress: #6 setCount: 68
01-30 13:13:14.594  8495  8524 D SQLiteStress: #7 setCount: 61
01-30 13:13:14.606  8495  8517 D SQLiteStress: #0 setCount: 272
01-30 13:13:14.606  8495  8519 D SQLiteStress: #2 setCount: 134
01-30 13:13:14.606  8495  8517 D SQLiteStress: #0 setCount: 272

### Data loss detected: error=-1.
Thread: 0
Last  : 272
Expect: 273
Get   : 272
01-30 13:13:14.609  8495  8518 D SQLiteStress: #1 setCount: 176
01-30 13:13:14.622  8495  8517 D SQLiteStress: #0 setCount: 273
01-30 13:13:14.631  8495  8521 D SQLiteStress: #4 setCount: 91
01-30 13:13:14.638  8495  8520 D SQLiteStress: #3 setCount: 109
01-30 13:13:14.641  8495  8518 D SQLiteStress: #1 setCount: 177
01-30 13:13:14.643  8495  8517 D SQLiteStress: #0 setCount: 274
01-30 13:13:14.647  8495  8519 D SQLiteStress: #2 setCount: 135
01-30 13:13:14.649  8495  8522 D SQLiteStress: #5 setCount: 78
01-30 13:13:14.660  8495  8526 D SQLiteStress: #9 setCount: 51
01-30 13:13:14.661  8495  8517 D SQLiteStress: #0 setCount: 275
01-30 13:13:14.668  8495  8523 D SQLiteStress: #6 setCount: 69
01-30 13:13:14.670  8495  8518 D SQLiteStress: #1 setCount: 178
01-30 13:13:14.678  8495  8517 D SQLiteStress: #0 setCount: 276
01-30 13:13:14.683  8495  8524 D SQLiteStress: #7 setCount: 62
01-30 13:13:14.687  8495  8525 D SQLiteStress: #8 setCount: 56
01-30 13:13:14.687  8495  8519 D SQLiteStress: #2 setCount: 136
01-30 13:13:14.689  8495  8520 D SQLiteStress: #3 setCount: 110
01-30 13:13:14.691  8495  8521 D SQLiteStress: #4 setCount: 92
01-30 13:13:14.697  8495  8517 D SQLiteStress: #0 setCount: 277
01-30 13:13:14.699  8495  8518 D SQLiteStress: #1 setCount: 179
01-30 13:13:14.715  8495  8522 D SQLiteStress: #5 setCount: 79
01-30 13:13:14.716  8495  8517 D SQLiteStress: #0 setCount: 278
01-30 13:13:14.725  8495  8519 D SQLiteStress: #2 setCount: 137
01-30 13:13:14.727  8495  8518 D SQLiteStress: #1 setCount: 180
01-30 13:13:14.733  8495  8517 D SQLiteStress: #0 setCount: 279
01-30 13:13:14.737  8495  8520 D SQLiteStress: #3 setCount: 111
01-30 13:13:14.747  8495  8523 D SQLiteStress: #6 setCount: 70
01-30 13:13:14.751  8495  8521 D SQLiteStress: #4 setCount: 93
01-30 13:13:14.752  8495  8517 D SQLiteStress: #0 setCount: 280
01-30 13:13:14.756  8495  8518 D SQLiteStress: #1 setCount: 181
01-30 13:13:14.761  8495  8519 D SQLiteStress: #2 setCount: 138
01-30 13:13:14.768  8495  8526 D SQLiteStress: #9 setCount: 52
01-30 13:13:14.771  8495  8517 D SQLiteStress: #0 setCount: 281
01-30 13:13:14.773  8495  8524 D SQLiteStress: #7 setCount: 63
01-30 13:13:14.785  8495  8522 D SQLiteStress: #5 setCount: 80
01-30 13:13:14.787  8495  8525 D SQLiteStress: #8 setCount: 57
01-30 13:13:14.787  8495  8520 D SQLiteStress: #3 setCount: 112
01-30 13:13:14.787  8495  8518 D SQLiteStress: #1 setCount: 182
01-30 13:13:14.790  8495  8517 D SQLiteStress: #0 setCount: 282
01-30 13:13:14.797  8495  8519 D SQLiteStress: #2 setCount: 139
01-30 13:13:14.807  8495  8521 D SQLiteStress: #4 setCount: 94
01-30 13:13:14.808  8495  8517 D SQLiteStress: #0 setCount: 283
01-30 13:13:14.814  8495  8518 D SQLiteStress: #1 setCount: 183
01-30 13:13:14.825  8495  8523 D SQLiteStress: #6 setCount: 71
01-30 13:13:14.826  8495  8517 D SQLiteStress: #0 setCount: 284
01-30 13:13:14.834  8495  8520 D SQLiteStress: #3 setCount: 113
01-30 13:13:14.835  8495  8519 D SQLiteStress: #2 setCount: 140
01-30 13:13:14.842  8495  8518 D SQLiteStress: #1 setCount: 184
01-30 13:13:14.844  8495  8517 D SQLiteStress: #0 setCount: 285
01-30 13:13:14.850  8495  8522 D SQLiteStress: #5 setCount: 81
01-30 13:13:14.861  8495  8524 D SQLiteStress: #7 setCount: 64
01-30 13:13:14.864  8495  8517 D SQLiteStress: #0 setCount: 286
01-30 13:13:14.866  8495  8521 D SQLiteStress: #4 setCount: 95
01-30 13:13:14.871  8495  8518 D SQLiteStress: #1 setCount: 185
01-30 13:13:14.876  8495  8519 D SQLiteStress: #2 setCount: 141
01-30 13:13:14.879  8495  8526 D SQLiteStress: #9 setCount: 53
01-30 13:13:14.885  8495  8517 D SQLiteStress: #0 setCount: 287
01-30 13:13:14.885  8495  8520 D SQLiteStress: #3 setCount: 114
01-30 13:13:14.887  8495  8525 D SQLiteStress: #8 setCount: 58
01-30 13:13:14.901  8495  8518 D SQLiteStress: #1 setCount: 186
01-30 13:13:14.905  8495  8517 D SQLiteStress: #0 setCount: 288
01-30 13:13:14.906  8495  8523 D SQLiteStress: #6 setCount: 72
01-30 13:13:14.914  8495  8519 D SQLiteStress: #2 setCount: 142
01-30 13:13:14.919  8495  8522 D SQLiteStress: #5 setCount: 82
01-30 13:13:14.927  8495  8521 D SQLiteStress: #4 setCount: 96
01-30 13:13:14.931  8495  8517 D SQLiteStress: #0 setCount: 289
01-30 13:13:14.932  8495  8518 D SQLiteStress: #1 setCount: 187
01-30 13:13:14.935  8495  8520 D SQLiteStress: #3 setCount: 115
01-30 13:13:14.952  8495  8524 D SQLiteStress: #7 setCount: 65
01-30 13:13:14.954  8495  8517 D SQLiteStress: #0 setCount: 290
01-30 13:13:14.955  8495  8519 D SQLiteStress: #2 setCount: 143
01-30 13:13:14.960  8495  8518 D SQLiteStress: #1 setCount: 188
01-30 13:13:14.971  8495  8517 D SQLiteStress: #0 setCount: 291
01-30 13:13:14.989  8495  8525 D SQLiteStress: #8 setCount: 59
01-30 13:13:14.989  8495  8523 D SQLiteStress: #6 setCount: 73
01-30 13:13:14.989  8495  8520 D SQLiteStress: #3 setCount: 116
01-30 13:13:14.993  8495  8526 D SQLiteStress: #9 setCount: 54
01-30 13:13:14.993  8495  8522 D SQLiteStress: #5 setCount: 83
01-30 13:13:14.993  8495  8521 D SQLiteStress: #4 setCount: 97
01-30 13:13:14.995  8495  8518 D SQLiteStress: #1 setCount: 189
01-30 13:13:14.996  8495  8517 D SQLiteStress: #0 setCount: 292
01-30 13:13:14.998  8495  8519 D SQLiteStress: #2 setCount: 144
01-30 13:13:15.013  8495  8517 D SQLiteStress: #0 setCount: 293
01-30 13:13:15.021  8495  8518 D SQLiteStress: #1 setCount: 190
01-30 13:13:15.030  8495  8517 D SQLiteStress: #0 setCount: 294
01-30 13:13:15.037  8495  8519 D SQLiteStress: #2 setCount: 145
01-30 13:13:15.040  8495  8520 D SQLiteStress: #3 setCount: 117
01-30 13:13:15.044  8495  8524 D SQLiteStress: #7 setCount: 66
01-30 13:13:15.049  8495  8517 D SQLiteStress: #0 setCount: 295
01-30 13:13:15.052  8495  8521 D SQLiteStress: #4 setCount: 98
01-30 13:13:15.052  8495  8518 D SQLiteStress: #1 setCount: 191
01-30 13:13:15.052  8495  8521 D SQLiteStress: #4 setCount: 98

### Data loss detected: error=-1.
Thread: 4
Last  : 98
Expect: 99
Get   : 98
01-30 13:13:15.060  8495  8522 D SQLiteStress: #5 setCount: 84
01-30 13:13:15.066  8495  8517 D SQLiteStress: #0 setCount: 296
01-30 13:13:15.066  8495  8523 D SQLiteStress: #6 setCount: 74
01-30 13:13:15.074  8495  8519 D SQLiteStress: #2 setCount: 146
01-30 13:13:15.078  8495  8518 D SQLiteStress: #1 setCount: 192
01-30 13:13:15.083  8495  8517 D SQLiteStress: #0 setCount: 297
01-30 13:13:15.087  8495  8525 D SQLiteStress: #8 setCount: 60
01-30 13:13:15.089  8495  8520 D SQLiteStress: #3 setCount: 118
01-30 13:13:15.099  8495  8517 D SQLiteStress: #0 setCount: 298
01-30 13:13:15.101  8495  8526 D SQLiteStress: #9 setCount: 55
01-30 13:13:15.106  8495  8518 D SQLiteStress: #1 setCount: 193
01-30 13:13:15.110  8495  8519 D SQLiteStress: #2 setCount: 147
01-30 13:13:15.112  8495  8521 D SQLiteStress: #4 setCount: 99
01-30 13:13:15.116  8495  8517 D SQLiteStress: #0 setCount: 299
01-30 13:13:15.126  8495  8522 D SQLiteStress: #5 setCount: 85
01-30 13:13:15.143  8495  8524 D SQLiteStress: #7 setCount: 67
01-30 13:13:15.147  8495  8523 D SQLiteStress: #6 setCount: 75
01-30 13:13:15.147  8495  8520 D SQLiteStress: #3 setCount: 119
01-30 13:13:15.147  8495  8517 D SQLiteStress: #0 setCount: 300
01-30 13:13:15.147  8495  8518 D SQLiteStress: #1 setCount: 194
01-30 13:13:15.150  8495  8519 D SQLiteStress: #2 setCount: 148
01-30 13:13:15.163  8495  8517 D SQLiteStress: #0 setCount: 301
01-30 13:13:15.168  8495  8521 D SQLiteStress: #4 setCount: 100
01-30 13:13:15.174  8495  8518 D SQLiteStress: #1 setCount: 195
01-30 13:13:15.180  8495  8517 D SQLiteStress: #0 setCount: 302
01-30 13:13:15.184  8495  8525 D SQLiteStress: #8 setCount: 61
01-30 13:13:15.187  8495  8519 D SQLiteStress: #2 setCount: 149
01-30 13:13:15.194  8495  8522 D SQLiteStress: #5 setCount: 86
01-30 13:13:15.197  8495  8520 D SQLiteStress: #3 setCount: 120
01-30 13:13:15.199  8495  8517 D SQLiteStress: #0 setCount: 303
01-30 13:13:15.202  8495  8518 D SQLiteStress: #1 setCount: 196
01-30 13:13:15.207  8495  8526 D SQLiteStress: #9 setCount: 56
01-30 13:13:15.215  8495  8517 D SQLiteStress: #0 setCount: 304
01-30 13:13:15.225  8495  8521 D SQLiteStress: #4 setCount: 101
01-30 13:13:15.225  8495  8523 D SQLiteStress: #6 setCount: 76
01-30 13:13:15.225  8495  8519 D SQLiteStress: #2 setCount: 150
01-30 13:13:15.231  8495  8518 D SQLiteStress: #1 setCount: 197
01-30 13:13:15.233  8495  8524 D SQLiteStress: #7 setCount: 68
01-30 13:13:15.235  8495  8517 D SQLiteStress: #0 setCount: 305
01-30 13:13:15.243  8495  8520 D SQLiteStress: #3 setCount: 121
01-30 13:13:15.252  8495  8517 D SQLiteStress: #0 setCount: 306
01-30 13:13:15.257  8495  8518 D SQLiteStress: #1 setCount: 198
01-30 13:13:15.262  8495  8522 D SQLiteStress: #5 setCount: 87
01-30 13:13:15.263  8495  8519 D SQLiteStress: #2 setCount: 151
01-30 13:13:15.269  8495  8517 D SQLiteStress: #0 setCount: 307
01-30 13:13:15.282  8495  8525 D SQLiteStress: #8 setCount: 62
01-30 13:13:15.283  8495  8521 D SQLiteStress: #4 setCount: 102
01-30 13:13:15.286  8495  8517 D SQLiteStress: #0 setCount: 308
01-30 13:13:15.289  8495  8518 D SQLiteStress: #1 setCount: 199
01-30 13:13:15.291  8495  8520 D SQLiteStress: #3 setCount: 122
01-30 13:13:15.303  8495  8519 D SQLiteStress: #2 setCount: 152
01-30 13:13:15.304  8495  8523 D SQLiteStress: #6 setCount: 77
01-30 13:13:15.305  8495  8517 D SQLiteStress: #0 setCount: 309
01-30 13:13:15.315  8495  8526 D SQLiteStress: #9 setCount: 57
01-30 13:13:15.317  8495  8518 D SQLiteStress: #1 setCount: 200
01-30 13:13:15.322  8495  8524 D SQLiteStress: #7 setCount: 69
01-30 13:13:15.323  8495  8517 D SQLiteStress: #0 setCount: 310
01-30 13:13:15.328  8495  8522 D SQLiteStress: #5 setCount: 88
01-30 13:13:15.342  8495  8520 D SQLiteStress: #3 setCount: 123
01-30 13:13:15.344  8495  8517 D SQLiteStress: #0 setCount: 311
01-30 13:13:15.346  8495  8521 D SQLiteStress: #4 setCount: 103
01-30 13:13:15.346  8495  8519 D SQLiteStress: #2 setCount: 153
01-30 13:13:15.346  8495  8521 D SQLiteStress: #4 setCount: 103

### Data loss detected: error=-1.
Thread: 4
Last  : 103
Expect: 104
Get   : 103
01-30 13:13:15.347  8495  8518 D SQLiteStress: #1 setCount: 201
01-30 13:13:15.360  8495  8517 D SQLiteStress: #0 setCount: 312
01-30 13:13:15.376  8495  8518 D SQLiteStress: #1 setCount: 202
01-30 13:13:15.383  8495  8517 D SQLiteStress: #0 setCount: 313
01-30 13:13:15.384  8495  8525 D SQLiteStress: #8 setCount: 63
01-30 13:13:15.388  8495  8523 D SQLiteStress: #6 setCount: 78
01-30 13:13:15.390  8495  8519 D SQLiteStress: #2 setCount: 154
01-30 13:13:15.393  8495  8520 D SQLiteStress: #3 setCount: 124
01-30 13:13:15.396  8495  8522 D SQLiteStress: #5 setCount: 89
01-30 13:13:15.401  8495  8517 D SQLiteStress: #0 setCount: 314
01-30 13:13:15.405  8495  8521 D SQLiteStress: #4 setCount: 104
01-30 13:13:15.406  8495  8518 D SQLiteStress: #1 setCount: 203
01-30 13:13:15.409  8495  8524 D SQLiteStress: #7 setCount: 70
01-30 13:13:15.417  8495  8517 D SQLiteStress: #0 setCount: 315
01-30 13:13:15.422  8495  8526 D SQLiteStress: #9 setCount: 58
01-30 13:13:15.426  8495  8519 D SQLiteStress: #2 setCount: 155
01-30 13:13:15.434  8495  8518 D SQLiteStress: #1 setCount: 204
01-30 13:13:15.435  8495  8517 D SQLiteStress: #0 setCount: 316
01-30 13:13:15.439  8495  8520 D SQLiteStress: #3 setCount: 125
01-30 13:13:15.452  8495  8517 D SQLiteStress: #0 setCount: 317
01-30 13:13:15.465  8495  8518 D SQLiteStress: #1 setCount: 205
01-30 13:13:15.467  8495  8522 D SQLiteStress: #5 setCount: 90
01-30 13:13:15.467  8495  8521 D SQLiteStress: #4 setCount: 105
01-30 13:13:15.467  8495  8519 D SQLiteStress: #2 setCount: 156
01-30 13:13:15.468  8495  8523 D SQLiteStress: #6 setCount: 79
01-30 13:13:15.472  8495  8517 D SQLiteStress: #0 setCount: 318
01-30 13:13:15.480  8495  8525 D SQLiteStress: #8 setCount: 64
01-30 13:13:15.496  8495  8520 D SQLiteStress: #3 setCount: 126
01-30 13:13:15.498  8495  8517 D SQLiteStress: #0 setCount: 319
01-30 13:13:15.498  8495  8518 D SQLiteStress: #1 setCount: 206
01-30 13:13:15.498  8495  8524 D SQLiteStress: #7 setCount: 71
01-30 13:13:15.498  8495  8518 D SQLiteStress: #1 setCount: 206

### Data loss detected: error=-1.
Thread: 1
Last  : 206
Expect: 207
Get   : 206
01-30 13:13:15.504  8495  8519 D SQLiteStress: #2 setCount: 157
01-30 13:13:15.514  8495  8517 D SQLiteStress: #0 setCount: 320
01-30 13:13:15.523  8495  8518 D SQLiteStress: #1 setCount: 207
01-30 13:13:15.525  8495  8521 D SQLiteStress: #4 setCount: 106
01-30 13:13:15.532  8495  8526 D SQLiteStress: #9 setCount: 59
01-30 13:13:15.532  8495  8517 D SQLiteStress: #0 setCount: 321
01-30 13:13:15.537  8495  8522 D SQLiteStress: #5 setCount: 91
01-30 13:13:15.546  8495  8520 D SQLiteStress: #3 setCount: 127
01-30 13:13:15.546  8495  8519 D SQLiteStress: #2 setCount: 158
01-30 13:13:15.548  8495  8523 D SQLiteStress: #6 setCount: 80
01-30 13:13:15.553  8495  8518 D SQLiteStress: #1 setCount: 208
01-30 13:13:15.553  8495  8517 D SQLiteStress: #0 setCount: 322
01-30 13:13:15.570  8495  8517 D SQLiteStress: #0 setCount: 323
01-30 13:13:15.582  8495  8525 D SQLiteStress: #8 setCount: 65
01-30 13:13:15.586  8495  8521 D SQLiteStress: #4 setCount: 107
01-30 13:13:15.588  8495  8518 D SQLiteStress: #1 setCount: 209
01-30 13:13:15.591  8495  8519 D SQLiteStress: #2 setCount: 159
01-30 13:13:15.592  8495  8524 D SQLiteStress: #7 setCount: 72
01-30 13:13:15.594  8495  8517 D SQLiteStress: #0 setCount: 324
01-30 13:13:15.596  8495  8520 D SQLiteStress: #3 setCount: 128
01-30 13:13:15.603  8495  8522 D SQLiteStress: #5 setCount: 92
01-30 13:13:15.611  8495  8517 D SQLiteStress: #0 setCount: 325
01-30 13:13:15.614  8495  8518 D SQLiteStress: #1 setCount: 210
01-30 13:13:15.626  8495  8523 D SQLiteStress: #6 setCount: 81
01-30 13:13:15.629  8495  8517 D SQLiteStress: #0 setCount: 326
01-30 13:13:15.629  8495  8519 D SQLiteStress: #2 setCount: 160
01-30 13:13:15.629  8495  8517 D SQLiteStress: #0 setCount: 326

### Data loss detected: error=-1.
Thread: 0
Last  : 326
Expect: 327
Get   : 326
01-30 13:13:15.643  8495  8526 D SQLiteStress: #9 setCount: 60
01-30 13:13:15.645  8495  8518 D SQLiteStress: #1 setCount: 211
01-30 13:13:15.648  8495  8521 D SQLiteStress: #4 setCount: 108
01-30 13:13:15.649  8495  8520 D SQLiteStress: #3 setCount: 129
01-30 13:13:15.649  8495  8517 D SQLiteStress: #0 setCount: 327
01-30 13:13:15.649  8495  8520 D SQLiteStress: #3 setCount: 129

### Data loss detected: error=-1.
Thread: 3
Last  : 129
Expect: 130
Get   : 129
01-30 13:13:15.666  8495  8517 D SQLiteStress: #0 setCount: 328
01-30 13:13:15.668  8495  8519 D SQLiteStress: #2 setCount: 161
01-30 13:13:15.672  8495  8522 D SQLiteStress: #5 setCount: 93
01-30 13:13:15.676  8495  8518 D SQLiteStress: #1 setCount: 212
01-30 13:13:15.684  8495  8525 D SQLiteStress: #8 setCount: 66
01-30 13:13:15.684  8495  8524 D SQLiteStress: #7 setCount: 73
01-30 13:13:15.686  8495  8517 D SQLiteStress: #0 setCount: 329
01-30 13:13:15.696  8495  8520 D SQLiteStress: #3 setCount: 130
01-30 13:13:15.706  8495  8523 D SQLiteStress: #6 setCount: 82
01-30 13:13:15.706  8495  8518 D SQLiteStress: #1 setCount: 213
01-30 13:13:15.706  8495  8517 D SQLiteStress: #0 setCount: 330
01-30 13:13:15.707  8495  8519 D SQLiteStress: #2 setCount: 162
01-30 13:13:15.709  8495  8521 D SQLiteStress: #4 setCount: 109
01-30 13:13:15.722  8495  8517 D SQLiteStress: #0 setCount: 331
01-30 13:13:15.732  8495  8518 D SQLiteStress: #1 setCount: 214
01-30 13:13:15.742  8495  8522 D SQLiteStress: #5 setCount: 94
01-30 13:13:15.743  8495  8517 D SQLiteStress: #0 setCount: 332
01-30 13:13:15.746  8495  8519 D SQLiteStress: #2 setCount: 163
01-30 13:13:15.748  8495  8520 D SQLiteStress: #3 setCount: 131
01-30 13:13:15.751  8495  8526 D SQLiteStress: #9 setCount: 61
01-30 13:13:15.762  8495  8518 D SQLiteStress: #1 setCount: 215
01-30 13:13:15.764  8495  8517 D SQLiteStress: #0 setCount: 333
01-30 13:13:15.767  8495  8521 D SQLiteStress: #4 setCount: 110
01-30 13:13:15.771  8495  8524 D SQLiteStress: #7 setCount: 74
01-30 13:13:15.783  8495  8517 D SQLiteStress: #0 setCount: 334
01-30 13:13:15.785  8495  8525 D SQLiteStress: #8 setCount: 67
01-30 13:13:15.787  8495  8519 D SQLiteStress: #2 setCount: 164
01-30 13:13:15.787  8495  8523 D SQLiteStress: #6 setCount: 83
01-30 13:13:15.790  8495  8518 D SQLiteStress: #1 setCount: 216
01-30 13:13:15.794  8495  8520 D SQLiteStress: #3 setCount: 132
01-30 13:13:15.799  8495  8517 D SQLiteStress: #0 setCount: 335
01-30 13:13:15.807  8495  8522 D SQLiteStress: #5 setCount: 95
01-30 13:13:15.816  8495  8517 D SQLiteStress: #0 setCount: 336
01-30 13:13:15.817  8495  8518 D SQLiteStress: #1 setCount: 217
01-30 13:13:15.824  8495  8519 D SQLiteStress: #2 setCount: 165
01-30 13:13:15.825  8495  8521 D SQLiteStress: #4 setCount: 111
01-30 13:13:15.831  8495  8517 D SQLiteStress: #0 setCount: 337
01-30 13:13:15.840  8495  8520 D SQLiteStress: #3 setCount: 133
01-30 13:13:15.843  8495  8518 D SQLiteStress: #1 setCount: 218
01-30 13:13:15.847  8495  8517 D SQLiteStress: #0 setCount: 338
01-30 13:13:15.861  8495  8524 D SQLiteStress: #7 setCount: 75
01-30 13:13:15.863  8495  8526 D SQLiteStress: #9 setCount: 62
01-30 13:13:15.867  8495  8523 D SQLiteStress: #6 setCount: 84
01-30 13:13:15.867  8495  8519 D SQLiteStress: #2 setCount: 166
01-30 13:13:15.867  8495  8523 D SQLiteStress: #6 setCount: 84

### Data loss detected: error=-1.
Thread: 6
Last  : 84
Expect: 85
Get   : 84
01-30 13:13:15.869  8495  8517 D SQLiteStress: #0 setCount: 339
01-30 13:13:15.873  8495  8518 D SQLiteStress: #1 setCount: 219
01-30 13:13:15.875  8495  8522 D SQLiteStress: #5 setCount: 96
01-30 13:13:15.881  8495  8521 D SQLiteStress: #4 setCount: 112
01-30 13:13:15.883  8495  8525 D SQLiteStress: #8 setCount: 68
01-30 13:13:15.886  8495  8520 D SQLiteStress: #3 setCount: 134
01-30 13:13:15.887  8495  8517 D SQLiteStress: #0 setCount: 340
01-30 13:13:15.899  8495  8518 D SQLiteStress: #1 setCount: 220
01-30 13:13:15.904  8495  8517 D SQLiteStress: #0 setCount: 341
01-30 13:13:15.905  8495  8519 D SQLiteStress: #2 setCount: 167
01-30 13:13:15.920  8495  8517 D SQLiteStress: #0 setCount: 342
01-30 13:13:15.926  8495  8518 D SQLiteStress: #1 setCount: 221
01-30 13:13:15.932  8495  8520 D SQLiteStress: #3 setCount: 135
01-30 13:13:15.938  8495  8517 D SQLiteStress: #0 setCount: 343
01-30 13:13:15.938  8495  8521 D SQLiteStress: #4 setCount: 113
01-30 13:13:15.943  8495  8522 D SQLiteStress: #5 setCount: 97
01-30 13:13:15.945  8495  8523 D SQLiteStress: #6 setCount: 85
01-30 13:13:15.945  8495  8519 D SQLiteStress: #2 setCount: 168
01-30 13:13:15.948  8495  8524 D SQLiteStress: #7 setCount: 76
01-30 13:13:15.954  8495  8518 D SQLiteStress: #1 setCount: 222
01-30 13:13:15.956  8495  8517 D SQLiteStress: #0 setCount: 344
01-30 13:13:15.970  8495  8526 D SQLiteStress: #9 setCount: 63
01-30 13:13:15.973  8495  8517 D SQLiteStress: #0 setCount: 345
01-30 13:13:15.991  8495  8520 D SQLiteStress: #3 setCount: 136
01-30 13:13:15.991  8495  8525 D SQLiteStress: #8 setCount: 69
01-30 13:13:15.991  8495  8520 D SQLiteStress: #3 setCount: 136

### Data loss detected: error=-1.
Thread: 3
Last  : 136
Expect: 137
Get   : 136
01-30 13:13:15.993  8495  8518 D SQLiteStress: #1 setCount: 223
01-30 13:13:15.994  8495  8517 D SQLiteStress: #0 setCount: 346
01-30 13:13:15.995  8495  8519 D SQLiteStress: #2 setCount: 169
01-30 13:13:15.997  8495  8521 D SQLiteStress: #4 setCount: 114
01-30 13:13:16.010  8495  8522 D SQLiteStress: #5 setCount: 98
01-30 13:13:16.011  8495  8517 D SQLiteStress: #0 setCount: 347
01-30 13:13:16.020  8495  8523 D SQLiteStress: #6 setCount: 86
01-30 13:13:16.021  8495  8518 D SQLiteStress: #1 setCount: 224
01-30 13:13:16.028  8495  8517 D SQLiteStress: #0 setCount: 348
01-30 13:13:16.031  8495  8519 D SQLiteStress: #2 setCount: 170
01-30 13:13:16.034  8495  8524 D SQLiteStress: #7 setCount: 77
01-30 13:13:16.037  8495  8520 D SQLiteStress: #3 setCount: 137
01-30 13:13:16.043  8495  8517 D SQLiteStress: #0 setCount: 349
01-30 13:13:16.047  8495  8518 D SQLiteStress: #1 setCount: 225
01-30 13:13:16.053  8495  8521 D SQLiteStress: #4 setCount: 115
01-30 13:13:16.059  8495  8517 D SQLiteStress: #0 setCount: 350
01-30 13:13:16.067  8495  8519 D SQLiteStress: #2 setCount: 171
01-30 13:13:16.075  8495  8518 D SQLiteStress: #1 setCount: 226
01-30 13:13:16.078  8495  8526 D SQLiteStress: #9 setCount: 64
01-30 13:13:16.078  8495  8517 D SQLiteStress: #0 setCount: 351
01-30 13:13:16.081  8495  8522 D SQLiteStress: #5 setCount: 99
01-30 13:13:16.084  8495  8520 D SQLiteStress: #3 setCount: 138
01-30 13:13:16.088  8495  8525 D SQLiteStress: #8 setCount: 70
01-30 13:13:16.096  8495  8517 D SQLiteStress: #0 setCount: 352
01-30 13:13:16.098  8495  8523 D SQLiteStress: #6 setCount: 87
01-30 13:13:16.103  8495  8518 D SQLiteStress: #1 setCount: 227
01-30 13:13:16.104  8495  8519 D SQLiteStress: #2 setCount: 172
01-30 13:13:16.110  8495  8521 D SQLiteStress: #4 setCount: 116
01-30 13:13:16.113  8495  8517 D SQLiteStress: #0 setCount: 353
01-30 13:13:16.120  8495  8524 D SQLiteStress: #7 setCount: 78
01-30 13:13:16.131  8495  8517 D SQLiteStress: #0 setCount: 354
01-30 13:13:16.133  8495  8518 D SQLiteStress: #1 setCount: 228
01-30 13:13:16.134  8495  8520 D SQLiteStress: #3 setCount: 139
01-30 13:13:16.140  8495  8519 D SQLiteStress: #2 setCount: 173
01-30 13:13:16.147  8495  8517 D SQLiteStress: #0 setCount: 355
01-30 13:13:16.147  8495  8522 D SQLiteStress: #5 setCount: 100
01-30 13:13:16.147  8495  8517 D SQLiteStress: #0 setCount: 355

### Data loss detected: error=-1.
Thread: 0
Last  : 355
Expect: 356
Get   : 355
01-30 13:13:16.159  8495  8518 D SQLiteStress: #1 setCount: 229
01-30 13:13:16.163  8495  8517 D SQLiteStress: #0 setCount: 356
01-30 13:13:16.167  8495  8521 D SQLiteStress: #4 setCount: 117
01-30 13:13:16.177  8495  8523 D SQLiteStress: #6 setCount: 88
01-30 13:13:16.177  8495  8519 D SQLiteStress: #2 setCount: 174
01-30 13:13:16.177  8495  8523 D SQLiteStress: #6 setCount: 88

### Data loss detected: error=-1.
Thread: 6
Last  : 88
Expect: 89
Get   : 88
01-30 13:13:16.184  8495  8517 D SQLiteStress: #0 setCount: 357
01-30 13:13:16.185  8495  8520 D SQLiteStress: #3 setCount: 140
01-30 13:13:16.188  8495  8525 D SQLiteStress: #8 setCount: 71
01-30 13:13:16.190  8495  8518 D SQLiteStress: #1 setCount: 230
01-30 13:13:16.191  8495  8526 D SQLiteStress: #9 setCount: 65
01-30 13:13:16.199  8495  8517 D SQLiteStress: #0 setCount: 358
01-30 13:13:16.206  8495  8524 D SQLiteStress: #7 setCount: 79
01-30 13:13:16.215  8495  8519 D SQLiteStress: #2 setCount: 175
01-30 13:13:16.218  8495  8522 D SQLiteStress: #5 setCount: 101
01-30 13:13:16.220  8495  8517 D SQLiteStress: #0 setCount: 359
01-30 13:13:16.222  8495  8518 D SQLiteStress: #1 setCount: 231
01-30 13:13:16.225  8495  8521 D SQLiteStress: #4 setCount: 118
01-30 13:13:16.230  8495  8520 D SQLiteStress: #3 setCount: 141
01-30 13:13:16.236  8495  8517 D SQLiteStress: #0 setCount: 360
01-30 13:13:16.248  8495  8518 D SQLiteStress: #1 setCount: 232
01-30 13:13:16.254  8495  8519 D SQLiteStress: #2 setCount: 176
01-30 13:13:16.254  8495  8517 D SQLiteStress: #0 setCount: 361
01-30 13:13:16.256  8495  8523 D SQLiteStress: #6 setCount: 89
01-30 13:13:16.271  8495  8517 D SQLiteStress: #0 setCount: 362
01-30 13:13:16.279  8495  8518 D SQLiteStress: #1 setCount: 233
01-30 13:13:16.281  8495  8520 D SQLiteStress: #3 setCount: 142
01-30 13:13:16.285  8495  8521 D SQLiteStress: #4 setCount: 119
01-30 13:13:16.287  8495  8525 D SQLiteStress: #8 setCount: 72
01-30 13:13:16.287  8495  8522 D SQLiteStress: #5 setCount: 102
01-30 13:13:16.287  8495  8525 D SQLiteStress: #8 setCount: 72

### Data loss detected: error=-1.
Thread: 8
Last  : 72
Expect: 73
Get   : 72
01-30 13:13:16.291  8495  8517 D SQLiteStress: #0 setCount: 363
01-30 13:13:16.296  8495  8519 D SQLiteStress: #2 setCount: 177
01-30 13:13:16.297  8495  8524 D SQLiteStress: #7 setCount: 80
01-30 13:13:16.300  8495  8526 D SQLiteStress: #9 setCount: 66
01-30 13:13:16.307  8495  8518 D SQLiteStress: #1 setCount: 234
01-30 13:13:16.309  8495  8517 D SQLiteStress: #0 setCount: 364
01-30 13:13:16.327  8495  8517 D SQLiteStress: #0 setCount: 365
01-30 13:13:16.330  8495  8520 D SQLiteStress: #3 setCount: 143
01-30 13:13:16.336  8495  8523 D SQLiteStress: #6 setCount: 90
01-30 13:13:16.336  8495  8519 D SQLiteStress: #2 setCount: 178
01-30 13:13:16.338  8495  8518 D SQLiteStress: #1 setCount: 235
01-30 13:13:16.345  8495  8521 D SQLiteStress: #4 setCount: 120
01-30 13:13:16.347  8495  8517 D SQLiteStress: #0 setCount: 366
01-30 13:13:16.354  8495  8522 D SQLiteStress: #5 setCount: 103
01-30 13:13:16.366  8495  8517 D SQLiteStress: #0 setCount: 367
01-30 13:13:16.367  8495  8518 D SQLiteStress: #1 setCount: 236
01-30 13:13:16.374  8495  8519 D SQLiteStress: #2 setCount: 179
01-30 13:13:16.378  8495  8520 D SQLiteStress: #3 setCount: 144
01-30 13:13:16.384  8495  8517 D SQLiteStress: #0 setCount: 368
01-30 13:13:16.384  8495  8525 D SQLiteStress: #8 setCount: 73
01-30 13:13:16.384  8495  8524 D SQLiteStress: #7 setCount: 81
01-30 13:13:16.384  8495  8517 D SQLiteStress: #0 setCount: 368

### Data loss detected: error=-1.
Thread: 0
Last  : 368
Expect: 369
Get   : 368
01-30 13:13:16.384  8495  8525 D SQLiteStress: #8 setCount: 73

### Data loss detected: error=-1.
Thread: 8
Last  : 73
Expect: 74
Get   : 73
01-30 13:13:16.393  8495  8518 D SQLiteStress: #1 setCount: 237
01-30 13:13:16.403  8495  8517 D SQLiteStress: #0 setCount: 369
01-30 13:13:16.405  8495  8521 D SQLiteStress: #4 setCount: 121
01-30 13:13:16.410  8495  8526 D SQLiteStress: #9 setCount: 67
01-30 13:13:16.413  8495  8519 D SQLiteStress: #2 setCount: 180
01-30 13:13:16.416  8495  8523 D SQLiteStress: #6 setCount: 91
01-30 13:13:16.422  8495  8517 D SQLiteStress: #0 setCount: 370
01-30 13:13:16.423  8495  8522 D SQLiteStress: #5 setCount: 104
01-30 13:13:16.424  8495  8518 D SQLiteStress: #1 setCount: 238
01-30 13:13:16.427  8495  8520 D SQLiteStress: #3 setCount: 145
01-30 13:13:16.438  8495  8517 D SQLiteStress: #0 setCount: 371
01-30 13:13:16.450  8495  8519 D SQLiteStress: #2 setCount: 181
01-30 13:13:16.450  8495  8518 D SQLiteStress: #1 setCount: 239
01-30 13:13:16.455  8495  8517 D SQLiteStress: #0 setCount: 372
01-30 13:13:16.462  8495  8521 D SQLiteStress: #4 setCount: 122
01-30 13:13:16.474  8495  8517 D SQLiteStress: #0 setCount: 373
01-30 13:13:16.476  8495  8524 D SQLiteStress: #7 setCount: 82
01-30 13:13:16.477  8495  8520 D SQLiteStress: #3 setCount: 146
01-30 13:13:16.482  8495  8518 D SQLiteStress: #1 setCount: 240
01-30 13:13:16.485  8495  8525 D SQLiteStress: #8 setCount: 74
01-30 13:13:16.492  8495  8519 D SQLiteStress: #2 setCount: 182
01-30 13:13:16.495  8495  8517 D SQLiteStress: #0 setCount: 374
01-30 13:13:16.495  8495  8522 D SQLiteStress: #5 setCount: 105
01-30 13:13:16.498  8495  8523 D SQLiteStress: #6 setCount: 92
01-30 13:13:16.521  8495  8518 D SQLiteStress: #1 setCount: 241
01-30 13:13:16.523  8495  8517 D SQLiteStress: #0 setCount: 375
01-30 13:13:16.523  8495  8526 D SQLiteStress: #9 setCount: 68
01-30 13:13:16.526  8495  8521 D SQLiteStress: #4 setCount: 123
01-30 13:13:16.528  8495  8520 D SQLiteStress: #3 setCount: 147
01-30 13:13:16.531  8495  8519 D SQLiteStress: #2 setCount: 183
01-30 13:13:16.539  8495  8517 D SQLiteStress: #0 setCount: 376
01-30 13:13:16.547  8495  8518 D SQLiteStress: #1 setCount: 242
01-30 13:13:16.555  8495  8517 D SQLiteStress: #0 setCount: 377
01-30 13:13:16.562  8495  8524 D SQLiteStress: #7 setCount: 83
01-30 13:13:16.563  8495  8522 D SQLiteStress: #5 setCount: 106
01-30 13:13:16.568  8495  8519 D SQLiteStress: #2 setCount: 184
01-30 13:13:16.574  8495  8517 D SQLiteStress: #0 setCount: 378
01-30 13:13:16.578  8495  8523 D SQLiteStress: #6 setCount: 93
01-30 13:13:16.578  8495  8518 D SQLiteStress: #1 setCount: 243
01-30 13:13:16.578  8495  8520 D SQLiteStress: #3 setCount: 148
01-30 13:13:16.583  8495  8525 D SQLiteStress: #8 setCount: 75
01-30 13:13:16.585  8495  8521 D SQLiteStress: #4 setCount: 124
01-30 13:13:16.590  8495  8517 D SQLiteStress: #0 setCount: 379
01-30 13:13:16.606  8495  8518 D SQLiteStress: #1 setCount: 244
01-30 13:13:16.606  8495  8519 D SQLiteStress: #2 setCount: 185
01-30 13:13:16.608  8495  8517 D SQLiteStress: #0 setCount: 380
01-30 13:13:16.624  8495  8517 D SQLiteStress: #0 setCount: 381
01-30 13:13:16.626  8495  8520 D SQLiteStress: #3 setCount: 149
01-30 13:13:16.635  8495  8526 D SQLiteStress: #9 setCount: 69
01-30 13:13:16.635  8495  8522 D SQLiteStress: #5 setCount: 107
01-30 13:13:16.635  8495  8526 D SQLiteStress: #9 setCount: 69

### Data loss detected: error=-1.
Thread: 9
Last  : 69
Expect: 70
Get   : 69
01-30 13:13:16.637  8495  8518 D SQLiteStress: #1 setCount: 245
01-30 13:13:16.644  8495  8521 D SQLiteStress: #4 setCount: 125
01-30 13:13:16.644  8495  8517 D SQLiteStress: #0 setCount: 382
01-30 13:13:16.646  8495  8519 D SQLiteStress: #2 setCount: 186
01-30 13:13:16.649  8495  8524 D SQLiteStress: #7 setCount: 84
01-30 13:13:16.653  8495  8523 D SQLiteStress: #6 setCount: 94
01-30 13:13:16.660  8495  8517 D SQLiteStress: #0 setCount: 383
01-30 13:13:16.664  8495  8518 D SQLiteStress: #1 setCount: 246
01-30 13:13:16.672  8495  8520 D SQLiteStress: #3 setCount: 150
01-30 13:13:16.675  8495  8517 D SQLiteStress: #0 setCount: 384
01-30 13:13:16.679  8495  8525 D SQLiteStress: #8 setCount: 76
01-30 13:13:16.682  8495  8519 D SQLiteStress: #2 setCount: 187
01-30 13:13:16.691  8495  8518 D SQLiteStress: #1 setCount: 247
01-30 13:13:16.693  8495  8517 D SQLiteStress: #0 setCount: 385
01-30 13:13:16.701  8495  8521 D SQLiteStress: #4 setCount: 126
01-30 13:13:16.703  8495  8522 D SQLiteStress: #5 setCount: 108
01-30 13:13:16.709  8495  8517 D SQLiteStress: #0 setCount: 386
01-30 13:13:16.720  8495  8518 D SQLiteStress: #1 setCount: 248
01-30 13:13:16.723  8495  8519 D SQLiteStress: #2 setCount: 188
01-30 13:13:16.723  8495  8520 D SQLiteStress: #3 setCount: 151
01-30 13:13:16.723  8495  8519 D SQLiteStress: #2 setCount: 188

### Data loss detected: error=-1.
Thread: 2
Last  : 188
Expect: 189
Get   : 188
01-30 13:13:16.757  8495  8517 D SQLiteStress: #0 setCount: 387
01-30 13:13:16.764  8495  8523 D SQLiteStress: #6 setCount: 95
01-30 13:13:16.767  8495  8519 D SQLiteStress: #2 setCount: 189
01-30 13:13:16.767  8495  8521 D SQLiteStress: #4 setCount: 127
01-30 13:13:16.767  8495  8518 D SQLiteStress: #1 setCount: 249
01-30 13:13:16.767  8495  8526 D SQLiteStress: #9 setCount: 70
01-30 13:13:16.767  8495  8524 D SQLiteStress: #7 setCount: 85
01-30 13:13:16.771  8495  8522 D SQLiteStress: #5 setCount: 109
01-30 13:13:16.772  8495  8520 D SQLiteStress: #3 setCount: 152
01-30 13:13:16.775  8495  8517 D SQLiteStress: #0 setCount: 388
01-30 13:13:16.777  8495  8525 D SQLiteStress: #8 setCount: 77
01-30 13:13:16.793  8495  8517 D SQLiteStress: #0 setCount: 389
01-30 13:13:16.795  8495  8518 D SQLiteStress: #1 setCount: 250
01-30 13:13:16.803  8495  8519 D SQLiteStress: #2 setCount: 190
01-30 13:13:16.810  8495  8517 D SQLiteStress: #0 setCount: 390
01-30 13:13:16.819  8495  8520 D SQLiteStress: #3 setCount: 153
01-30 13:13:16.824  8495  8518 D SQLiteStress: #1 setCount: 251
01-30 13:13:16.825  8495  8521 D SQLiteStress: #4 setCount: 128
01-30 13:13:16.834  8495  8517 D SQLiteStress: #0 setCount: 391
01-30 13:13:16.838  8495  8522 D SQLiteStress: #5 setCount: 110
01-30 13:13:16.841  8495  8519 D SQLiteStress: #2 setCount: 191
01-30 13:13:16.843  8495  8523 D SQLiteStress: #6 setCount: 96
01-30 13:13:16.853  8495  8518 D SQLiteStress: #1 setCount: 252
01-30 13:13:16.853  8495  8517 D SQLiteStress: #0 setCount: 392
01-30 13:13:16.853  8495  8518 D SQLiteStress: #1 setCount: 252

### Data loss detected: error=-1.
Thread: 1
Last  : 252
Expect: 253
Get   : 252
01-30 13:13:16.856  8495  8524 D SQLiteStress: #7 setCount: 86
01-30 13:13:16.865  8495  8520 D SQLiteStress: #3 setCount: 154
01-30 13:13:16.871  8495  8517 D SQLiteStress: #0 setCount: 393
01-30 13:13:16.875  8495  8525 D SQLiteStress: #8 setCount: 78
01-30 13:13:16.876  8495  8526 D SQLiteStress: #9 setCount: 71
01-30 13:13:16.882  8495  8519 D SQLiteStress: #2 setCount: 192
01-30 13:13:16.883  8495  8518 D SQLiteStress: #1 setCount: 253
01-30 13:13:16.885  8495  8521 D SQLiteStress: #4 setCount: 129
01-30 13:13:16.888  8495  8517 D SQLiteStress: #0 setCount: 394
01-30 13:13:16.904  8495  8522 D SQLiteStress: #5 setCount: 111
01-30 13:13:16.905  8495  8517 D SQLiteStress: #0 setCount: 395
01-30 13:13:16.910  8495  8518 D SQLiteStress: #1 setCount: 254
01-30 13:13:16.913  8495  8520 D SQLiteStress: #3 setCount: 155
01-30 13:13:16.920  8495  8519 D SQLiteStress: #2 setCount: 193
01-30 13:13:16.922  8495  8523 D SQLiteStress: #6 setCount: 97
01-30 13:13:16.924  8495  8517 D SQLiteStress: #0 setCount: 396
01-30 13:13:16.936  8495  8518 D SQLiteStress: #1 setCount: 255
01-30 13:13:16.942  8495  8517 D SQLiteStress: #0 setCount: 397
01-30 13:13:16.942  8495  8521 D SQLiteStress: #4 setCount: 130
01-30 13:13:16.943  8495  8524 D SQLiteStress: #7 setCount: 87
01-30 13:13:16.959  8495  8519 D SQLiteStress: #2 setCount: 194
01-30 13:13:16.962  8495  8517 D SQLiteStress: #0 setCount: 398
01-30 13:13:16.962  8495  8520 D SQLiteStress: #3 setCount: 156
01-30 13:13:16.966  8495  8518 D SQLiteStress: #1 setCount: 256
01-30 13:13:16.971  8495  8525 D SQLiteStress: #8 setCount: 79
01-30 13:13:16.972  8495  8522 D SQLiteStress: #5 setCount: 112
01-30 13:13:16.979  8495  8517 D SQLiteStress: #0 setCount: 399
01-30 13:13:16.983  8495  8526 D SQLiteStress: #9 setCount: 72
01-30 13:13:16.993  8495  8518 D SQLiteStress: #1 setCount: 257
01-30 13:13:16.999  8495  8521 D SQLiteStress: #4 setCount: 131
01-30 13:13:17.001  8495  8519 D SQLiteStress: #2 setCount: 195
01-30 13:13:17.001  8495  8523 D SQLiteStress: #6 setCount: 98
01-30 13:13:17.001  8495  8517 D SQLiteStress: #0 setCount: 400
01-30 13:13:17.009  8495  8520 D SQLiteStress: #3 setCount: 157
01-30 13:13:17.019  8495  8517 D SQLiteStress: #0 setCount: 401
01-30 13:13:17.021  8495  8518 D SQLiteStress: #1 setCount: 258
01-30 13:13:17.030  8495  8524 D SQLiteStress: #7 setCount: 88
01-30 13:13:17.036  8495  8517 D SQLiteStress: #0 setCount: 402
01-30 13:13:17.040  8495  8519 D SQLiteStress: #2 setCount: 196
01-30 13:13:17.041  8495  8522 D SQLiteStress: #5 setCount: 113
01-30 13:13:17.048  8495  8518 D SQLiteStress: #1 setCount: 259
01-30 13:13:17.054  8495  8517 D SQLiteStress: #0 setCount: 403
01-30 13:13:17.057  8495  8520 D SQLiteStress: #3 setCount: 158
01-30 13:13:17.059  8495  8521 D SQLiteStress: #4 setCount: 132
01-30 13:13:17.067  8495  8525 D SQLiteStress: #8 setCount: 80
01-30 13:13:17.070  8495  8517 D SQLiteStress: #0 setCount: 404
01-30 13:13:17.078  8495  8518 D SQLiteStress: #1 setCount: 260
01-30 13:13:17.080  8495  8519 D SQLiteStress: #2 setCount: 197
01-30 13:13:17.081  8495  8523 D SQLiteStress: #6 setCount: 99
01-30 13:13:17.087  8495  8517 D SQLiteStress: #0 setCount: 405
01-30 13:13:17.090  8495  8526 D SQLiteStress: #9 setCount: 73
01-30 13:13:17.107  8495  8520 D SQLiteStress: #3 setCount: 159
01-30 13:13:17.107  8495  8517 D SQLiteStress: #0 setCount: 406
01-30 13:13:17.108  8495  8518 D SQLiteStress: #1 setCount: 261
01-30 13:13:17.111  8495  8522 D SQLiteStress: #5 setCount: 114
01-30 13:13:17.117  8495  8524 D SQLiteStress: #7 setCount: 89
01-30 13:13:17.119  8495  8521 D SQLiteStress: #4 setCount: 133
01-30 13:13:17.119  8495  8519 D SQLiteStress: #2 setCount: 198
01-30 13:13:17.119  8495  8521 D SQLiteStress: #4 setCount: 133

### Data loss detected: error=-1.
Thread: 4
Last  : 133
Expect: 134
Get   : 133
01-30 13:13:17.124  8495  8517 D SQLiteStress: #0 setCount: 407
01-30 13:13:17.134  8495  8518 D SQLiteStress: #1 setCount: 262
01-30 13:13:17.140  8495  8517 D SQLiteStress: #0 setCount: 408
01-30 13:13:17.157  8495  8520 D SQLiteStress: #3 setCount: 160
01-30 13:13:17.159  8495  8519 D SQLiteStress: #2 setCount: 199
01-30 13:13:17.163  8495  8523 D SQLiteStress: #6 setCount: 100
01-30 13:13:17.163  8495  8517 D SQLiteStress: #0 setCount: 409
01-30 13:13:17.166  8495  8518 D SQLiteStress: #1 setCount: 263
01-30 13:13:17.168  8495  8525 D SQLiteStress: #8 setCount: 81
01-30 13:13:17.179  8495  8521 D SQLiteStress: #4 setCount: 134
01-30 13:13:17.181  8495  8522 D SQLiteStress: #5 setCount: 115
01-30 13:13:17.183  8495  8517 D SQLiteStress: #0 setCount: 410
01-30 13:13:17.193  8495  8518 D SQLiteStress: #1 setCount: 264
01-30 13:13:17.197  8495  8526 D SQLiteStress: #9 setCount: 74
01-30 13:13:17.198  8495  8519 D SQLiteStress: #2 setCount: 200
01-30 13:13:17.202  8495  8517 D SQLiteStress: #0 setCount: 411
01-30 13:13:17.206  8495  8524 D SQLiteStress: #7 setCount: 90
01-30 13:13:17.207  8495  8520 D SQLiteStress: #3 setCount: 161
01-30 13:13:17.220  8495  8517 D SQLiteStress: #0 setCount: 412
01-30 13:13:17.221  8495  8518 D SQLiteStress: #1 setCount: 265
01-30 13:13:17.238  8495  8519 D SQLiteStress: #2 setCount: 201
01-30 13:13:17.238  8495  8521 D SQLiteStress: #4 setCount: 135
01-30 13:13:17.238  8495  8517 D SQLiteStress: #0 setCount: 413
01-30 13:13:17.241  8495  8523 D SQLiteStress: #6 setCount: 101
01-30 13:13:17.247  8495  8522 D SQLiteStress: #5 setCount: 116
01-30 13:13:17.248  8495  8518 D SQLiteStress: #1 setCount: 266
01-30 13:13:17.255  8495  8520 D SQLiteStress: #3 setCount: 162
01-30 13:13:17.256  8495  8517 D SQLiteStress: #0 setCount: 414
01-30 13:13:17.263  8495  8525 D SQLiteStress: #8 setCount: 82
01-30 13:13:17.274  8495  8517 D SQLiteStress: #0 setCount: 415
01-30 13:13:17.274  8495  8519 D SQLiteStress: #2 setCount: 202
01-30 13:13:17.274  8495  8517 D SQLiteStress: #0 setCount: 415

### Data loss detected: error=-1.
Thread: 0
Last  : 415
Expect: 416
Get   : 415
01-30 13:13:17.276  8495  8518 D SQLiteStress: #1 setCount: 267
01-30 13:13:17.294  8495  8517 D SQLiteStress: #0 setCount: 416
01-30 13:13:17.297  8495  8521 D SQLiteStress: #4 setCount: 136
01-30 13:13:17.298  8495  8524 D SQLiteStress: #7 setCount: 91
01-30 13:13:17.303  8495  8518 D SQLiteStress: #1 setCount: 268
01-30 13:13:17.305  8495  8520 D SQLiteStress: #3 setCount: 163
01-30 13:13:17.306  8495  8526 D SQLiteStress: #9 setCount: 75
01-30 13:13:17.314  8495  8519 D SQLiteStress: #2 setCount: 203
01-30 13:13:17.314  8495  8517 D SQLiteStress: #0 setCount: 417
01-30 13:13:17.316  8495  8522 D SQLiteStress: #5 setCount: 117
01-30 13:13:17.319  8495  8523 D SQLiteStress: #6 setCount: 102
01-30 13:13:17.330  8495  8518 D SQLiteStress: #1 setCount: 269
01-30 13:13:17.331  8495  8517 D SQLiteStress: #0 setCount: 418
01-30 13:13:17.348  8495  8517 D SQLiteStress: #0 setCount: 419
01-30 13:13:17.357  8495  8519 D SQLiteStress: #2 setCount: 204
01-30 13:13:17.358  8495  8520 D SQLiteStress: #3 setCount: 164
01-30 13:13:17.361  8495  8521 D SQLiteStress: #4 setCount: 137
01-30 13:13:17.364  8495  8518 D SQLiteStress: #1 setCount: 270
01-30 13:13:17.365  8495  8525 D SQLiteStress: #8 setCount: 83
01-30 13:13:17.368  8495  8517 D SQLiteStress: #0 setCount: 420
01-30 13:13:17.387  8495  8522 D SQLiteStress: #5 setCount: 118
01-30 13:13:17.389  8495  8524 D SQLiteStress: #7 setCount: 92
01-30 13:13:17.391  8495  8517 D SQLiteStress: #0 setCount: 421
01-30 13:13:17.396  8495  8518 D SQLiteStress: #1 setCount: 271
01-30 13:13:17.398  8495  8519 D SQLiteStress: #2 setCount: 205
01-30 13:13:17.400  8495  8523 D SQLiteStress: #6 setCount: 103
01-30 13:13:17.408  8495  8520 D SQLiteStress: #3 setCount: 165
01-30 13:13:17.411  8495  8517 D SQLiteStress: #0 setCount: 422
01-30 13:13:17.417  8495  8526 D SQLiteStress: #9 setCount: 76
01-30 13:13:17.419  8495  8521 D SQLiteStress: #4 setCount: 138
01-30 13:13:17.423  8495  8518 D SQLiteStress: #1 setCount: 272
01-30 13:13:17.428  8495  8517 D SQLiteStress: #0 setCount: 423
01-30 13:13:17.435  8495  8519 D SQLiteStress: #2 setCount: 206
01-30 13:13:17.444  8495  8517 D SQLiteStress: #0 setCount: 424
01-30 13:13:17.452  8495  8518 D SQLiteStress: #1 setCount: 273
01-30 13:13:17.457  8495  8522 D SQLiteStress: #5 setCount: 119
01-30 13:13:17.460  8495  8520 D SQLiteStress: #3 setCount: 166
01-30 13:13:17.464  8495  8525 D SQLiteStress: #8 setCount: 84
01-30 13:13:17.465  8495  8517 D SQLiteStress: #0 setCount: 425
01-30 13:13:17.471  8495  8519 D SQLiteStress: #2 setCount: 207
01-30 13:13:17.481  8495  8521 D SQLiteStress: #4 setCount: 139
01-30 13:13:17.481  8495  8524 D SQLiteStress: #7 setCount: 93
01-30 13:13:17.481  8495  8523 D SQLiteStress: #6 setCount: 104
01-30 13:13:17.481  8495  8521 D SQLiteStress: #4 setCount: 139

### Data loss detected: error=-1.
Thread: 4
Last  : 139
Expect: 140
Get   : 139
01-30 13:13:17.484  8495  8518 D SQLiteStress: #1 setCount: 274
01-30 13:13:17.484  8495  8517 D SQLiteStress: #0 setCount: 426
01-30 13:13:17.501  8495  8517 D SQLiteStress: #0 setCount: 427
01-30 13:13:17.510  8495  8520 D SQLiteStress: #3 setCount: 167
01-30 13:13:17.511  8495  8519 D SQLiteStress: #2 setCount: 208
01-30 13:13:17.515  8495  8518 D SQLiteStress: #1 setCount: 275
01-30 13:13:17.520  8495  8517 D SQLiteStress: #0 setCount: 428
01-30 13:13:17.525  8495  8522 D SQLiteStress: #5 setCount: 120
01-30 13:13:17.525  8495  8526 D SQLiteStress: #9 setCount: 77
01-30 13:13:17.540  8495  8517 D SQLiteStress: #0 setCount: 429
01-30 13:13:17.542  8495  8521 D SQLiteStress: #4 setCount: 140
01-30 13:13:17.546  8495  8518 D SQLiteStress: #1 setCount: 276
01-30 13:13:17.559  8495  8519 D SQLiteStress: #2 setCount: 209
01-30 13:13:17.565  8495  8520 D SQLiteStress: #3 setCount: 168
01-30 13:13:17.566  8495  8525 D SQLiteStress: #8 setCount: 85
01-30 13:13:17.566  8495  8517 D SQLiteStress: #0 setCount: 430
01-30 13:13:17.568  8495  8523 D SQLiteStress: #6 setCount: 105
01-30 13:13:17.572  8495  8524 D SQLiteStress: #7 setCount: 94
01-30 13:13:17.574  8495  8518 D SQLiteStress: #1 setCount: 277
01-30 13:13:17.582  8495  8517 D SQLiteStress: #0 setCount: 431
01-30 13:13:17.591  8495  8522 D SQLiteStress: #5 setCount: 121
01-30 13:13:17.595  8495  8519 D SQLiteStress: #2 setCount: 210
01-30 13:13:17.605  8495  8521 D SQLiteStress: #4 setCount: 141
01-30 13:13:17.607  8495  8518 D SQLiteStress: #1 setCount: 278
01-30 13:13:17.607  8495  8517 D SQLiteStress: #0 setCount: 432
01-30 13:13:17.607  8495  8518 D SQLiteStress: #1 setCount: 278

### Data loss detected: error=-1.
Thread: 1
Last  : 278
Expect: 279
Get   : 278
01-30 13:13:17.611  8495  8520 D SQLiteStress: #3 setCount: 169
01-30 13:13:17.623  8495  8517 D SQLiteStress: #0 setCount: 433
01-30 13:13:17.634  8495  8519 D SQLiteStress: #2 setCount: 211
01-30 13:13:17.636  8495  8526 D SQLiteStress: #9 setCount: 78
01-30 13:13:17.637  8495  8518 D SQLiteStress: #1 setCount: 279
01-30 13:13:17.641  8495  8517 D SQLiteStress: #0 setCount: 434
01-30 13:13:17.645  8495  8523 D SQLiteStress: #6 setCount: 106
01-30 13:13:17.662  8495  8524 D SQLiteStress: #7 setCount: 95
01-30 13:13:17.662  8495  8522 D SQLiteStress: #5 setCount: 122
01-30 13:13:17.662  8495  8520 D SQLiteStress: #3 setCount: 170
01-30 13:13:17.664  8495  8517 D SQLiteStress: #0 setCount: 435
01-30 13:13:17.667  8495  8525 D SQLiteStress: #8 setCount: 86
01-30 13:13:17.667  8495  8521 D SQLiteStress: #4 setCount: 142
01-30 13:13:17.670  8495  8518 D SQLiteStress: #1 setCount: 280
01-30 13:13:17.672  8495  8519 D SQLiteStress: #2 setCount: 212
01-30 13:13:17.680  8495  8517 D SQLiteStress: #0 setCount: 436
01-30 13:13:17.696  8495  8518 D SQLiteStress: #1 setCount: 281
01-30 13:13:17.697  8495  8517 D SQLiteStress: #0 setCount: 437
01-30 13:13:17.708  8495  8520 D SQLiteStress: #3 setCount: 171
01-30 13:13:17.708  8495  8519 D SQLiteStress: #2 setCount: 213
01-30 13:13:17.715  8495  8517 D SQLiteStress: #0 setCount: 438
01-30 13:13:17.725  8495  8523 D SQLiteStress: #6 setCount: 107
01-30 13:13:17.728  8495  8521 D SQLiteStress: #4 setCount: 143
01-30 13:13:17.729  8495  8518 D SQLiteStress: #1 setCount: 282
01-30 13:13:17.732  8495  8522 D SQLiteStress: #5 setCount: 123
01-30 13:13:17.734  8495  8517 D SQLiteStress: #0 setCount: 439
01-30 13:13:17.742  8495  8526 D SQLiteStress: #9 setCount: 79
01-30 13:13:17.745  8495  8519 D SQLiteStress: #2 setCount: 214
01-30 13:13:17.753  8495  8524 D SQLiteStress: #7 setCount: 96
01-30 13:13:17.753  8495  8517 D SQLiteStress: #0 setCount: 440
01-30 13:13:17.757  8495  8520 D SQLiteStress: #3 setCount: 172
01-30 13:13:17.758  8495  8518 D SQLiteStress: #1 setCount: 283
01-30 13:13:17.763  8495  8525 D SQLiteStress: #8 setCount: 87
01-30 13:13:17.769  8495  8517 D SQLiteStress: #0 setCount: 441
01-30 13:13:17.784  8495  8519 D SQLiteStress: #2 setCount: 215
01-30 13:13:17.788  8495  8518 D SQLiteStress: #1 setCount: 284
01-30 13:13:17.789  8495  8517 D SQLiteStress: #0 setCount: 442
01-30 13:13:17.789  8495  8521 D SQLiteStress: #4 setCount: 144
01-30 13:13:17.802  8495  8522 D SQLiteStress: #5 setCount: 124
01-30 13:13:17.804  8495  8523 D SQLiteStress: #6 setCount: 108
01-30 13:13:17.808  8495  8520 D SQLiteStress: #3 setCount: 173
01-30 13:13:17.809  8495  8517 D SQLiteStress: #0 setCount: 443
01-30 13:13:17.814  8495  8518 D SQLiteStress: #1 setCount: 285
01-30 13:13:17.820  8495  8519 D SQLiteStress: #2 setCount: 216
01-30 13:13:17.825  8495  8517 D SQLiteStress: #0 setCount: 444
01-30 13:13:17.841  8495  8518 D SQLiteStress: #1 setCount: 286
01-30 13:13:17.841  8495  8524 D SQLiteStress: #7 setCount: 97
01-30 13:13:17.841  8495  8518 D SQLiteStress: #1 setCount: 286

### Data loss detected: error=-1.
Thread: 1
Last  : 286
Expect: 287
Get   : 286
01-30 13:13:17.843  8495  8517 D SQLiteStress: #0 setCount: 445
01-30 13:13:17.848  8495  8521 D SQLiteStress: #4 setCount: 145
01-30 13:13:17.852  8495  8526 D SQLiteStress: #9 setCount: 80
01-30 13:13:17.859  8495  8520 D SQLiteStress: #3 setCount: 174
01-30 13:13:17.861  8495  8519 D SQLiteStress: #2 setCount: 217
01-30 13:13:17.864  8495  8525 D SQLiteStress: #8 setCount: 88
01-30 13:13:17.867  8495  8517 D SQLiteStress: #0 setCount: 446
01-30 13:13:17.870  8495  8518 D SQLiteStress: #1 setCount: 287
01-30 13:13:17.872  8495  8522 D SQLiteStress: #5 setCount: 125
01-30 13:13:17.880  8495  8523 D SQLiteStress: #6 setCount: 109
01-30 13:13:17.883  8495  8517 D SQLiteStress: #0 setCount: 447
01-30 13:13:17.898  8495  8518 D SQLiteStress: #1 setCount: 288
01-30 13:13:17.901  8495  8519 D SQLiteStress: #2 setCount: 218
01-30 13:13:17.904  8495  8517 D SQLiteStress: #0 setCount: 448
01-30 13:13:17.907  8495  8521 D SQLiteStress: #4 setCount: 146
01-30 13:13:17.908  8495  8520 D SQLiteStress: #3 setCount: 175
01-30 13:13:17.921  8495  8517 D SQLiteStress: #0 setCount: 449
01-30 13:13:17.929  8495  8518 D SQLiteStress: #1 setCount: 289
01-30 13:13:17.930  8495  8524 D SQLiteStress: #7 setCount: 98
01-30 13:13:17.941  8495  8517 D SQLiteStress: #0 setCount: 450
01-30 13:13:17.944  8495  8519 D SQLiteStress: #2 setCount: 219
01-30 13:13:17.944  8495  8522 D SQLiteStress: #5 setCount: 126
01-30 13:13:17.960  8495  8520 D SQLiteStress: #3 setCount: 176
01-30 13:13:17.962  8495  8523 D SQLiteStress: #6 setCount: 110
01-30 13:13:17.963  8495  8517 D SQLiteStress: #0 setCount: 451
01-30 13:13:17.964  8495  8518 D SQLiteStress: #1 setCount: 290
01-30 13:13:17.966  8495  8526 D SQLiteStress: #9 setCount: 81
01-30 13:13:17.966  8495  8525 D SQLiteStress: #8 setCount: 89
01-30 13:13:17.968  8495  8521 D SQLiteStress: #4 setCount: 147
01-30 13:13:17.980  8495  8519 D SQLiteStress: #2 setCount: 220
01-30 13:13:17.981  8495  8517 D SQLiteStress: #0 setCount: 452
01-30 13:13:17.991  8495  8518 D SQLiteStress: #1 setCount: 291
01-30 13:13:17.997  8495  8517 D SQLiteStress: #0 setCount: 453
01-30 13:13:18.008  8495  8520 D SQLiteStress: #3 setCount: 177
01-30 13:13:18.012  8495  8522 D SQLiteStress: #5 setCount: 127
01-30 13:13:18.021  8495  8519 D SQLiteStress: #2 setCount: 221
01-30 13:13:18.021  8495  8517 D SQLiteStress: #0 setCount: 454
01-30 13:13:18.022  8495  8524 D SQLiteStress: #7 setCount: 99
01-30 13:13:18.024  8495  8518 D SQLiteStress: #1 setCount: 292
01-30 13:13:18.027  8495  8521 D SQLiteStress: #4 setCount: 148
01-30 13:13:18.039  8495  8517 D SQLiteStress: #0 setCount: 455
01-30 13:13:18.041  8495  8523 D SQLiteStress: #6 setCount: 111
01-30 13:13:18.051  8495  8518 D SQLiteStress: #1 setCount: 293
01-30 13:13:18.058  8495  8517 D SQLiteStress: #0 setCount: 456
01-30 13:13:18.060  8495  8520 D SQLiteStress: #3 setCount: 178
01-30 13:13:18.061  8495  8519 D SQLiteStress: #2 setCount: 222
01-30 13:13:18.065  8495  8525 D SQLiteStress: #8 setCount: 90
01-30 13:13:18.077  8495  8526 D SQLiteStress: #9 setCount: 82
01-30 13:13:18.078  8495  8517 D SQLiteStress: #0 setCount: 457
01-30 13:13:18.082  8495  8518 D SQLiteStress: #1 setCount: 294
01-30 13:13:18.085  8495  8522 D SQLiteStress: #5 setCount: 128
01-30 13:13:18.087  8495  8521 D SQLiteStress: #4 setCount: 149
01-30 13:13:18.094  8495  8517 D SQLiteStress: #0 setCount: 458
01-30 13:13:18.098  8495  8519 D SQLiteStress: #2 setCount: 223
01-30 13:13:18.110  8495  8520 D SQLiteStress: #3 setCount: 179
01-30 13:13:18.112  8495  8518 D SQLiteStress: #1 setCount: 295
01-30 13:13:18.112  8495  8524 D SQLiteStress: #7 setCount: 100
01-30 13:13:18.114  8495  8517 D SQLiteStress: #0 setCount: 459
01-30 13:13:18.117  8495  8523 D SQLiteStress: #6 setCount: 112
01-30 13:13:18.130  8495  8517 D SQLiteStress: #0 setCount: 460
01-30 13:13:18.135  8495  8519 D SQLiteStress: #2 setCount: 224
01-30 13:13:18.138  8495  8518 D SQLiteStress: #1 setCount: 296
01-30 13:13:18.143  8495  8521 D SQLiteStress: #4 setCount: 150
01-30 13:13:18.148  8495  8517 D SQLiteStress: #0 setCount: 461
01-30 13:13:18.152  8495  8522 D SQLiteStress: #5 setCount: 129
01-30 13:13:18.157  8495  8520 D SQLiteStress: #3 setCount: 180
01-30 13:13:18.162  8495  8525 D SQLiteStress: #8 setCount: 91
01-30 13:13:18.165  8495  8517 D SQLiteStress: #0 setCount: 462
01-30 13:13:18.165  8495  8518 D SQLiteStress: #1 setCount: 297
01-30 13:13:18.171  8495  8519 D SQLiteStress: #2 setCount: 225
01-30 13:13:18.182  8495  8517 D SQLiteStress: #0 setCount: 463
01-30 13:13:18.184  8495  8526 D SQLiteStress: #9 setCount: 83
01-30 13:13:18.193  8495  8518 D SQLiteStress: #1 setCount: 298
01-30 13:13:18.196  8495  8523 D SQLiteStress: #6 setCount: 113
01-30 13:13:18.202  8495  8524 D SQLiteStress: #7 setCount: 101
01-30 13:13:18.202  8495  8517 D SQLiteStress: #0 setCount: 464
01-30 13:13:18.205  8495  8521 D SQLiteStress: #4 setCount: 151
01-30 13:13:18.208  8495  8520 D SQLiteStress: #3 setCount: 181
01-30 13:13:18.210  8495  8519 D SQLiteStress: #2 setCount: 226
01-30 13:13:18.220  8495  8522 D SQLiteStress: #5 setCount: 130
01-30 13:13:18.222  8495  8517 D SQLiteStress: #0 setCount: 465
01-30 13:13:18.222  8495  8518 D SQLiteStress: #1 setCount: 299
01-30 13:13:18.238  8495  8517 D SQLiteStress: #0 setCount: 466
01-30 13:13:18.249  8495  8519 D SQLiteStress: #2 setCount: 227
01-30 13:13:18.251  8495  8518 D SQLiteStress: #1 setCount: 300
01-30 13:13:18.256  8495  8517 D SQLiteStress: #0 setCount: 467
01-30 13:13:18.258  8495  8520 D SQLiteStress: #3 setCount: 182
01-30 13:13:18.262  8495  8525 D SQLiteStress: #8 setCount: 92
01-30 13:13:18.264  8495  8521 D SQLiteStress: #4 setCount: 152
01-30 13:13:18.272  8495  8523 D SQLiteStress: #6 setCount: 114
01-30 13:13:18.274  8495  8517 D SQLiteStress: #0 setCount: 468
01-30 13:13:18.278  8495  8518 D SQLiteStress: #1 setCount: 301
01-30 13:13:18.289  8495  8519 D SQLiteStress: #2 setCount: 228
01-30 13:13:18.291  8495  8522 D SQLiteStress: #5 setCount: 131
01-30 13:13:18.294  8495  8524 D SQLiteStress: #7 setCount: 102
01-30 13:13:18.296  8495  8526 D SQLiteStress: #9 setCount: 84
01-30 13:13:18.300  8495  8517 D SQLiteStress: #0 setCount: 469
01-30 13:13:18.307  8495  8520 D SQLiteStress: #3 setCount: 183
01-30 13:13:18.308  8495  8518 D SQLiteStress: #1 setCount: 302
01-30 13:13:18.318  8495  8517 D SQLiteStress: #0 setCount: 470
01-30 13:13:18.325  8495  8521 D SQLiteStress: #4 setCount: 153
01-30 13:13:18.330  8495  8519 D SQLiteStress: #2 setCount: 229
01-30 13:13:18.339  8495  8518 D SQLiteStress: #1 setCount: 303
01-30 13:13:18.341  8495  8517 D SQLiteStress: #0 setCount: 471
01-30 13:13:18.352  8495  8523 D SQLiteStress: #6 setCount: 115
01-30 13:13:18.359  8495  8520 D SQLiteStress: #3 setCount: 184
01-30 13:13:18.366  8495  8522 D SQLiteStress: #5 setCount: 132
01-30 13:13:18.367  8495  8517 D SQLiteStress: #0 setCount: 472
01-30 13:13:18.367  8495  8525 D SQLiteStress: #8 setCount: 93
01-30 13:13:18.372  8495  8519 D SQLiteStress: #2 setCount: 230
01-30 13:13:18.373  8495  8518 D SQLiteStress: #1 setCount: 304
01-30 13:13:18.383  8495  8524 D SQLiteStress: #7 setCount: 103
01-30 13:13:18.385  8495  8521 D SQLiteStress: #4 setCount: 154
01-30 13:13:18.388  8495  8517 D SQLiteStress: #0 setCount: 473
01-30 13:13:18.399  8495  8518 D SQLiteStress: #1 setCount: 305
01-30 13:13:18.417  8495  8526 D SQLiteStress: #9 setCount: 85
01-30 13:13:18.417  8495  8517 D SQLiteStress: #0 setCount: 474
01-30 13:13:18.419  8495  8520 D SQLiteStress: #3 setCount: 185
01-30 13:13:18.421  8495  8519 D SQLiteStress: #2 setCount: 231
01-30 13:13:18.427  8495  8518 D SQLiteStress: #1 setCount: 306
01-30 13:13:18.432  8495  8523 D SQLiteStress: #6 setCount: 116
01-30 13:13:18.435  8495  8522 D SQLiteStress: #5 setCount: 133
01-30 13:13:18.437  8495  8517 D SQLiteStress: #0 setCount: 475
01-30 13:13:18.441  8495  8521 D SQLiteStress: #4 setCount: 155
01-30 13:13:18.454  8495  8518 D SQLiteStress: #1 setCount: 307
01-30 13:13:18.456  8495  8517 D SQLiteStress: #0 setCount: 476
01-30 13:13:18.460  8495  8519 D SQLiteStress: #2 setCount: 232
01-30 13:13:18.466  8495  8525 D SQLiteStress: #8 setCount: 94
01-30 13:13:18.468  8495  8520 D SQLiteStress: #3 setCount: 186
01-30 13:13:18.472  8495  8524 D SQLiteStress: #7 setCount: 104
01-30 13:13:18.474  8495  8517 D SQLiteStress: #0 setCount: 477
01-30 13:13:18.480  8495  8518 D SQLiteStress: #1 setCount: 308
01-30 13:13:18.490  8495  8517 D SQLiteStress: #0 setCount: 478
01-30 13:13:18.498  8495  8519 D SQLiteStress: #2 setCount: 233
01-30 13:13:18.500  8495  8521 D SQLiteStress: #4 setCount: 156
01-30 13:13:18.504  8495  8522 D SQLiteStress: #5 setCount: 134
01-30 13:13:18.508  8495  8518 D SQLiteStress: #1 setCount: 309
01-30 13:13:18.508  8495  8517 D SQLiteStress: #0 setCount: 479
01-30 13:13:18.511  8495  8523 D SQLiteStress: #6 setCount: 117
01-30 13:13:18.514  8495  8520 D SQLiteStress: #3 setCount: 187
01-30 13:13:18.525  8495  8526 D SQLiteStress: #9 setCount: 86
01-30 13:13:18.526  8495  8517 D SQLiteStress: #0 setCount: 480
01-30 13:13:18.536  8495  8519 D SQLiteStress: #2 setCount: 234
01-30 13:13:18.537  8495  8518 D SQLiteStress: #1 setCount: 310
01-30 13:13:18.542  8495  8517 D SQLiteStress: #0 setCount: 481
01-30 13:13:18.561  8495  8521 D SQLiteStress: #4 setCount: 157
01-30 13:13:18.563  8495  8517 D SQLiteStress: #0 setCount: 482
01-30 13:13:18.565  8495  8525 D SQLiteStress: #8 setCount: 95
01-30 13:13:18.565  8495  8524 D SQLiteStress: #7 setCount: 105
01-30 13:13:18.565  8495  8525 D SQLiteStress: #8 setCount: 95

### Data loss detected: error=-1.
Thread: 8
Last  : 95
Expect: 96
Get   : 95
01-30 13:13:18.568  8495  8520 D SQLiteStress: #3 setCount: 188
01-30 13:13:18.569  8495  8518 D SQLiteStress: #1 setCount: 311
01-30 13:13:18.573  8495  8522 D SQLiteStress: #5 setCount: 135
01-30 13:13:18.575  8495  8519 D SQLiteStress: #2 setCount: 235
01-30 13:13:18.580  8495  8517 D SQLiteStress: #0 setCount: 483
01-30 13:13:18.593  8495  8523 D SQLiteStress: #6 setCount: 118
01-30 13:13:18.598  8495  8518 D SQLiteStress: #1 setCount: 312
01-30 13:13:18.598  8495  8517 D SQLiteStress: #0 setCount: 484
01-30 13:13:18.613  8495  8519 D SQLiteStress: #2 setCount: 236
01-30 13:13:18.618  8495  8520 D SQLiteStress: #3 setCount: 189
01-30 13:13:18.620  8495  8517 D SQLiteStress: #0 setCount: 485
01-30 13:13:18.622  8495  8521 D SQLiteStress: #4 setCount: 158
01-30 13:13:18.625  8495  8518 D SQLiteStress: #1 setCount: 313
01-30 13:13:18.631  8495  8526 D SQLiteStress: #9 setCount: 87
01-30 13:13:18.637  8495  8517 D SQLiteStress: #0 setCount: 486
01-30 13:13:18.640  8495  8522 D SQLiteStress: #5 setCount: 136
01-30 13:13:18.653  8495  8519 D SQLiteStress: #2 setCount: 237
01-30 13:13:18.655  8495  8524 D SQLiteStress: #7 setCount: 106
01-30 13:13:18.655  8495  8518 D SQLiteStress: #1 setCount: 314
01-30 13:13:18.655  8495  8524 D SQLiteStress: #7 setCount: 106

### Data loss detected: error=-1.
Thread: 7
Last  : 106
Expect: 107
Get   : 106
01-30 13:13:18.657  8495  8517 D SQLiteStress: #0 setCount: 487
01-30 13:13:18.662  8495  8525 D SQLiteStress: #8 setCount: 96
01-30 13:13:18.665  8495  8520 D SQLiteStress: #3 setCount: 190
01-30 13:13:18.670  8495  8523 D SQLiteStress: #6 setCount: 119
01-30 13:13:18.674  8495  8517 D SQLiteStress: #0 setCount: 488
01-30 13:13:18.678  8495  8521 D SQLiteStress: #4 setCount: 159
01-30 13:13:18.682  8495  8518 D SQLiteStress: #1 setCount: 315
01-30 13:13:18.691  8495  8519 D SQLiteStress: #2 setCount: 238
01-30 13:13:18.692  8495  8517 D SQLiteStress: #0 setCount: 489
01-30 13:13:18.710  8495  8522 D SQLiteStress: #5 setCount: 137
01-30 13:13:18.713  8495  8517 D SQLiteStress: #0 setCount: 490
01-30 13:13:18.713  8495  8518 D SQLiteStress: #1 setCount: 316
01-30 13:13:18.716  8495  8520 D SQLiteStress: #3 setCount: 191
01-30 13:13:18.731  8495  8519 D SQLiteStress: #2 setCount: 239
01-30 13:13:18.735  8495  8517 D SQLiteStress: #0 setCount: 491
01-30 13:13:18.739  8495  8521 D SQLiteStress: #4 setCount: 160
01-30 13:13:18.742  8495  8526 D SQLiteStress: #9 setCount: 88
01-30 13:13:18.747  8495  8518 D SQLiteStress: #1 setCount: 317
01-30 13:13:18.747  8495  8524 D SQLiteStress: #7 setCount: 107
01-30 13:13:18.750  8495  8523 D SQLiteStress: #6 setCount: 120
01-30 13:13:18.753  8495  8517 D SQLiteStress: #0 setCount: 492
01-30 13:13:18.758  8495  8525 D SQLiteStress: #8 setCount: 97
01-30 13:13:18.761  8495  8520 D SQLiteStress: #3 setCount: 192
01-30 13:13:18.770  8495  8519 D SQLiteStress: #2 setCount: 240
01-30 13:13:18.771  8495  8517 D SQLiteStress: #0 setCount: 493
01-30 13:13:18.774  8495  8518 D SQLiteStress: #1 setCount: 318
01-30 13:13:18.777  8495  8522 D SQLiteStress: #5 setCount: 138
01-30 13:13:18.787  8495  8517 D SQLiteStress: #0 setCount: 494
01-30 13:13:18.795  8495  8521 D SQLiteStress: #4 setCount: 161
01-30 13:13:18.805  8495  8518 D SQLiteStress: #1 setCount: 319
01-30 13:13:18.807  8495  8517 D SQLiteStress: #0 setCount: 495
01-30 13:13:18.810  8495  8519 D SQLiteStress: #2 setCount: 241
01-30 13:13:18.812  8495  8520 D SQLiteStress: #3 setCount: 193
01-30 13:13:18.829  8495  8517 D SQLiteStress: #0 setCount: 496
01-30 13:13:18.832  8495  8523 D SQLiteStress: #6 setCount: 121
01-30 13:13:18.835  8495  8518 D SQLiteStress: #1 setCount: 320
01-30 13:13:18.835  8495  8524 D SQLiteStress: #7 setCount: 108
01-30 13:13:18.848  8495  8522 D SQLiteStress: #5 setCount: 139
01-30 13:13:18.852  8495  8517 D SQLiteStress: #0 setCount: 497
01-30 13:13:18.854  8495  8526 D SQLiteStress: #9 setCount: 89
01-30 13:13:18.854  8495  8519 D SQLiteStress: #2 setCount: 242
01-30 13:13:18.854  8495  8526 D SQLiteStress: #9 setCount: 89

### Data loss detected: error=-1.
Thread: 9
Last  : 89
Expect: 90
Get   : 89
01-30 13:13:18.858  8495  8521 D SQLiteStress: #4 setCount: 162
01-30 13:13:18.862  8495  8525 D SQLiteStress: #8 setCount: 98
01-30 13:13:18.863  8495  8520 D SQLiteStress: #3 setCount: 194
01-30 13:13:18.866  8495  8518 D SQLiteStress: #1 setCount: 321
01-30 13:13:18.870  8495  8517 D SQLiteStress: #0 setCount: 498
01-30 13:13:18.887  8495  8517 D SQLiteStress: #0 setCount: 499
01-30 13:13:18.893  8495  8519 D SQLiteStress: #2 setCount: 243
01-30 13:13:18.895  8495  8518 D SQLiteStress: #1 setCount: 322
01-30 13:13:18.905  8495  8517 D SQLiteStress: #0 setCount: 500
01-30 13:13:18.911  8495  8520 D SQLiteStress: #3 setCount: 195
01-30 13:13:18.913  8495  8523 D SQLiteStress: #6 setCount: 122
01-30 13:13:18.916  8495  8521 D SQLiteStress: #4 setCount: 163
01-30 13:13:18.919  8495  8522 D SQLiteStress: #5 setCount: 140
01-30 13:13:18.924  8495  8518 D SQLiteStress: #1 setCount: 323
01-30 13:13:18.927  8495  8524 D SQLiteStress: #7 setCount: 109
01-30 13:13:18.930  8495  8519 D SQLiteStress: #2 setCount: 244
01-30 13:13:18.940  8495  8517 D SQLiteStress: #0 setCount: 502

### Missing logcat detected: error=1.
Thread: 0
Last  : 500
Expect: 501
Get   : 502
01-30 13:13:18.950  8495  8518 D SQLiteStress: #1 setCount: 324
01-30 13:13:18.960  8495  8517 D SQLiteStress: #0 setCount: 503
01-30 13:13:18.963  8495  8526 D SQLiteStress: #9 setCount: 90
01-30 13:13:18.963  8495  8525 D SQLiteStress: #8 setCount: 99
01-30 13:13:18.965  8495  8520 D SQLiteStress: #3 setCount: 196
01-30 13:13:18.971  8495  8519 D SQLiteStress: #2 setCount: 245
01-30 13:13:18.979  8495  8521 D SQLiteStress: #4 setCount: 164
01-30 13:13:18.982  8495  8517 D SQLiteStress: #0 setCount: 504
01-30 13:13:18.984  8495  8518 D SQLiteStress: #1 setCount: 325
01-30 13:13:18.989  8495  8522 D SQLiteStress: #5 setCount: 141
01-30 13:13:18.991  8495  8523 D SQLiteStress: #6 setCount: 123
01-30 13:13:18.998  8495  8517 D SQLiteStress: #0 setCount: 505
01-30 13:13:19.009  8495  8519 D SQLiteStress: #2 setCount: 246
01-30 13:13:19.015  8495  8518 D SQLiteStress: #1 setCount: 326
01-30 13:13:19.017  8495  8517 D SQLiteStress: #0 setCount: 506
01-30 13:13:19.019  8495  8520 D SQLiteStress: #3 setCount: 197
01-30 13:13:19.019  8495  8524 D SQLiteStress: #7 setCount: 110
01-30 13:13:19.036  8495  8517 D SQLiteStress: #0 setCount: 507
01-30 13:13:19.038  8495  8521 D SQLiteStress: #4 setCount: 165
01-30 13:13:19.041  8495  8518 D SQLiteStress: #1 setCount: 327
01-30 13:13:19.046  8495  8519 D SQLiteStress: #2 setCount: 247
01-30 13:13:19.056  8495  8517 D SQLiteStress: #0 setCount: 508
01-30 13:13:19.058  8495  8522 D SQLiteStress: #5 setCount: 142
01-30 13:13:19.062  8495  8525 D SQLiteStress: #8 setCount: 100
01-30 13:13:19.071  8495  8523 D SQLiteStress: #6 setCount: 124
01-30 13:13:19.072  8495  8520 D SQLiteStress: #3 setCount: 198
01-30 13:13:19.072  8495  8518 D SQLiteStress: #1 setCount: 328
01-30 13:13:19.073  8495  8526 D SQLiteStress: #9 setCount: 91
01-30 13:13:19.077  8495  8517 D SQLiteStress: #0 setCount: 509
01-30 13:13:19.082  8495  8519 D SQLiteStress: #2 setCount: 248
01-30 13:13:19.096  8495  8517 D SQLiteStress: #0 setCount: 510
01-30 13:13:19.098  8495  8521 D SQLiteStress: #4 setCount: 166
01-30 13:13:19.101  8495  8518 D SQLiteStress: #1 setCount: 329
01-30 13:13:19.106  8495  8524 D SQLiteStress: #7 setCount: 111
01-30 13:13:19.112  8495  8517 D SQLiteStress: #0 setCount: 511
01-30 13:13:19.119  8495  8520 D SQLiteStress: #3 setCount: 199
01-30 13:13:19.120  8495  8519 D SQLiteStress: #2 setCount: 249
01-30 13:13:19.125  8495  8522 D SQLiteStress: #5 setCount: 143
01-30 13:13:19.130  8495  8518 D SQLiteStress: #1 setCount: 330
01-30 13:13:19.132  8495  8517 D SQLiteStress: #0 setCount: 512
01-30 13:13:19.149  8495  8523 D SQLiteStress: #6 setCount: 125
01-30 13:13:19.151  8495  8517 D SQLiteStress: #0 setCount: 513
01-30 13:13:19.160  8495  8521 D SQLiteStress: #4 setCount: 167
01-30 13:13:19.161  8495  8519 D SQLiteStress: #2 setCount: 250
01-30 13:13:19.161  8495  8518 D SQLiteStress: #1 setCount: 331
01-30 13:13:19.166  8495  8525 D SQLiteStress: #8 setCount: 101
01-30 13:13:19.169  8495  8517 D SQLiteStress: #0 setCount: 514
01-30 13:13:19.170  8495  8520 D SQLiteStress: #3 setCount: 200
01-30 13:13:19.180  8495  8526 D SQLiteStress: #9 setCount: 92
01-30 13:13:19.186  8495  8517 D SQLiteStress: #0 setCount: 515
01-30 13:13:19.190  8495  8518 D SQLiteStress: #1 setCount: 332
01-30 13:13:19.194  8495  8524 D SQLiteStress: #7 setCount: 112
01-30 13:13:19.195  8495  8522 D SQLiteStress: #5 setCount: 144
01-30 13:13:19.198  8495  8519 D SQLiteStress: #2 setCount: 251
01-30 13:13:19.212  8495  8517 D SQLiteStress: #0 setCount: 516
01-30 13:13:19.218  8495  8518 D SQLiteStress: #1 setCount: 333
01-30 13:13:19.219  8495  8521 D SQLiteStress: #4 setCount: 168
01-30 13:13:19.222  8495  8520 D SQLiteStress: #3 setCount: 201
01-30 13:13:19.227  8495  8523 D SQLiteStress: #6 setCount: 126
01-30 13:13:19.230  8495  8517 D SQLiteStress: #0 setCount: 517
01-30 13:13:19.235  8495  8519 D SQLiteStress: #2 setCount: 252
01-30 13:13:19.246  8495  8518 D SQLiteStress: #1 setCount: 334
01-30 13:13:19.247  8495  8517 D SQLiteStress: #0 setCount: 518
01-30 13:13:19.264  8495  8525 D SQLiteStress: #8 setCount: 102
01-30 13:13:19.266  8495  8522 D SQLiteStress: #5 setCount: 145
01-30 13:13:19.268  8495  8517 D SQLiteStress: #0 setCount: 519
01-30 13:13:19.273  8495  8520 D SQLiteStress: #3 setCount: 202
01-30 13:13:19.277  8495  8519 D SQLiteStress: #2 setCount: 253
01-30 13:13:19.277  8495  8518 D SQLiteStress: #1 setCount: 335
01-30 13:13:19.279  8495  8521 D SQLiteStress: #4 setCount: 169
01-30 13:13:19.285  8495  8524 D SQLiteStress: #7 setCount: 113
01-30 13:13:19.289  8495  8517 D SQLiteStress: #0 setCount: 520
01-30 13:13:19.291  8495  8526 D SQLiteStress: #9 setCount: 93
01-30 13:13:19.307  8495  8523 D SQLiteStress: #6 setCount: 127
01-30 13:13:19.307  8495  8518 D SQLiteStress: #1 setCount: 336
01-30 13:13:19.309  8495  8517 D SQLiteStress: #0 setCount: 521
01-30 13:13:19.314  8495  8519 D SQLiteStress: #2 setCount: 254
01-30 13:13:19.320  8495  8520 D SQLiteStress: #3 setCount: 203
01-30 13:13:19.326  8495  8517 D SQLiteStress: #0 setCount: 522
01-30 13:13:19.335  8495  8522 D SQLiteStress: #5 setCount: 146
01-30 13:13:19.335  8495  8521 D SQLiteStress: #4 setCount: 170
01-30 13:13:19.335  8495  8522 D SQLiteStress: #5 setCount: 146

### Data loss detected: error=-1.
Thread: 5
Last  : 146
Expect: 147
Get   : 146
01-30 13:13:19.337  8495  8518 D SQLiteStress: #1 setCount: 337
01-30 13:13:19.343  8495  8517 D SQLiteStress: #0 setCount: 523
01-30 13:13:19.350  8495  8519 D SQLiteStress: #2 setCount: 255
01-30 13:13:19.365  8495  8525 D SQLiteStress: #8 setCount: 103
01-30 13:13:19.365  8495  8517 D SQLiteStress: #0 setCount: 524
01-30 13:13:19.367  8495  8518 D SQLiteStress: #1 setCount: 338
01-30 13:13:19.371  8495  8520 D SQLiteStress: #3 setCount: 204
01-30 13:13:19.373  8495  8524 D SQLiteStress: #7 setCount: 114
01-30 13:13:19.386  8495  8523 D SQLiteStress: #6 setCount: 128
01-30 13:13:19.386  8495  8517 D SQLiteStress: #0 setCount: 525
01-30 13:13:19.388  8495  8519 D SQLiteStress: #2 setCount: 256
01-30 13:13:19.394  8495  8521 D SQLiteStress: #4 setCount: 171
01-30 13:13:19.396  8495  8518 D SQLiteStress: #1 setCount: 339
01-30 13:13:19.399  8495  8526 D SQLiteStress: #9 setCount: 94
01-30 13:13:19.403  8495  8522 D SQLiteStress: #5 setCount: 147
01-30 13:13:19.404  8495  8517 D SQLiteStress: #0 setCount: 526
01-30 13:13:19.417  8495  8520 D SQLiteStress: #3 setCount: 205
01-30 13:13:19.423  8495  8517 D SQLiteStress: #0 setCount: 527
01-30 13:13:19.425  8495  8518 D SQLiteStress: #1 setCount: 340
01-30 13:13:19.427  8495  8519 D SQLiteStress: #2 setCount: 257
01-30 13:13:19.440  8495  8517 D SQLiteStress: #0 setCount: 528
01-30 13:13:19.451  8495  8518 D SQLiteStress: #1 setCount: 341
01-30 13:13:19.453  8495  8521 D SQLiteStress: #4 setCount: 172
01-30 13:13:19.456  8495  8517 D SQLiteStress: #0 setCount: 529
01-30 13:13:19.465  8495  8524 D SQLiteStress: #7 setCount: 115
01-30 13:13:19.465  8495  8519 D SQLiteStress: #2 setCount: 258
01-30 13:13:19.465  8495  8525 D SQLiteStress: #8 setCount: 104
01-30 13:13:19.466  8495  8523 D SQLiteStress: #6 setCount: 129
01-30 13:13:19.468  8495  8520 D SQLiteStress: #3 setCount: 206
01-30 13:13:19.473  8495  8522 D SQLiteStress: #5 setCount: 148
01-30 13:13:19.475  8495  8517 D SQLiteStress: #0 setCount: 530
01-30 13:13:19.478  8495  8518 D SQLiteStress: #1 setCount: 342
01-30 13:13:19.492  8495  8517 D SQLiteStress: #0 setCount: 531
01-30 13:13:19.501  8495  8519 D SQLiteStress: #2 setCount: 259
01-30 13:13:19.506  8495  8518 D SQLiteStress: #1 setCount: 343
01-30 13:13:19.508  8495  8526 D SQLiteStress: #9 setCount: 95
01-30 13:13:19.512  8495  8517 D SQLiteStress: #0 setCount: 532
01-30 13:13:19.515  8495  8521 D SQLiteStress: #4 setCount: 173
01-30 13:13:19.517  8495  8520 D SQLiteStress: #3 setCount: 207
01-30 13:13:19.528  8495  8517 D SQLiteStress: #0 setCount: 533
01-30 13:13:19.533  8495  8518 D SQLiteStress: #1 setCount: 344
01-30 13:13:19.540  8495  8519 D SQLiteStress: #2 setCount: 260
01-30 13:13:19.541  8495  8522 D SQLiteStress: #5 setCount: 149
01-30 13:13:19.545  8495  8523 D SQLiteStress: #6 setCount: 130
01-30 13:13:19.547  8495  8517 D SQLiteStress: #0 setCount: 534
01-30 13:13:19.551  8495  8524 D SQLiteStress: #7 setCount: 116
01-30 13:13:19.563  8495  8518 D SQLiteStress: #1 setCount: 345
01-30 13:13:19.565  8495  8525 D SQLiteStress: #8 setCount: 105
01-30 13:13:19.567  8495  8520 D SQLiteStress: #3 setCount: 208
01-30 13:13:19.569  8495  8517 D SQLiteStress: #0 setCount: 535
01-30 13:13:19.572  8495  8521 D SQLiteStress: #4 setCount: 174
01-30 13:13:19.576  8495  8519 D SQLiteStress: #2 setCount: 261
01-30 13:13:19.586  8495  8517 D SQLiteStress: #0 setCount: 536
01-30 13:13:19.590  8495  8518 D SQLiteStress: #1 setCount: 346
01-30 13:13:19.613  8495  8517 D SQLiteStress: #0 setCount: 537
01-30 13:13:19.616  8495  8522 D SQLiteStress: #5 setCount: 150
01-30 13:13:19.618  8495  8519 D SQLiteStress: #2 setCount: 262
01-30 13:13:19.620  8495  8526 D SQLiteStress: #9 setCount: 96
01-30 13:13:19.620  8495  8520 D SQLiteStress: #3 setCount: 209
01-30 13:13:19.621  8495  8518 D SQLiteStress: #1 setCount: 347
01-30 13:13:19.626  8495  8523 D SQLiteStress: #6 setCount: 131
01-30 13:13:19.630  8495  8521 D SQLiteStress: #4 setCount: 175
01-30 13:13:19.631  8495  8517 D SQLiteStress: #0 setCount: 538
01-30 13:13:19.636  8495  8524 D SQLiteStress: #7 setCount: 117
01-30 13:13:19.648  8495  8518 D SQLiteStress: #1 setCount: 348
01-30 13:13:19.649  8495  8517 D SQLiteStress: #0 setCount: 539
01-30 13:13:19.655  8495  8519 D SQLiteStress: #2 setCount: 263
01-30 13:13:19.661  8495  8525 D SQLiteStress: #8 setCount: 106
01-30 13:13:19.666  8495  8517 D SQLiteStress: #0 setCount: 540
01-30 13:13:19.668  8495  8520 D SQLiteStress: #3 setCount: 210
01-30 13:13:19.674  8495  8518 D SQLiteStress: #1 setCount: 349
01-30 13:13:19.682  8495  8517 D SQLiteStress: #0 setCount: 541
01-30 13:13:19.682  8495  8522 D SQLiteStress: #5 setCount: 151
01-30 13:13:19.682  8495  8517 D SQLiteStress: #0 setCount: 541

### Data loss detected: error=-1.
Thread: 0
Last  : 541
Expect: 542
Get   : 541
01-30 13:13:19.687  8495  8521 D SQLiteStress: #4 setCount: 176
01-30 13:13:19.691  8495  8519 D SQLiteStress: #2 setCount: 264
01-30 13:13:19.702  8495  8517 D SQLiteStress: #0 setCount: 542
01-30 13:13:19.703  8495  8518 D SQLiteStress: #1 setCount: 350
01-30 13:13:19.705  8495  8523 D SQLiteStress: #6 setCount: 132
01-30 13:13:19.714  8495  8520 D SQLiteStress: #3 setCount: 211
01-30 13:13:19.718  8495  8517 D SQLiteStress: #0 setCount: 543
01-30 13:13:19.723  8495  8524 D SQLiteStress: #7 setCount: 118
01-30 13:13:19.731  8495  8526 D SQLiteStress: #9 setCount: 97
01-30 13:13:19.731  8495  8519 D SQLiteStress: #2 setCount: 265
01-30 13:13:19.734  8495  8518 D SQLiteStress: #1 setCount: 351
01-30 13:13:19.737  8495  8517 D SQLiteStress: #0 setCount: 544
01-30 13:13:19.743  8495  8521 D SQLiteStress: #4 setCount: 177
01-30 13:13:19.748  8495  8522 D SQLiteStress: #5 setCount: 152
01-30 13:13:19.752  8495  8517 D SQLiteStress: #0 setCount: 545
01-30 13:13:19.757  8495  8525 D SQLiteStress: #8 setCount: 107
01-30 13:13:19.761  8495  8520 D SQLiteStress: #3 setCount: 212
01-30 13:13:19.762  8495  8518 D SQLiteStress: #1 setCount: 352
01-30 13:13:19.769  8495  8519 D SQLiteStress: #2 setCount: 266
01-30 13:13:19.769  8495  8517 D SQLiteStress: #0 setCount: 546
01-30 13:13:19.781  8495  8523 D SQLiteStress: #6 setCount: 133
01-30 13:13:19.785  8495  8517 D SQLiteStress: #0 setCount: 547
01-30 13:13:19.788  8495  8518 D SQLiteStress: #1 setCount: 353
01-30 13:13:19.802  8495  8521 D SQLiteStress: #4 setCount: 178
01-30 13:13:19.805  8495  8517 D SQLiteStress: #0 setCount: 548
01-30 13:13:19.808  8495  8520 D SQLiteStress: #3 setCount: 213
01-30 13:13:19.809  8495  8519 D SQLiteStress: #2 setCount: 267
01-30 13:13:19.813  8495  8524 D SQLiteStress: #7 setCount: 119
01-30 13:13:19.817  8495  8518 D SQLiteStress: #1 setCount: 354
01-30 13:13:19.818  8495  8522 D SQLiteStress: #5 setCount: 153
01-30 13:13:19.821  8495  8517 D SQLiteStress: #0 setCount: 549
01-30 13:13:19.838  8495  8526 D SQLiteStress: #9 setCount: 98
01-30 13:13:19.838  8495  8517 D SQLiteStress: #0 setCount: 550
01-30 13:13:19.838  8495  8526 D SQLiteStress: #9 setCount: 98

### Data loss detected: error=-1.
Thread: 9
Last  : 98
Expect: 99
Get   : 98
01-30 13:13:19.845  8495  8518 D SQLiteStress: #1 setCount: 355
01-30 13:13:19.847  8495  8519 D SQLiteStress: #2 setCount: 268
01-30 13:13:19.859  8495  8525 D SQLiteStress: #8 setCount: 108
01-30 13:13:19.859  8495  8517 D SQLiteStress: #0 setCount: 551
01-30 13:13:19.861  8495  8520 D SQLiteStress: #3 setCount: 214
01-30 13:13:19.862  8495  8523 D SQLiteStress: #6 setCount: 134
01-30 13:13:19.862  8495  8521 D SQLiteStress: #4 setCount: 179
01-30 13:13:19.871  8495  8518 D SQLiteStress: #1 setCount: 356
01-30 13:13:19.874  8495  8517 D SQLiteStress: #0 setCount: 552
01-30 13:13:19.884  8495  8522 D SQLiteStress: #5 setCount: 154
01-30 13:13:19.885  8495  8519 D SQLiteStress: #2 setCount: 269
01-30 13:13:19.890  8495  8517 D SQLiteStress: #0 setCount: 553
01-30 13:13:19.897  8495  8518 D SQLiteStress: #1 setCount: 357
01-30 13:13:19.900  8495  8524 D SQLiteStress: #7 setCount: 120
01-30 13:13:19.907  8495  8517 D SQLiteStress: #0 setCount: 554
01-30 13:13:19.909  8495  8520 D SQLiteStress: #3 setCount: 215
01-30 13:13:19.922  8495  8521 D SQLiteStress: #4 setCount: 180
01-30 13:13:19.926  8495  8519 D SQLiteStress: #2 setCount: 270
01-30 13:13:19.928  8495  8517 D SQLiteStress: #0 setCount: 555
01-30 13:13:19.929  8495  8518 D SQLiteStress: #1 setCount: 358
01-30 13:13:19.938  8495  8523 D SQLiteStress: #6 setCount: 135
01-30 13:13:19.944  8495  8526 D SQLiteStress: #9 setCount: 99
01-30 13:13:19.953  8495  8517 D SQLiteStress: #0 setCount: 556
01-30 13:13:19.961  8495  8518 D SQLiteStress: #1 setCount: 359
01-30 13:13:19.961  8495  8522 D SQLiteStress: #5 setCount: 155
01-30 13:13:19.962  8495  8525 D SQLiteStress: #8 setCount: 109
01-30 13:13:19.964  8495  8520 D SQLiteStress: #3 setCount: 216
01-30 13:13:19.966  8495  8519 D SQLiteStress: #2 setCount: 271
01-30 13:13:19.970  8495  8517 D SQLiteStress: #0 setCount: 557
01-30 13:13:19.978  8495  8521 D SQLiteStress: #4 setCount: 181
01-30 13:13:19.988  8495  8524 D SQLiteStress: #7 setCount: 121
01-30 13:13:19.988  8495  8517 D SQLiteStress: #0 setCount: 558
01-30 13:13:19.990  8495  8518 D SQLiteStress: #1 setCount: 360
01-30 13:13:20.004  8495  8519 D SQLiteStress: #2 setCount: 272
01-30 13:13:20.006  8495  8517 D SQLiteStress: #0 setCount: 559
01-30 13:13:20.010  8495  8520 D SQLiteStress: #3 setCount: 217
01-30 13:13:20.016  8495  8523 D SQLiteStress: #6 setCount: 136
01-30 13:13:20.018  8495  8518 D SQLiteStress: #1 setCount: 361
01-30 13:13:20.022  8495  8517 D SQLiteStress: #0 setCount: 560
01-30 13:13:20.027  8495  8522 D SQLiteStress: #5 setCount: 156
01-30 13:13:20.034  8495  8521 D SQLiteStress: #4 setCount: 182
01-30 13:13:20.041  8495  8517 D SQLiteStress: #0 setCount: 561
01-30 13:13:20.043  8495  8519 D SQLiteStress: #2 setCount: 273
01-30 13:13:20.046  8495  8518 D SQLiteStress: #1 setCount: 362
01-30 13:13:20.050  8495  8526 D SQLiteStress: #9 setCount: 100
01-30 13:13:20.059  8495  8520 D SQLiteStress: #3 setCount: 218
01-30 13:13:20.061  8495  8525 D SQLiteStress: #8 setCount: 110
01-30 13:13:20.061  8495  8517 D SQLiteStress: #0 setCount: 562
01-30 13:13:20.076  8495  8518 D SQLiteStress: #1 setCount: 363
01-30 13:13:20.078  8495  8524 D SQLiteStress: #7 setCount: 122
01-30 13:13:20.080  8495  8517 D SQLiteStress: #0 setCount: 563
01-30 13:13:20.082  8495  8519 D SQLiteStress: #2 setCount: 274
01-30 13:13:20.091  8495  8521 D SQLiteStress: #4 setCount: 183
01-30 13:13:20.096  8495  8523 D SQLiteStress: #6 setCount: 137
01-30 13:13:20.098  8495  8522 D SQLiteStress: #5 setCount: 157
01-30 13:13:20.100  8495  8517 D SQLiteStress: #0 setCount: 564
01-30 13:13:20.104  8495  8518 D SQLiteStress: #1 setCount: 364
01-30 13:13:20.106  8495  8520 D SQLiteStress: #3 setCount: 219
01-30 13:13:20.117  8495  8519 D SQLiteStress: #2 setCount: 275
01-30 13:13:20.117  8495  8517 D SQLiteStress: #0 setCount: 565
01-30 13:13:20.130  8495  8518 D SQLiteStress: #1 setCount: 365
01-30 13:13:20.134  8495  8517 D SQLiteStress: #0 setCount: 566
01-30 13:13:20.149  8495  8521 D SQLiteStress: #4 setCount: 184
01-30 13:13:20.155  8495  8517 D SQLiteStress: #0 setCount: 567
01-30 13:13:20.157  8495  8520 D SQLiteStress: #3 setCount: 220
01-30 13:13:20.160  8495  8519 D SQLiteStress: #2 setCount: 276
01-30 13:13:20.162  8495  8518 D SQLiteStress: #1 setCount: 366
01-30 13:13:20.162  8495  8525 D SQLiteStress: #8 setCount: 111
01-30 13:13:20.162  8495  8518 D SQLiteStress: #1 setCount: 366

### Data loss detected: error=-1.
Thread: 1
Last  : 366
Expect: 367
Get   : 366
01-30 13:13:20.165  8495  8526 D SQLiteStress: #9 setCount: 101
01-30 13:13:20.167  8495  8524 D SQLiteStress: #7 setCount: 123
01-30 13:13:20.169  8495  8522 D SQLiteStress: #5 setCount: 158
01-30 13:13:20.172  8495  8523 D SQLiteStress: #6 setCount: 138
01-30 13:13:20.172  8495  8517 D SQLiteStress: #0 setCount: 568
01-30 13:13:20.189  8495  8518 D SQLiteStress: #1 setCount: 367
01-30 13:13:20.190  8495  8517 D SQLiteStress: #0 setCount: 569
01-30 13:13:20.196  8495  8519 D SQLiteStress: #2 setCount: 277
01-30 13:13:20.207  8495  8520 D SQLiteStress: #3 setCount: 221
01-30 13:13:20.207  8495  8521 D SQLiteStress: #4 setCount: 185
01-30 13:13:20.209  8495  8517 D SQLiteStress: #0 setCount: 570
01-30 13:13:20.216  8495  8518 D SQLiteStress: #1 setCount: 368
01-30 13:13:20.225  8495  8517 D SQLiteStress: #0 setCount: 571
01-30 13:13:20.234  8495  8519 D SQLiteStress: #2 setCount: 278
01-30 13:13:20.237  8495  8522 D SQLiteStress: #5 setCount: 159
01-30 13:13:20.244  8495  8517 D SQLiteStress: #0 setCount: 572
01-30 13:13:20.246  8495  8518 D SQLiteStress: #1 setCount: 369
01-30 13:13:20.253  8495  8523 D SQLiteStress: #6 setCount: 139
01-30 13:13:20.257  8495  8524 D SQLiteStress: #7 setCount: 124
01-30 13:13:20.260  8495  8520 D SQLiteStress: #3 setCount: 222
01-30 13:13:20.263  8495  8525 D SQLiteStress: #8 setCount: 112
01-30 13:13:20.265  8495  8517 D SQLiteStress: #0 setCount: 573
01-30 13:13:20.269  8495  8521 D SQLiteStress: #4 setCount: 186
01-30 13:13:20.273  8495  8519 D SQLiteStress: #2 setCount: 279
01-30 13:13:20.275  8495  8518 D SQLiteStress: #1 setCount: 370
01-30 13:13:20.281  8495  8517 D SQLiteStress: #0 setCount: 574
01-30 13:13:20.297  8495  8517 D SQLiteStress: #0 setCount: 575
01-30 13:13:20.303  8495  8522 D SQLiteStress: #5 setCount: 160
01-30 13:13:20.304  8495  8518 D SQLiteStress: #1 setCount: 371
01-30 13:13:20.308  8495  8520 D SQLiteStress: #3 setCount: 223
01-30 13:13:20.311  8495  8519 D SQLiteStress: #2 setCount: 280
01-30 13:13:20.315  8495  8517 D SQLiteStress: #0 setCount: 576
01-30 13:13:20.327  8495  8521 D SQLiteStress: #4 setCount: 187
01-30 13:13:20.332  8495  8523 D SQLiteStress: #6 setCount: 140
01-30 13:13:20.334  8495  8517 D SQLiteStress: #0 setCount: 577
01-30 13:13:20.334  8495  8518 D SQLiteStress: #1 setCount: 372
01-30 13:13:20.334  8495  8517 D SQLiteStress: #0 setCount: 577

### Data loss detected: error=-1.
Thread: 0
Last  : 577
Expect: 578
Get   : 577
01-30 13:13:20.344  8495  8524 D SQLiteStress: #7 setCount: 125
01-30 13:13:20.351  8495  8519 D SQLiteStress: #2 setCount: 281
01-30 13:13:20.355  8495  8517 D SQLiteStress: #0 setCount: 578
01-30 13:13:20.358  8495  8520 D SQLiteStress: #3 setCount: 224
01-30 13:13:20.361  8495  8518 D SQLiteStress: #1 setCount: 373
01-30 13:13:20.362  8495  8525 D SQLiteStress: #8 setCount: 113
01-30 13:13:20.371  8495  8522 D SQLiteStress: #5 setCount: 161
01-30 13:13:20.373  8495  8517 D SQLiteStress: #0 setCount: 579
01-30 13:13:20.380  8495  8526 D SQLiteStress: #9 setCount: 103

### Missing logcat detected: error=1.
Thread: 9
Last  : 101
Expect: 102
Get   : 103
01-30 13:13:20.384  8495  8521 D SQLiteStress: #4 setCount: 188
01-30 13:13:20.391  8495  8519 D SQLiteStress: #2 setCount: 282
01-30 13:13:20.392  8495  8518 D SQLiteStress: #1 setCount: 374
01-30 13:13:20.393  8495  8517 D SQLiteStress: #0 setCount: 580
01-30 13:13:20.404  8495  8520 D SQLiteStress: #3 setCount: 225
01-30 13:13:20.409  8495  8523 D SQLiteStress: #6 setCount: 141
01-30 13:13:20.411  8495  8517 D SQLiteStress: #0 setCount: 581
01-30 13:13:20.418  8495  8518 D SQLiteStress: #1 setCount: 375
01-30 13:13:20.427  8495  8517 D SQLiteStress: #0 setCount: 582
01-30 13:13:20.428  8495  8519 D SQLiteStress: #2 setCount: 283
01-30 13:13:20.431  8495  8524 D SQLiteStress: #7 setCount: 126
01-30 13:13:20.437  8495  8522 D SQLiteStress: #5 setCount: 162
01-30 13:13:20.442  8495  8521 D SQLiteStress: #4 setCount: 189
01-30 13:13:20.444  8495  8517 D SQLiteStress: #0 setCount: 583
01-30 13:13:20.447  8495  8518 D SQLiteStress: #1 setCount: 376
01-30 13:13:20.450  8495  8520 D SQLiteStress: #3 setCount: 226
01-30 13:13:20.463  8495  8525 D SQLiteStress: #8 setCount: 114
01-30 13:13:20.464  8495  8517 D SQLiteStress: #0 setCount: 584
01-30 13:13:20.467  8495  8519 D SQLiteStress: #2 setCount: 284
01-30 13:13:20.473  8495  8518 D SQLiteStress: #1 setCount: 377
01-30 13:13:20.480  8495  8517 D SQLiteStress: #0 setCount: 585
01-30 13:13:20.487  8495  8523 D SQLiteStress: #6 setCount: 142
01-30 13:13:20.489  8495  8526 D SQLiteStress: #9 setCount: 104
01-30 13:13:20.502  8495  8520 D SQLiteStress: #3 setCount: 227
01-30 13:13:20.502  8495  8517 D SQLiteStress: #0 setCount: 586
01-30 13:13:20.504  8495  8518 D SQLiteStress: #1 setCount: 378
01-30 13:13:20.506  8495  8521 D SQLiteStress: #4 setCount: 190
01-30 13:13:20.508  8495  8522 D SQLiteStress: #5 setCount: 163
01-30 13:13:20.508  8495  8519 D SQLiteStress: #2 setCount: 285
01-30 13:13:20.518  8495  8524 D SQLiteStress: #7 setCount: 127
01-30 13:13:20.520  8495  8517 D SQLiteStress: #0 setCount: 587
01-30 13:13:20.530  8495  8518 D SQLiteStress: #1 setCount: 379
01-30 13:13:20.535  8495  8517 D SQLiteStress: #0 setCount: 588
01-30 13:13:20.545  8495  8519 D SQLiteStress: #2 setCount: 286
01-30 13:13:20.591  8495  8520 D SQLiteStress: #3 setCount: 228
01-30 13:13:20.597  8495  8517 D SQLiteStress: #0 setCount: 589
01-30 13:13:20.601  8495  8525 D SQLiteStress: #8 setCount: 115
01-30 13:13:20.603  8495  8521 D SQLiteStress: #4 setCount: 191
01-30 13:13:20.604  8495  8519 D SQLiteStress: #2 setCount: 287
01-30 13:13:20.605  8495  8522 D SQLiteStress: #5 setCount: 164
01-30 13:13:20.605  8495  8526 D SQLiteStress: #9 setCount: 105
01-30 13:13:20.605  8495  8523 D SQLiteStress: #6 setCount: 143
01-30 13:13:20.606  8495  8518 D SQLiteStress: #1 setCount: 380
01-30 13:13:20.609  8495  8524 D SQLiteStress: #7 setCount: 128
01-30 13:13:20.621  8495  8517 D SQLiteStress: #0 setCount: 590
01-30 13:13:20.637  8495  8518 D SQLiteStress: #1 setCount: 381
01-30 13:13:20.643  8495  8520 D SQLiteStress: #3 setCount: 229
01-30 13:13:20.645  8495  8519 D SQLiteStress: #2 setCount: 288
01-30 13:13:20.645  8495  8517 D SQLiteStress: #0 setCount: 591
01-30 13:13:20.666  8495  8521 D SQLiteStress: #4 setCount: 192
01-30 13:13:20.668  8495  8517 D SQLiteStress: #0 setCount: 592
01-30 13:13:20.671  8495  8518 D SQLiteStress: #1 setCount: 382
01-30 13:13:20.675  8495  8522 D SQLiteStress: #5 setCount: 165
01-30 13:13:20.687  8495  8519 D SQLiteStress: #2 setCount: 289
01-30 13:13:20.689  8495  8523 D SQLiteStress: #6 setCount: 144
01-30 13:13:20.698  8495  8520 D SQLiteStress: #3 setCount: 230
01-30 13:13:20.698  8495  8517 D SQLiteStress: #0 setCount: 593
01-30 13:13:20.701  8495  8524 D SQLiteStress: #7 setCount: 129
01-30 13:13:20.704  8495  8518 D SQLiteStress: #1 setCount: 383
01-30 13:13:20.705  8495  8525 D SQLiteStress: #8 setCount: 116
01-30 13:13:20.715  8495  8526 D SQLiteStress: #9 setCount: 106
01-30 13:13:20.716  8495  8517 D SQLiteStress: #0 setCount: 594
01-30 13:13:20.724  8495  8521 D SQLiteStress: #4 setCount: 193
01-30 13:13:20.726  8495  8519 D SQLiteStress: #2 setCount: 290
01-30 13:13:20.732  8495  8517 D SQLiteStress: #0 setCount: 595
01-30 13:13:20.733  8495  8518 D SQLiteStress: #1 setCount: 384
01-30 13:13:20.744  8495  8522 D SQLiteStress: #5 setCount: 166
01-30 13:13:20.746  8495  8520 D SQLiteStress: #3 setCount: 231
01-30 13:13:20.749  8495  8517 D SQLiteStress: #0 setCount: 596
01-30 13:13:20.759  8495  8518 D SQLiteStress: #1 setCount: 385
01-30 13:13:20.766  8495  8519 D SQLiteStress: #2 setCount: 291
01-30 13:13:20.768  8495  8523 D SQLiteStress: #6 setCount: 145
01-30 13:13:20.768  8495  8517 D SQLiteStress: #0 setCount: 597
01-30 13:13:20.780  8495  8521 D SQLiteStress: #4 setCount: 194
01-30 13:13:20.786  8495  8517 D SQLiteStress: #0 setCount: 598
01-30 13:13:20.787  8495  8518 D SQLiteStress: #1 setCount: 386
01-30 13:13:20.796  8495  8524 D SQLiteStress: #7 setCount: 130
01-30 13:13:20.801  8495  8520 D SQLiteStress: #3 setCount: 232
01-30 13:13:20.805  8495  8519 D SQLiteStress: #2 setCount: 292
01-30 13:13:20.805  8495  8525 D SQLiteStress: #8 setCount: 117
01-30 13:13:20.807  8495  8517 D SQLiteStress: #0 setCount: 599
01-30 13:13:20.811  8495  8522 D SQLiteStress: #5 setCount: 167
01-30 13:13:20.814  8495  8518 D SQLiteStress: #1 setCount: 387
01-30 13:13:20.823  8495  8526 D SQLiteStress: #9 setCount: 107
01-30 13:13:20.824  8495  8517 D SQLiteStress: #0 setCount: 600
01-30 13:13:20.836  8495  8521 D SQLiteStress: #4 setCount: 195
01-30 13:13:20.841  8495  8518 D SQLiteStress: #1 setCount: 388
01-30 13:13:20.842  8495  8519 D SQLiteStress: #2 setCount: 293
01-30 13:13:20.842  8495  8517 D SQLiteStress: #0 setCount: 601
01-30 13:13:20.846  8495  8523 D SQLiteStress: #6 setCount: 146
01-30 13:13:20.849  8495  8520 D SQLiteStress: #3 setCount: 233
01-30 13:13:20.858  8495  8517 D SQLiteStress: #0 setCount: 602
01-30 13:13:20.867  8495  8518 D SQLiteStress: #1 setCount: 389
01-30 13:13:20.880  8495  8517 D SQLiteStress: #0 setCount: 603
01-30 13:13:20.883  8495  8522 D SQLiteStress: #5 setCount: 168
01-30 13:13:20.885  8495  8519 D SQLiteStress: #2 setCount: 294
01-30 13:13:20.888  8495  8524 D SQLiteStress: #7 setCount: 131
01-30 13:13:20.895  8495  8521 D SQLiteStress: #4 setCount: 196
01-30 13:13:20.898  8495  8518 D SQLiteStress: #1 setCount: 390
01-30 13:13:20.899  8495  8520 D SQLiteStress: #3 setCount: 234
01-30 13:13:20.901  8495  8517 D SQLiteStress: #0 setCount: 604
01-30 13:13:20.903  8495  8525 D SQLiteStress: #8 setCount: 118
01-30 13:13:20.917  8495  8517 D SQLiteStress: #0 setCount: 605
01-30 13:13:20.923  8495  8523 D SQLiteStress: #6 setCount: 147
01-30 13:13:20.923  8495  8519 D SQLiteStress: #2 setCount: 295
01-30 13:13:20.926  8495  8518 D SQLiteStress: #1 setCount: 391
01-30 13:13:20.930  8495  8526 D SQLiteStress: #9 setCount: 108
01-30 13:13:20.934  8495  8517 D SQLiteStress: #0 setCount: 606
01-30 13:13:20.945  8495  8520 D SQLiteStress: #3 setCount: 235
01-30 13:13:20.953  8495  8522 D SQLiteStress: #5 setCount: 169
01-30 13:13:20.956  8495  8517 D SQLiteStress: #0 setCount: 607
01-30 13:13:20.959  8495  8518 D SQLiteStress: #1 setCount: 392
01-30 13:13:20.959  8495  8521 D SQLiteStress: #4 setCount: 197
01-30 13:13:20.959  8495  8518 D SQLiteStress: #1 setCount: 392

### Data loss detected: error=-1.
Thread: 1
Last  : 392
Expect: 393
Get   : 392
01-30 13:13:20.962  8495  8519 D SQLiteStress: #2 setCount: 296
01-30 13:13:20.974  8495  8517 D SQLiteStress: #0 setCount: 608
01-30 13:13:20.976  8495  8524 D SQLiteStress: #7 setCount: 132
01-30 13:13:20.986  8495  8518 D SQLiteStress: #1 setCount: 393
01-30 13:13:20.993  8495  8517 D SQLiteStress: #0 setCount: 609
01-30 13:13:20.995  8495  8520 D SQLiteStress: #3 setCount: 236
01-30 13:13:21.002  8495  8519 D SQLiteStress: #2 setCount: 297
01-30 13:13:21.002  8495  8525 D SQLiteStress: #8 setCount: 119
01-30 13:13:21.003  8495  8523 D SQLiteStress: #6 setCount: 148
01-30 13:13:21.009  8495  8517 D SQLiteStress: #0 setCount: 610
01-30 13:13:21.013  8495  8518 D SQLiteStress: #1 setCount: 394
01-30 13:13:21.017  8495  8521 D SQLiteStress: #4 setCount: 198
01-30 13:13:21.021  8495  8522 D SQLiteStress: #5 setCount: 170
01-30 13:13:21.025  8495  8517 D SQLiteStress: #0 setCount: 611
01-30 13:13:21.039  8495  8526 D SQLiteStress: #9 setCount: 109
01-30 13:13:21.042  8495  8519 D SQLiteStress: #2 setCount: 298
01-30 13:13:21.044  8495  8518 D SQLiteStress: #1 setCount: 395
01-30 13:13:21.047  8495  8520 D SQLiteStress: #3 setCount: 237
01-30 13:13:21.047  8495  8517 D SQLiteStress: #0 setCount: 612
01-30 13:13:21.047  8495  8520 D SQLiteStress: #3 setCount: 237

### Data loss detected: error=-1.
Thread: 3
Last  : 237
Expect: 238
Get   : 237
01-30 13:13:21.064  8495  8524 D SQLiteStress: #7 setCount: 133
01-30 13:13:21.064  8495  8517 D SQLiteStress: #0 setCount: 613
01-30 13:13:21.074  8495  8518 D SQLiteStress: #1 setCount: 396
01-30 13:13:21.077  8495  8521 D SQLiteStress: #4 setCount: 199
01-30 13:13:21.083  8495  8523 D SQLiteStress: #6 setCount: 149
01-30 13:13:21.083  8495  8519 D SQLiteStress: #2 setCount: 299
01-30 13:13:21.085  8495  8517 D SQLiteStress: #0 setCount: 614
01-30 13:13:21.088  8495  8522 D SQLiteStress: #5 setCount: 171
01-30 13:13:21.094  8495  8520 D SQLiteStress: #3 setCount: 238
01-30 13:13:21.102  8495  8525 D SQLiteStress: #8 setCount: 120
01-30 13:13:21.104  8495  8518 D SQLiteStress: #1 setCount: 397
01-30 13:13:21.104  8495  8517 D SQLiteStress: #0 setCount: 615
01-30 13:13:21.104  8495  8518 D SQLiteStress: #1 setCount: 397

### Data loss detected: error=-1.
Thread: 1
Last  : 397
Expect: 398
Get   : 397
01-30 13:13:21.121  8495  8519 D SQLiteStress: #2 setCount: 300
01-30 13:13:21.122  8495  8517 D SQLiteStress: #0 setCount: 616
01-30 13:13:21.131  8495  8518 D SQLiteStress: #1 setCount: 398
01-30 13:13:21.135  8495  8521 D SQLiteStress: #4 setCount: 200
01-30 13:13:21.140  8495  8520 D SQLiteStress: #3 setCount: 239
01-30 13:13:21.140  8495  8517 D SQLiteStress: #0 setCount: 617
01-30 13:13:21.145  8495  8526 D SQLiteStress: #9 setCount: 110
01-30 13:13:21.150  8495  8524 D SQLiteStress: #7 setCount: 134
01-30 13:13:21.159  8495  8522 D SQLiteStress: #5 setCount: 172
01-30 13:13:21.162  8495  8518 D SQLiteStress: #1 setCount: 399
01-30 13:13:21.163  8495  8517 D SQLiteStress: #0 setCount: 618
01-30 13:13:21.163  8495  8523 D SQLiteStress: #6 setCount: 150
01-30 13:13:21.163  8495  8519 D SQLiteStress: #2 setCount: 301
01-30 13:13:21.163  8495  8523 D SQLiteStress: #6 setCount: 150

### Data loss detected: error=-1.
Thread: 6
Last  : 150
Expect: 151
Get   : 150
01-30 13:13:21.179  8495  8517 D SQLiteStress: #0 setCount: 619
01-30 13:13:21.189  8495  8520 D SQLiteStress: #3 setCount: 240
01-30 13:13:21.191  8495  8518 D SQLiteStress: #1 setCount: 400
01-30 13:13:21.198  8495  8521 D SQLiteStress: #4 setCount: 201
01-30 13:13:21.202  8495  8517 D SQLiteStress: #0 setCount: 620
01-30 13:13:21.204  8495  8525 D SQLiteStress: #8 setCount: 121
01-30 13:13:21.205  8495  8519 D SQLiteStress: #2 setCount: 302
01-30 13:13:21.220  8495  8518 D SQLiteStress: #1 setCount: 401
01-30 13:13:21.221  8495  8517 D SQLiteStress: #0 setCount: 621
01-30 13:13:21.227  8495  8522 D SQLiteStress: #5 setCount: 173

### Ctrl-C detected.
Close logfile.
